0.213001, 0.217001, 51.9906006, 4.3767819
0.234002, 0.226001, 51.9906006, 4.3767819
0.823000, 0.226001, 51.9906006, 4.3767815
0.226001, 0.234002, 51.9905968, 4.3767815
0.224002, 0.823000, 51.9905968, 4.3767819
0.863002, 0.226001, 51.9905968, 4.3767819
1.264002, 0.242999, 51.9905968, 4.3767819
0.216999, 0.679999, 51.9905968, 4.3767824
0.242999, 0.679999, 51.9905968, 4.3767824
0.679999, 0.242999, 51.9905968, 4.3767834
0.925002, 0.242999, 51.9905968, 4.3767834
0.236001, 0.237001, 51.9905968, 4.3767838
0.237001, 0.236001, 51.9905968, 4.3767848
0.233000, 0.233000, 51.9905968, 4.3767853
0.230000, 0.233000, 51.9905968, 4.3767862
0.218999, 0.233000, 51.9905968, 4.3767867
0.239001, 0.230000, 51.9905968, 4.3767872
0.235000, 0.228000, 51.9905968, 4.3767881
0.213000, 0.228000, 51.9905968, 4.3767886
0.228000, 0.228000, 51.9906006, 4.3767905
0.221999, 0.221999, 51.9906006, 4.3767910
0.568001, 0.221999, 51.9906006, 4.3767924
0.209998, 0.221999, 51.9906006, 4.3767934
0.221000, 0.227999, 51.9906006, 4.3767943
0.227999, 0.227999, 51.9906006, 4.3767958
2.066001, 1.773999, 51.9906044, 4.3767967
2.055000, 1.773999, 51.9906044, 4.3767977
1.773999, 2.055000, 51.9906044, 4.3767986
1.190001, 1.773999, 51.9906044, 4.3768001
2.133999, 1.190001, 51.9906044, 4.3768010
0.223002, 0.223002, 51.9906044, 4.3768029
0.218000, 0.218000, 51.9906082, 4.3768039
0.211999, 0.218000, 51.9906082, 4.3768058
0.209001, 0.211999, 51.9906082, 4.3768063
0.222999, 0.211999, 51.9906082, 4.3768077
0.209002, 0.216000, 51.9906082, 4.3768086
0.223001, 0.222999, 51.9906120, 4.3768106
0.216000, 0.221998, 51.9906120, 4.3768115
1.430999, 0.222999, 51.9906120, 4.3768129
0.221998, 0.222999, 51.9906120, 4.3768139
0.222999, 0.226001, 51.9906120, 4.3768158
1.989000, 0.222999, 51.9906120, 4.3768163
0.226001, 0.222999, 51.9906158, 4.3768182
0.212998, 0.226001, 51.9906158, 4.3768187
0.217999, 0.217999, 51.9906158, 4.3768206
0.838998, 0.217998, 51.9906158, 4.3768215
0.217998, 0.217999, 51.9906158, 4.3768229
0.198002, 0.218002, 51.9906158, 4.3768239
0.218002, 0.218002, 51.9906158, 4.3768253
0.219001, 0.219001, 51.9906158, 4.3768268
0.222999, 0.219001, 51.9906158, 4.3768282
0.219001, 0.222999, 51.9906158, 4.3768287
1.772000, 0.222999, 51.9906158, 4.3768301
2.059000, 0.219001, 51.9906158, 4.3768311
0.209000, 0.225002, 51.9906158, 4.3768320
0.211000, 0.221999, 51.9906197, 4.3768330
0.225002, 0.214002, 51.9906197, 4.3768349
0.221999, 0.221999, 51.9906197, 4.3768353
0.214002, 0.221999, 51.9906197, 4.3768368
1.225000, 0.218001, 51.9906197, 4.3768377
0.218001, 0.214002, 51.9906197, 4.3768382
0.211999, 0.218001, 51.9906197, 4.3768392
0.214001, 0.218001, 51.9906197, 4.3768401
0.227001, 0.225001, 51.9906235, 4.3768406
0.246000, 0.227001, 51.9906235, 4.3768415
0.225001, 0.227001, 51.9906235, 4.3768425
0.229999, 0.225998, 51.9906235, 4.3768430
0.207000, 0.225001, 51.9906235, 4.3768439
0.225998, 0.225998, 51.9906235, 4.3768449
0.225000, 0.225998, 51.9906235, 4.3768454
0.226999, 0.226999, 51.9906235, 4.3768458
0.243002, 0.235002, 51.9906235, 4.3768458
0.235002, 0.235002, 51.9906235, 4.3768463
1.143001, 0.235002, 51.9906235, 4.3768473
0.205002, 0.228001, 51.9906235, 4.3768473
0.216001, 0.216001, 51.9906235, 4.3768477
0.228001, 0.215999, 51.9906235, 4.3768482
0.215999, 0.215999, 51.9906235, 4.3768482
0.201999, 0.215999, 51.9906273, 4.3768482
0.215001, 0.215001, 51.9906273, 4.3768487
0.572001, 0.215000, 51.9906273, 4.3768487
0.214001, 0.215000, 51.9906273, 4.3768487
0.215000, 0.215000, 51.9906273, 4.3768487
0.199999, 0.214001, 51.9906273, 4.3768487
0.223002, 0.214001, 51.9906273, 4.3768487
0.214001, 0.214001, 51.9906273, 4.3768487
0.214001, 0.214001, 51.9906273, 4.3768487
0.210001, 0.214001, 51.9906273, 4.3768487
0.224001, 0.224001, 51.9906273, 4.3768487
0.226999, 0.224001, 51.9906273, 4.3768482
0.753002, 0.224001, 51.9906273, 4.3768482
0.211999, 0.220000, 51.9906273, 4.3768482
0.220000, 0.211999, 51.9906273, 4.3768482
0.177998, 0.199000, 51.9906273, 4.3768477
0.199000, 0.192998, 51.9906273, 4.3768473
0.186999, 0.192998, 51.9906273, 4.3768473
0.192998, 0.199000, 51.9906273, 4.3768468
0.204001, 0.204001, 51.9906273, 4.3768463
0.204998, 0.204998, 51.9906273, 4.3768463
0.207998, 0.207998, 51.9906273, 4.3768463
1.641001, 0.207998, 51.9906273, 4.3768458
1.266000, 0.222000, 51.9906273, 4.3768458
0.199002, 0.222000, 51.9906273, 4.3768458
0.222000, 0.216999, 51.9906273, 4.3768454
0.213002, 0.216999, 51.9906273, 4.3768449
0.216999, 0.216999, 51.9906273, 4.3768449
0.225001, 0.216999, 51.9906273, 4.3768449
0.215002, 0.216999, 51.9906273, 4.3768444
0.217999, 0.215002, 51.9906273, 4.3768439
0.212999, 0.213999, 51.9906273, 4.3768439
0.213999, 0.213999, 51.9906273, 4.3768435
0.209000, 0.212999, 51.9906273, 4.3768430
1.716000, 0.213999, 51.9906273, 4.3768430
0.200001, 0.210001, 51.9906273, 4.3768430
1.341999, 0.213002, 51.9906273, 4.3768425
0.210001, 0.210001, 51.9906273, 4.3768415
0.213002, 0.210001, 51.9906273, 4.3768406
0.207999, 0.210001, 51.9906273, 4.3768406
0.202001, 0.208000, 51.9906273, 4.3768401
1.515002, 0.208000, 51.9906235, 4.3768392
0.208000, 0.209999, 51.9906235, 4.3768382
0.210001, 0.210001, 51.9906235, 4.3768377
0.209999, 0.209999, 51.9906235, 4.3768368
0.212000, 0.210001, 51.9906235, 4.3768358
0.203001, 0.210002, 51.9906235, 4.3768344
0.212001, 0.212000, 51.9906235, 4.3768334
0.210002, 0.212001, 51.9906235, 4.3768330
1.190001, 0.216001, 51.9906235, 4.3768320
0.216001, 0.216001, 51.9906197, 4.3768306
1.903001, 1.190001, 51.9906197, 4.3768296
0.207000, 0.216001, 51.9906197, 4.3768287
2.016999, 0.212001, 51.9906197, 4.3768277
0.212001, 0.212001, 51.9906197, 4.3768263
0.200000, 0.212001, 51.9906197, 4.3768253
0.212999, 0.201999, 51.9906197, 4.3768239
0.195000, 0.201999, 51.9906158, 4.3768225
0.201999, 0.207001, 51.9906158, 4.3768210
0.207001, 0.207001, 51.9906158, 4.3768201
0.209999, 0.207001, 51.9906158, 4.3768187
0.652001, 0.209999, 51.9906158, 4.3768177
0.207000, 0.212001, 51.9906158, 4.3768163
1.691998, 0.212001, 51.9906158, 4.3768153
0.212001, 0.207000, 51.9906158, 4.3768139
0.199002, 0.210999, 51.9906158, 4.3768129
0.201999, 0.208999, 51.9906158, 4.3768115
0.210999, 0.208999, 51.9906158, 4.3768101
0.208999, 0.210999, 51.9906158, 4.3768086
1.852000, 0.210999, 51.9906158, 4.3768077
1.033001, 1.033001, 51.9906158, 4.3768063
0.196001, 1.033001, 51.9906120, 4.3768053
1.171998, 0.211001, 51.9906120, 4.3768039
0.210999, 0.211001, 51.9906120, 4.3768034
0.211001, 0.211001, 51.9906120, 4.3768020
0.217000, 0.210999, 51.9906120, 4.3768010
0.209999, 0.211001, 51.9906120, 4.3767996
0.204001, 0.217000, 51.9906120, 4.3767986
0.220999, 0.220999, 51.9906082, 4.3767967
1.620999, 0.220999, 51.9906082, 4.3767958
0.222002, 0.220999, 51.9906082, 4.3767948
0.211001, 0.222002, 51.9906082, 4.3767943
0.201000, 0.211001, 51.9906082, 4.3767929
0.225999, 0.211001, 51.9906082, 4.3767915
0.199998, 0.212000, 51.9906082, 4.3767905
0.222001, 0.222001, 51.9906082, 4.3767896
0.212000, 0.220000, 51.9906044, 4.3767881
0.227000, 0.222001, 51.9906044, 4.3767872
0.220000, 0.220000, 51.9906044, 4.3767862
0.231000, 0.220000, 51.9906044, 4.3767858
0.216001, 0.216001, 51.9906044, 4.3767848
0.214998, 0.216001, 51.9906044, 4.3767838
0.211999, 0.216001, 51.9906044, 4.3767834
0.625000, 0.223998, 51.9906044, 4.3767824
0.223998, 0.223998, 51.9906044, 4.3767815
0.404000, 0.229000, 51.9906044, 4.3767810
0.217001, 0.223998, 51.9906044, 4.3767800
0.229000, 0.217001, 51.9906044, 4.3767791
0.209999, 0.217001, 51.9906006, 4.3767786
0.209999, 0.209999, 51.9906006, 4.3767781
0.225001, 0.209999, 51.9906006, 4.3767772
0.209999, 0.209999, 51.9906006, 4.3767767
0.214002, 0.214002, 51.9906006, 4.3767762
0.207000, 0.214002, 51.9906006, 4.3767762
0.223002, 0.223002, 51.9906006, 4.3767753
0.242000, 0.242000, 51.9906006, 4.3767753
0.406999, 0.242000, 51.9906006, 4.3767743
1.532001, 0.406999, 51.9906006, 4.3767738
0.214002, 0.882000, 51.9906006, 4.3767738
0.882000, 0.882000, 51.9906006, 4.3767734
1.594000, 0.223999, 51.9906006, 4.3767734
0.221002, 0.223999, 51.9906006, 4.3767729
0.223999, 0.223999, 51.9906006, 4.3767729
0.223999, 0.223999, 51.9906006, 4.3767724
0.217000, 0.223999, 51.9906006, 4.3767719
0.224000, 0.223999, 51.9906006, 4.3767719
0.226000, 0.223002, 51.9906006, 4.3767719
0.219001, 0.224000, 51.9906006, 4.3767719
0.223002, 0.226000, 51.9906006, 4.3767719
0.243002, 0.227002, 51.9906006, 4.3767715
0.227002, 0.227002, 51.9906006, 4.3767715
0.233002, 0.227002, 51.9906006, 4.3767715
0.224002, 0.224002, 51.9906006, 4.3767715
0.222002, 0.224002, 51.9906006, 4.3767715
0.224001, 0.224002, 51.9906006, 4.3767715
0.232001, 0.228000, 51.9906044, 4.3767715
0.228000, 0.228000, 51.9906044, 4.3767719
0.252999, 0.228000, 51.9906044, 4.3767719
0.214002, 0.227001, 51.9906044, 4.3767719
0.223001, 0.223001, 51.9906044, 4.3767719
0.227001, 0.223001, 51.9906044, 4.3767724
0.218000, 0.227001, 51.9906044, 4.3767729
1.459999, 0.227001, 51.9906044, 4.3767734
0.233002, 0.222999, 51.9906044, 4.3767738
0.217000, 0.231001, 51.9906044, 4.3767743
0.222999, 0.223000, 51.9906044, 4.3767748
0.231001, 0.223000, 51.9906044, 4.3767757
0.223000, 0.223000, 51.9906044, 4.3767762
0.229998, 0.223000, 51.9906044, 4.3767772
0.203001, 0.212000, 51.9906082, 4.3767781
0.212000, 0.212000, 51.9906082, 4.3767786
0.211000, 0.211000, 51.9906082, 4.3767796
0.215998, 0.211000, 51.9906082, 4.3767810
0.188000, 0.206999, 51.9906082, 4.3767824
0.206999, 0.201000, 51.9906082, 4.3767834
0.193998, 0.201000, 51.9906082, 4.3767838
0.201000, 0.201001, 51.9906120, 4.3767858
0.202998, 0.201001, 51.9906120, 4.3767867
0.201001, 0.202998, 51.9906120, 4.3767881
0.209000, 0.202998, 51.9906120, 4.3767886
0.204999, 0.201998, 51.9906120, 4.3767905
0.201998, 0.201998, 51.9906120, 4.3767910
0.184998, 0.201998, 51.9906120, 4.3767910
0.190999, 0.201998, 51.9906120, 4.3767939
0.209002, 0.203000, 51.9906158, 4.3767953
0.293998, 0.209002, 51.9906158, 4.3767972
0.203000, 0.209002, 51.9906158, 4.3767986
0.211999, 0.203000, 51.9906158, 4.3767991
0.203000, 0.203000, 51.9906158, 4.3768010
0.192000, 0.203000, 51.9906158, 4.3768010
0.201001, 0.201001, 51.9906158, 4.3768039
0.208999, 0.198999, 51.9906158, 4.3768053
0.190001, 0.198999, 51.9906158, 4.3768063
0.198999, 0.198999, 51.9906158, 4.3768077
0.194000, 0.198999, 51.9906158, 4.3768082
0.203000, 0.198999, 51.9906158, 4.3768106
0.203002, 0.203000, 51.9906158, 4.3768115
0.193000, 0.203000, 51.9906158, 4.3768129
1.364998, 0.203002, 51.9906197, 4.3768134
0.202001, 0.202001, 51.9906197, 4.3768148
0.206999, 0.206999, 51.9906197, 4.3768158
0.201001, 0.202998, 51.9906197, 4.3768167
1.601000, 0.202998, 51.9906197, 4.3768182
0.202998, 0.201001, 51.9906197, 4.3768191
0.195000, 0.202998, 51.9906197, 4.3768206
0.195999, 0.202998, 51.9906197, 4.3768215
1.796999, 0.206002, 51.9906197, 4.3768215
0.206002, 0.211002, 51.9906235, 4.3768239
0.707002, 0.220002, 51.9906235, 4.3768249
0.211002, 0.220002, 51.9906235, 4.3768258
0.220002, 0.220002, 51.9906235, 4.3768268
1.572998, 0.211002, 51.9906235, 4.3768277
0.202999, 0.202999, 51.9906235, 4.3768282
0.191000, 0.202999, 51.9906235, 4.3768301
0.193000, 0.198001, 51.9906235, 4.3768306
0.207000, 0.198001, 51.9906273, 4.3768315
0.198001, 0.205001, 51.9906273, 4.3768330
0.205001, 0.207000, 51.9906273, 4.3768330
0.217001, 0.213001, 51.9906273, 4.3768339
0.213001, 0.217001, 51.9906273, 4.3768349
1.896001, 0.217001, 51.9906273, 4.3768353
0.222002, 0.222002, 51.9906273, 4.3768363
0.197999, 0.222002, 51.9906273, 4.3768368
0.223000, 0.222002, 51.9906273, 4.3768377
0.201001, 0.223000, 51.9906273, 4.3768382
0.227999, 0.223000, 51.9906273, 4.3768387
2.005000, 0.220002, 51.9906273, 4.3768392
0.220002, 0.220002, 51.9906273, 4.3768396
0.209000, 0.220000, 51.9906311, 4.3768401
0.201002, 0.209000, 51.9906311, 4.3768406
0.220000, 0.208999, 51.9906311, 4.3768406
0.208000, 0.208000, 51.9906311, 4.3768411
0.208999, 0.208999, 51.9906311, 4.3768415
0.203998, 0.208000, 51.9906311, 4.3768415
1.060001, 0.208999, 51.9906311, 4.3768415
0.194001, 0.213000, 51.9906311, 4.3768420
1.725000, 0.222999, 51.9906311, 4.3768420
0.213000, 0.222999, 51.9906311, 4.3768420
0.222999, 0.222999, 51.9906311, 4.3768420
1.803999, 0.222999, 51.9906311, 4.3768420
0.196998, 0.222999, 51.9906311, 4.3768420
0.270002, 0.196998, 51.9906311, 4.3768420
0.183002, 0.196998, 51.9906311, 4.3768420
0.189001, 0.196001, 51.9906311, 4.3768420
0.205999, 0.196001, 51.9906311, 4.3768420
0.196001, 0.205999, 51.9906311, 4.3768415
0.213000, 0.205999, 51.9906311, 4.3768415
0.206000, 0.196001, 51.9906311, 4.3768415
0.194999, 0.204001, 51.9906311, 4.3768415
0.185002, 0.204001, 51.9906311, 4.3768415
0.204001, 0.194999, 51.9906311, 4.3768411
0.283000, 0.204001, 51.9906311, 4.3768411
0.191999, 0.204002, 51.9906311, 4.3768406
0.288999, 0.283000, 51.9906311, 4.3768406
0.204002, 0.288999, 51.9906311, 4.3768406
0.308000, 0.288999, 51.9906311, 4.3768406
0.293999, 0.204002, 51.9906311, 4.3768406
0.198000, 0.198000, 51.9906349, 4.3768401
0.192999, 0.193002, 51.9906349, 4.3768401
0.190000, 0.193002, 51.9906349, 4.3768396
0.193002, 0.193002, 51.9906349, 4.3768396
1.229999, 0.323000, 51.9906349, 4.3768392
0.323000, 1.229999, 51.9906349, 4.3768392
1.759999, 1.229999, 51.9906349, 4.3768392
1.555001, 1.024999, 51.9906349, 4.3768392
1.024999, 1.555001, 51.9906349, 4.3768387
0.184001, 1.024999, 51.9906349, 4.3768387
1.995002, 0.198999, 51.9906349, 4.3768382
0.184998, 0.198000, 51.9906349, 4.3768382
0.198999, 0.198000, 51.9906349, 4.3768382
0.198000, 0.198000, 51.9906311, 4.3768377
0.191001, 0.198999, 51.9906311, 4.3768377
1.987001, 0.928001, 51.9906311, 4.3768368
0.928001, 1.151001, 51.9906311, 4.3768363
1.151001, 1.165999, 51.9906311, 4.3768358
1.929000, 1.165999, 51.9906311, 4.3768353
1.165999, 1.189999, 51.9906311, 4.3768344
1.189999, 1.207000, 51.9906311, 4.3768339
1.207000, 1.189999, 51.9906311, 4.3768330
1.207999, 1.189999, 51.9906311, 4.3768320
0.510001, 0.510001, 51.9906311, 4.3768311
0.204999, 0.444001, 51.9906311, 4.3768301
0.444001, 0.444001, 51.9906311, 4.3768287
0.429000, 0.444001, 51.9906273, 4.3768282
1.385999, 0.444001, 51.9906273, 4.3768272
1.811001, 0.429000, 51.9906273, 4.3768258
0.196999, 0.196999, 51.9906273, 4.3768249
0.188998, 0.194000, 51.9906273, 4.3768239
0.194000, 0.194000, 51.9906273, 4.3768225
0.192999, 0.194000, 51.9906273, 4.3768210
0.197999, 0.194000, 51.9906235, 4.3768201
1.323001, 0.197999, 51.9906235, 4.3768187
0.182001, 0.197999, 51.9906235, 4.3768177
1.364000, 1.323001, 51.9906235, 4.3768163
0.197002, 0.197002, 51.9906235, 4.3768153
1.378000, 0.202002, 51.9906235, 4.3768139
0.188002, 0.197002, 51.9906235, 4.3768129
0.202002, 0.202002, 51.9906197, 4.3768110
0.195998, 0.195998, 51.9906197, 4.3768101
0.203999, 0.202002, 51.9906197, 4.3768086
0.191999, 0.203999, 51.9906197, 4.3768077
0.432001, 0.203999, 51.9906197, 4.3768072
1.777001, 0.192998, 51.9906197, 4.3768058
0.192998, 0.208002, 51.9906158, 4.3768044
0.187000, 0.199998, 51.9906158, 4.3768034
0.208002, 0.199998, 51.9906158, 4.3768024
0.199998, 0.208001, 51.9906158, 4.3768005
0.208001, 0.208001, 51.9906158, 4.3767991
1.392999, 0.206998, 51.9906158, 4.3767986
0.206998, 0.208001, 51.9906158, 4.3767977
0.206000, 1.249999, 51.9906158, 4.3767958
1.249999, 0.227999, 51.9906158, 4.3767953
1.682001, 0.227999, 51.9906158, 4.3767939
0.227999, 0.227999, 51.9906158, 4.3767929
0.207001, 0.227999, 51.9906158, 4.3767920
0.192999, 0.227999, 51.9906158, 4.3767910
1.591000, 0.215999, 51.9906158, 4.3767900
1.019001, 0.215999, 51.9906158, 4.3767886
0.215999, 0.215999, 51.9906120, 4.3767877
0.202000, 0.215000, 51.9906120, 4.3767862
0.214998, 0.214998, 51.9906120, 4.3767858
0.215000, 0.212999, 51.9906120, 4.3767848
0.212999, 0.212999, 51.9906120, 4.3767834
0.201998, 0.201998, 51.9906120, 4.3767829
0.191001, 0.201998, 51.9906120, 4.3767819
0.200000, 0.200000, 51.9906120, 4.3767810
1.903000, 0.199999, 51.9906120, 4.3767800
0.199999, 0.200000, 51.9906082, 4.3767791
0.189999, 0.965002, 51.9906082, 4.3767786
1.331002, 0.216002, 51.9906082, 4.3767776
0.965002, 0.220002, 51.9906082, 4.3767767
0.216002, 0.965002, 51.9906082, 4.3767762
0.220002, 0.221001, 51.9906082, 4.3767753
0.995001, 0.221001, 51.9906082, 4.3767743
0.221001, 0.221001, 51.9906082, 4.3767738
1.141001, 0.221001, 51.9906082, 4.3767734
0.218001, 0.221001, 51.9906082, 4.3767729
0.215002, 0.868999, 51.9906082, 4.3767719
0.868999, 0.868999, 51.9906082, 4.3767719
1.822999, 1.032000, 51.9906082, 4.3767710
1.473000, 1.032000, 51.9906082, 4.3767710
1.032000, 1.096998, 51.9906082, 4.3767705
0.350001, 1.032000, 51.9906082, 4.3767695
1.096998, 1.032000, 51.9906082, 4.3767695
0.228000, 0.350001, 51.9906044, 4.3767691
1.137998, 0.228000, 51.9906044, 4.3767686
0.210000, 0.225000, 51.9906082, 4.3767686
0.221998, 0.221999, 51.9906082, 4.3767681
0.225000, 0.221998, 51.9906082, 4.3767681
0.221999, 0.221998, 51.9906082, 4.3767681
0.210001, 0.221999, 51.9906082, 4.3767676
0.219000, 0.221999, 51.9906082, 4.3767676
0.223999, 0.223999, 51.9906082, 4.3767672
0.306998, 0.223999, 51.9906082, 4.3767672
2.015001, 0.223999, 51.9906082, 4.3767672
0.218998, 0.218998, 51.9906082, 4.3767672
0.217000, 0.218998, 51.9906082, 4.3767667
0.217001, 0.217001, 51.9906082, 4.3767667
2.017002, 0.217001, 51.9906082, 4.3767667
0.209002, 0.217001, 51.9906082, 4.3767667
0.217001, 0.235000, 51.9906082, 4.3767667
0.235000, 0.228998, 51.9906082, 4.3767667
1.091999, 0.235000, 51.9906082, 4.3767667
0.228998, 0.235000, 51.9906082, 4.3767667
1.665001, 0.339000, 51.9906082, 4.3767672
0.229000, 0.229000, 51.9906082, 4.3767672
0.339000, 0.229000, 51.9906082, 4.3767672
0.225000, 0.229000, 51.9906082, 4.3767676
0.229000, 0.225000, 51.9906082, 4.3767681
0.219001, 0.225000, 51.9906120, 4.3767681
0.214001, 0.219001, 51.9906120, 4.3767686
1.306001, 0.214001, 51.9906120, 4.3767691
0.213001, 0.213001, 51.9906120, 4.3767695
0.205000, 0.213001, 51.9906120, 4.3767705
0.212999, 0.212999, 51.9906120, 4.3767710
1.052999, 0.205000, 51.9906120, 4.3767719
0.190999, 0.202000, 51.9906120, 4.3767719
0.202000, 0.202000, 51.9906120, 4.3767734
0.199999, 0.201000, 51.9906120, 4.3767748
0.990001, 0.201000, 51.9906158, 4.3767757
0.201000, 0.199999, 51.9906158, 4.3767767
0.191999, 0.191999, 51.9906158, 4.3767776
0.188001, 0.191999, 51.9906158, 4.3767786
0.187000, 0.191999, 51.9906158, 4.3767800
0.210999, 0.192000, 51.9906158, 4.3767810
0.209002, 0.196999, 51.9906158, 4.3767824
0.192000, 0.198001, 51.9906158, 4.3767834
0.196999, 0.198001, 51.9906158, 4.3767848
0.198001, 0.196999, 51.9906158, 4.3767862
2.160000, 0.198001, 51.9906158, 4.3767872
0.187998, 0.198001, 51.9906158, 4.3767886
1.635001, 0.189001, 51.9906158, 4.3767905
0.180999, 0.189001, 51.9906158, 4.3767915
0.189001, 0.190000, 51.9906197, 4.3767929
0.190000, 0.190000, 51.9906197, 4.3767939
0.207001, 0.192000, 51.9906197, 4.3767953
0.198998, 0.197002, 51.9906197, 4.3767967
0.192000, 0.197002, 51.9906197, 4.3767977
0.197002, 0.195998, 51.9906197, 4.3767991
0.193000, 0.195998, 51.9906197, 4.3768005
0.195998, 0.197002, 51.9906235, 4.3768015
0.205999, 0.195998, 51.9906235, 4.3768034
0.200999, 0.195998, 51.9906235, 4.3768039
0.181000, 0.190001, 51.9906235, 4.3768058
0.189998, 0.190001, 51.9906235, 4.3768072
0.190001, 0.189998, 51.9906235, 4.3768082
0.197999, 0.190001, 51.9906235, 4.3768096
0.186001, 0.194001, 51.9906273, 4.3768110
0.198000, 0.194001, 51.9906273, 4.3768120
0.194001, 0.194001, 51.9906273, 4.3768134
0.185999, 0.195001, 51.9906273, 4.3768148
0.195001, 0.194001, 51.9906273, 4.3768158
0.198000, 0.195001, 51.9906273, 4.3768172
0.189999, 0.198000, 51.9906273, 4.3768182
0.203999, 0.198000, 51.9906273, 4.3768182
0.308999, 0.189999, 51.9906273, 4.3768182
0.186002, 0.203999, 51.9906311, 4.3768210
0.179001, 0.308999, 51.9906311, 4.3768225
1.861001, 1.861001, 51.9906311, 4.3768234
2.067001, 2.067001, 51.9906311, 4.3768244
2.083001, 2.081998, 51.9906311, 4.3768258
2.093002, 2.081998, 51.9906311, 4.3768263
2.081998, 2.083001, 51.9906311, 4.3768277
2.072000, 2.083999, 51.9906311, 4.3768282
2.093001, 2.081998, 51.9906311, 4.3768291
2.083999, 2.072000, 51.9906311, 4.3768306
2.069000, 2.083999, 51.9906349, 4.3768311
1.230998, 2.069000, 51.9906349, 4.3768315
2.205000, 1.230998, 51.9906349, 4.3768325
1.225001, 1.225001, 51.9906349, 4.3768330
0.439000, 1.193998, 51.9906349, 4.3768339
1.193998, 1.136002, 51.9906349, 4.3768349
1.136002, 1.136002, 51.9906349, 4.3768353
0.140001, 1.136002, 51.9906349, 4.3768358
1.765001, 0.209001, 51.9906349, 4.3768358
0.208001, 0.209001, 51.9906349, 4.3768363
0.209001, 1.109998, 51.9906349, 4.3768368
1.109998, 0.542999, 51.9906349, 4.3768373
1.437999, 0.542999, 51.9906349, 4.3768377
0.542999, 0.542999, 51.9906349, 4.3768377
0.199001, 0.199001, 51.9906349, 4.3768382
0.180001, 0.193000, 51.9906349, 4.3768382
0.192000, 0.193000, 51.9906349, 4.3768382
0.193000, 0.193000, 51.9906349, 4.3768382
1.133999, 0.210999, 51.9906349, 4.3768382
0.210999, 0.342998, 51.9906349, 4.3768382
0.342998, 1.075999, 51.9906349, 4.3768382
1.428000, 0.342998, 51.9906349, 4.3768382
1.075999, 1.075999, 51.9906349, 4.3768382
0.191000, 1.075999, 51.9906349, 4.3768382
1.467999, 1.075999, 51.9906349, 4.3768382
0.192998, 1.078002, 51.9906349, 4.3768382
1.078002, 1.078002, 51.9906349, 4.3768382
1.085001, 0.350001, 51.9906349, 4.3768377
0.350001, 1.078002, 51.9906349, 4.3768377
0.187000, 0.356999, 51.9906349, 4.3768377
1.669000, 0.356999, 51.9906349, 4.3768373
0.356999, 1.101999, 51.9906349, 4.3768368
1.101999, 1.105001, 51.9906349, 4.3768368
1.105001, 1.105001, 51.9906349, 4.3768363
1.611999, 1.122001, 51.9906349, 4.3768358
1.122001, 1.126999, 51.9906349, 4.3768358
1.126999, 1.145999, 51.9906349, 4.3768358
1.147002, 1.140001, 51.9906349, 4.3768358
1.145999, 1.145999, 51.9906349, 4.3768353
1.140001, 1.147002, 51.9906349, 4.3768353
1.151999, 1.145999, 51.9906349, 4.3768349
1.160000, 1.151999, 51.9906349, 4.3768344
0.396998, 1.160000, 51.9906349, 4.3768344
1.706999, 1.184002, 51.9906349, 4.3768339
1.484001, 1.184002, 51.9906349, 4.3768334
1.184002, 1.484001, 51.9906349, 4.3768334
1.173999, 1.484001, 51.9906349, 4.3768334
2.003000, 1.196999, 51.9906349, 4.3768330
1.937999, 1.196999, 51.9906349, 4.3768330
1.196999, 1.199999, 51.9906349, 4.3768330
1.193999, 1.199999, 51.9906349, 4.3768330
1.199999, 1.199999, 51.9906349, 4.3768325
1.638000, 1.586000, 51.9906349, 4.3768320
1.586000, 1.586000, 51.9906349, 4.3768315
1.745999, 1.586000, 51.9906349, 4.3768306
1.211999, 1.586000, 51.9906349, 4.3768306
1.214998, 1.226999, 51.9906349, 4.3768301
1.730000, 1.226999, 51.9906349, 4.3768296
1.226999, 1.730000, 51.9906349, 4.3768287
1.769002, 1.769002, 51.9906349, 4.3768282
1.971999, 1.779000, 51.9906349, 4.3768272
1.786002, 1.779000, 51.9906349, 4.3768263
1.779000, 1.779000, 51.9906349, 4.3768258
1.576002, 1.576002, 51.9906349, 4.3768249
1.561999, 1.576002, 51.9906349, 4.3768239
1.545001, 1.561999, 51.9906311, 4.3768229
1.632000, 1.545001, 51.9906311, 4.3768220
0.167998, 0.474001, 51.9906311, 4.3768206
0.474001, 0.474001, 51.9906311, 4.3768201
0.173000, 0.192000, 51.9906311, 4.3768191
0.572001, 0.474001, 51.9906311, 4.3768182
0.192000, 0.515999, 51.9906311, 4.3768172
0.515999, 0.572001, 51.9906311, 4.3768158
1.049001, 0.515999, 51.9906311, 4.3768148
1.928999, 0.515999, 51.9906273, 4.3768134
0.188999, 0.202000, 51.9906273, 4.3768134
0.191999, 0.202000, 51.9906273, 4.3768110
0.202000, 0.194999, 51.9906273, 4.3768101
2.022002, 0.202000, 51.9906273, 4.3768086
0.194999, 0.202000, 51.9906273, 4.3768077
0.202000, 0.209999, 51.9906273, 4.3768063
1.883002, 0.202000, 51.9906235, 4.3768058
0.209999, 0.202000, 51.9906235, 4.3768044
0.186999, 0.201000, 51.9906235, 4.3768024
0.201000, 0.201000, 51.9906235, 4.3768015
0.200000, 0.201000, 51.9906235, 4.3768005
1.104001, 0.201001, 51.9906235, 4.3767991
0.201001, 1.104001, 51.9906235, 4.3767986
1.419001, 1.132002, 51.9906235, 4.3767967
1.942001, 1.419001, 51.9906197, 4.3767958
1.132002, 1.419001, 51.9906197, 4.3767948
1.595001, 1.461999, 51.9906197, 4.3767934
0.193999, 1.461999, 51.9906197, 4.3767920
1.461999, 1.461999, 51.9906197, 4.3767910
2.024000, 1.461999, 51.9906197, 4.3767896
0.203001, 1.461999, 51.9906197, 4.3767886
1.668999, 0.214000, 51.9906197, 4.3767881
0.214000, 0.214000, 51.9906158, 4.3767862
0.203001, 0.220001, 51.9906158, 4.3767858
2.195999, 0.214000, 51.9906158, 4.3767843
0.220001, 0.207000, 51.9906158, 4.3767834
0.201999, 0.213002, 51.9906158, 4.3767824
0.207000, 0.213002, 51.9906158, 4.3767815
0.213002, 0.213002, 51.9906158, 4.3767810
0.220999, 0.213002, 51.9906158, 4.3767791
1.075000, 0.213002, 51.9906158, 4.3767786
0.213001, 0.220999, 51.9906158, 4.3767772
0.194000, 0.221002, 51.9906158, 4.3767762
0.221002, 0.221002, 51.9906158, 4.3767753
1.099001, 0.221002, 51.9906158, 4.3767748
0.221999, 0.221002, 51.9906158, 4.3767738
0.201999, 0.221999, 51.9906158, 4.3767729
0.212001, 0.221999, 51.9906158, 4.3767719
0.850001, 0.224000, 51.9906158, 4.3767710
0.224000, 0.850001, 51.9906158, 4.3767710
1.346001, 0.850001, 51.9906158, 4.3767705
2.158001, 1.346001, 51.9906158, 4.3767695
0.208999, 1.346001, 51.9906158, 4.3767691
1.510002, 0.219001, 51.9906158, 4.3767686
0.219001, 0.219001, 51.9906158, 4.3767681
0.198999, 0.219001, 51.9906120, 4.3767676
1.671000, 0.219001, 51.9906120, 4.3767672
0.215002, 1.619999, 51.9906120, 4.3767672
1.619999, 1.619999, 51.9906120, 4.3767667
2.127001, 0.219998, 51.9906120, 4.3767662
0.219998, 0.219998, 51.9906120, 4.3767662
0.205999, 0.219998, 51.9906120, 4.3767657
0.201999, 0.219998, 51.9906120, 4.3767657
0.228000, 0.218001, 51.9906120, 4.3767653
1.655001, 0.218001, 51.9906120, 4.3767653
0.218001, 0.218001, 51.9906120, 4.3767648
0.210001, 0.218001, 51.9906120, 4.3767648
0.205001, 0.210001, 51.9906120, 4.3767648
1.972001, 0.210001, 51.9906120, 4.3767643
0.203000, 0.207001, 51.9906120, 4.3767643
1.971999, 0.207001, 51.9906120, 4.3767638
0.207001, 0.205998, 51.9906120, 4.3767643
0.205998, 0.205998, 51.9906120, 4.3767643
0.192000, 0.205998, 51.9906120, 4.3767638
0.200001, 0.205998, 51.9906120, 4.3767638
2.011999, 0.210000, 51.9906120, 4.3767638
0.210000, 0.943000, 51.9906120, 4.3767638
0.943000, 0.943000, 51.9906120, 4.3767638
1.534001, 0.943000, 51.9906120, 4.3767643
0.210999, 0.943000, 51.9906158, 4.3767643
1.609999, 0.210999, 51.9906158, 4.3767643
0.201000, 0.210999, 51.9906158, 4.3767643
0.191001, 0.445000, 51.9906158, 4.3767643
0.881999, 0.201000, 51.9906158, 4.3767648
0.445000, 0.200000, 51.9906158, 4.3767648
0.200000, 0.202002, 51.9906158, 4.3767648
0.197001, 0.202002, 51.9906158, 4.3767648
0.202002, 0.202002, 51.9906158, 4.3767653
1.727999, 0.202002, 51.9906158, 4.3767657
1.218000, 0.203001, 51.9906158, 4.3767657
0.197001, 0.203001, 51.9906158, 4.3767657
0.203001, 0.203001, 51.9906158, 4.3767657
0.180998, 0.201999, 51.9906158, 4.3767662
0.214999, 0.203001, 51.9906158, 4.3767662
0.201999, 0.214999, 51.9906158, 4.3767662
0.599999, 0.214999, 51.9906158, 4.3767667
1.380999, 0.599999, 51.9906158, 4.3767672
0.197999, 0.599999, 51.9906158, 4.3767676
1.180999, 0.206999, 51.9906158, 4.3767681
0.198999, 0.206999, 51.9906158, 4.3767686
0.206999, 0.206999, 51.9906158, 4.3767695
0.761999, 0.201999, 51.9906158, 4.3767700
0.181999, 0.201999, 51.9906158, 4.3767710
0.201999, 0.185998, 51.9906158, 4.3767719
0.180999, 0.185998, 51.9906158, 4.3767729
0.185998, 0.185998, 51.9906158, 4.3767738
0.188001, 0.180999, 51.9906158, 4.3767748
0.179000, 0.185998, 51.9906158, 4.3767762
0.180999, 0.183000, 51.9906158, 4.3767762
0.199001, 0.181001, 51.9906197, 4.3767776
0.183000, 0.183000, 51.9906197, 4.3767786
0.181001, 0.189002, 51.9906197, 4.3767800
0.189002, 0.189002, 51.9906197, 4.3767815
0.207000, 0.193002, 51.9906197, 4.3767829
0.193002, 0.193002, 51.9906197, 4.3767838
0.203000, 0.195998, 51.9906197, 4.3767853
0.179001, 0.195998, 51.9906235, 4.3767862
0.195998, 0.195999, 51.9906235, 4.3767872
0.195999, 0.195998, 51.9906235, 4.3767886
0.340999, 0.195998, 51.9906235, 4.3767896
0.184000, 0.195999, 51.9906235, 4.3767910
0.178000, 0.184000, 51.9906235, 4.3767920
2.078999, 0.184000, 51.9906273, 4.3767939
0.177999, 0.188000, 51.9906273, 4.3767953
0.188000, 0.201000, 51.9906273, 4.3767962
2.115000, 0.191001, 51.9906273, 4.3767977
0.201000, 0.191001, 51.9906273, 4.3767986
0.191001, 0.201000, 51.9906273, 4.3768001
0.185001, 0.192001, 51.9906273, 4.3768010
0.212001, 0.191001, 51.9906273, 4.3768024
0.192001, 0.189999, 51.9906311, 4.3768034
0.189999, 0.192001, 51.9906311, 4.3768053
0.181000, 0.189999, 51.9906311, 4.3768063
1.217000, 0.189999, 51.9906311, 4.3768077
0.183001, 0.193001, 51.9906311, 4.3768086
0.193001, 0.193001, 51.9906311, 4.3768101
1.265001, 0.191001, 51.9906311, 4.3768110
0.191001, 0.191001, 51.9906311, 4.3768120
0.186998, 0.191001, 51.9906349, 4.3768129
0.183999, 0.191001, 51.9906349, 4.3768139
1.996001, 0.194998, 51.9906349, 4.3768153
0.194998, 0.194998, 51.9906349, 4.3768163
1.231999, 0.195000, 51.9906349, 4.3768177
0.187002, 0.195000, 51.9906349, 4.3768187
0.195000, 0.195000, 51.9906349, 4.3768201
0.199999, 0.195000, 51.9906349, 4.3768206
0.191001, 0.196000, 51.9906349, 4.3768215
0.196000, 0.199999, 51.9906349, 4.3768225
1.572000, 0.196000, 51.9906349, 4.3768234
2.057999, 1.572000, 51.9906349, 4.3768244
0.182999, 2.057999, 51.9906349, 4.3768253
2.079998, 2.074998, 51.9906349, 4.3768258
2.078998, 2.078998, 51.9906349, 4.3768272
2.074998, 2.079998, 51.9906349, 4.3768282
2.094999, 2.078998, 51.9906349, 4.3768287
2.087000, 2.074998, 51.9906349, 4.3768296
1.810001, 2.062001, 51.9906349, 4.3768301
2.062001, 2.056999, 51.9906349, 4.3768306
2.056999, 1.810001, 51.9906349, 4.3768311
1.223002, 1.223002, 51.9906349, 4.3768315
0.213999, 1.218002, 51.9906387, 4.3768320
1.218002, 0.213999, 51.9906387, 4.3768325
0.200000, 0.213999, 51.9906387, 4.3768330
0.187999, 0.200000, 51.9906387, 4.3768330
0.214999, 0.195999, 51.9906387, 4.3768334
0.186001, 0.193002, 51.9906387, 4.3768334
0.195999, 0.195999, 51.9906387, 4.3768339
0.193002, 0.195999, 51.9906387, 4.3768339
0.203001, 0.195999, 51.9906387, 4.3768339
0.202000, 0.193002, 51.9906387, 4.3768344
0.175998, 0.202000, 51.9906387, 4.3768344
0.189001, 0.202000, 51.9906387, 4.3768344
0.480000, 0.189001, 51.9906387, 4.3768339
1.802999, 0.215999, 51.9906387, 4.3768339
0.187999, 0.480000, 51.9906387, 4.3768339
0.215999, 0.215999, 51.9906387, 4.3768334
1.211999, 0.187999, 51.9906387, 4.3768334
0.177002, 0.183000, 51.9906387, 4.3768334
0.183000, 0.183000, 51.9906387, 4.3768334
0.177999, 0.183000, 51.9906387, 4.3768330
1.712998, 0.183000, 51.9906387, 4.3768330
0.970001, 0.189000, 51.9906387, 4.3768330
0.161000, 0.189000, 51.9906387, 4.3768325
0.189000, 0.189000, 51.9906387, 4.3768320
0.176998, 0.189000, 51.9906387, 4.3768320
0.197998, 0.189000, 51.9906387, 4.3768320
1.096001, 0.191000, 51.9906387, 4.3768315
0.182001, 0.197998, 51.9906387, 4.3768311
0.191000, 0.983001, 51.9906387, 4.3768311
0.983001, 0.191000, 51.9906387, 4.3768306
1.801999, 0.191000, 51.9906387, 4.3768306
0.189002, 0.189002, 51.9906387, 4.3768306
0.174000, 0.181999, 51.9906387, 4.3768301
0.181999, 0.174000, 51.9906387, 4.3768296
0.172001, 0.174000, 51.9906387, 4.3768296
0.173999, 0.181999, 51.9906387, 4.3768291
0.187001, 0.187001, 51.9906387, 4.3768287
2.090999, 0.444000, 51.9906387, 4.3768287
0.444000, 1.677000, 51.9906387, 4.3768282
1.677000, 2.048000, 51.9906387, 4.3768282
2.054000, 2.048000, 51.9906387, 4.3768282
2.048000, 2.054000, 51.9906387, 4.3768277
2.076000, 2.061000, 51.9906387, 4.3768277
2.061000, 2.061000, 51.9906387, 4.3768272
2.069999, 2.061000, 51.9906387, 4.3768272
2.042002, 2.060999, 51.9906387, 4.3768268
0.185001, 2.042002, 51.9906387, 4.3768268
2.060999, 2.034001, 51.9906387, 4.3768263
0.171999, 0.444001, 51.9906387, 4.3768258
2.034001, 0.444001, 51.9906387, 4.3768253
0.444001, 0.171999, 51.9906387, 4.3768249
0.171000, 0.444001, 51.9906387, 4.3768244
0.152000, 0.444001, 51.9906387, 4.3768234
1.513001, 0.190002, 51.9906387, 4.3768229
0.915001, 0.915001, 51.9906349, 4.3768225
0.190002, 0.915001, 51.9906349, 4.3768215
1.215998, 0.452999, 51.9906349, 4.3768206
0.452999, 0.190002, 51.9906349, 4.3768201
0.186000, 0.452999, 51.9906349, 4.3768191
0.190000, 0.192001, 51.9906349, 4.3768182
1.899001, 0.192001, 51.9906349, 4.3768172
0.192001, 0.192001, 51.9906349, 4.3768163
0.195001, 0.195001, 51.9906349, 4.3768153
0.185001, 0.192001, 51.9906349, 4.3768139
0.196000, 0.192000, 51.9906349, 4.3768129
0.183000, 0.192000, 51.9906349, 4.3768120
0.192000, 0.192000, 51.9906349, 4.3768110
0.197999, 0.188002, 51.9906349, 4.3768096
0.184999, 0.188002, 51.9906349, 4.3768086
0.188002, 0.188002, 51.9906349, 4.3768077
0.185001, 0.188002, 51.9906349, 4.3768063
2.061000, 1.301002, 51.9906349, 4.3768053
1.301002, 1.313000, 51.9906311, 4.3768039
1.313000, 1.313000, 51.9906311, 4.3768034
1.728001, 1.301002, 51.9906311, 4.3768020
1.220002, 1.262999, 51.9906311, 4.3768010
0.193999, 1.220002, 51.9906311, 4.3768001
1.262999, 0.193999, 51.9906311, 4.3767986
0.188000, 0.188000, 51.9906311, 4.3767967
0.181999, 0.188000, 51.9906311, 4.3767962
0.184001, 0.188000, 51.9906273, 4.3767948
0.342998, 0.342998, 51.9906273, 4.3767934
2.151998, 0.486000, 51.9906273, 4.3767924
1.240999, 1.240999, 51.9906273, 4.3767915
0.486000, 1.240999, 51.9906273, 4.3767905
1.249000, 0.486000, 51.9906273, 4.3767891
0.168999, 0.486000, 51.9906273, 4.3767886
0.180999, 0.199001, 51.9906273, 4.3767872
1.629000, 0.199001, 51.9906235, 4.3767862
0.199001, 0.208999, 51.9906235, 4.3767848
0.208999, 0.905000, 51.9906235, 4.3767838
0.905000, 0.211000, 51.9906235, 4.3767824
1.668002, 0.211000, 51.9906235, 4.3767815
0.211000, 0.211000, 51.9906235, 4.3767805
0.198000, 0.198000, 51.9906235, 4.3767791
0.194999, 0.198000, 51.9906235, 4.3767786
0.197999, 0.197999, 51.9906197, 4.3767776
0.208999, 0.197999, 51.9906197, 4.3767762
0.185999, 0.208999, 51.9906197, 4.3767757
1.249000, 0.208999, 51.9906197, 4.3767743
0.292000, 0.292000, 51.9906197, 4.3767738
0.193001, 0.292000, 51.9906197, 4.3767724
1.837002, 0.292000, 51.9906197, 4.3767710
0.181999, 0.988002, 51.9906197, 4.3767710
2.105000, 1.148000, 51.9906197, 4.3767700
0.988002, 1.148000, 51.9906197, 4.3767691
1.148000, 1.148000, 51.9906158, 4.3767686
2.024999, 1.148000, 51.9906158, 4.3767681
0.490001, 1.461999, 51.9906158, 4.3767672
1.918000, 1.461999, 51.9906158, 4.3767667
1.461999, 0.490001, 51.9906158, 4.3767662
0.208999, 0.208999, 51.9906158, 4.3767657
0.188001, 0.208999, 51.9906158, 4.3767648
0.192000, 0.200002, 51.9906158, 4.3767643
1.494999, 0.195000, 51.9906158, 4.3767638
0.200002, 0.200002, 51.9906158, 4.3767638
0.195000, 0.206999, 51.9906158, 4.3767633
0.206999, 0.206999, 51.9906158, 4.3767633
1.607998, 0.206999, 51.9906158, 4.3767629
0.208001, 0.206999, 51.9906158, 4.3767624
0.202002, 0.208001, 51.9906158, 4.3767619
0.201000, 0.202002, 51.9906158, 4.3767614
2.068000, 0.202002, 51.9906158, 4.3767614
0.197002, 0.206998, 51.9906158, 4.3767614
1.399000, 0.208000, 51.9906158, 4.3767614
0.206998, 0.206998, 51.9906158, 4.3767610
0.208000, 0.206998, 51.9906158, 4.3767610
0.200002, 0.206998, 51.9906158, 4.3767610
0.201000, 0.208000, 51.9906158, 4.3767605
1.437001, 0.201000, 51.9906158, 4.3767605
1.433999, 0.201000, 51.9906158, 4.3767605
0.196001, 0.201001, 51.9906158, 4.3767605
0.197999, 0.201001, 51.9906158, 4.3767600
0.201001, 0.201001, 51.9906158, 4.3767600
0.503000, 0.201001, 51.9906158, 4.3767600
0.534999, 0.201001, 51.9906158, 4.3767600
0.198999, 0.198999, 51.9906158, 4.3767600
0.160001, 0.198999, 51.9906158, 4.3767600
0.043999, 0.196000, 51.9906158, 4.3767600
1.643998, 0.196000, 51.9906158, 4.3767600
0.196000, 0.196000, 51.9906158, 4.3767600
1.630998, 1.219001, 51.9906158, 4.3767600
0.170000, 0.196000, 51.9906158, 4.3767600
1.219001, 1.219001, 51.9906158, 4.3767600
0.062999, 0.204999, 51.9906158, 4.3767600
1.300001, 0.284000, 51.9906158, 4.3767600
0.204999, 0.204999, 51.9906158, 4.3767600
0.284000, 0.284000, 51.9906158, 4.3767600
0.192002, 0.204999, 51.9906158, 4.3767600
0.836999, 0.284000, 51.9906158, 4.3767600
0.188999, 0.478002, 51.9906158, 4.3767600
0.928001, 0.478002, 51.9906197, 4.3767600
0.478002, 0.192000, 51.9906197, 4.3767600
0.176999, 0.478002, 51.9906197, 4.3767600
0.192000, 0.478002, 51.9906197, 4.3767600
1.758000, 0.192000, 51.9906197, 4.3767605
1.838001, 0.192000, 51.9906197, 4.3767610
0.188001, 1.692001, 51.9906197, 4.3767610
0.188001, 0.203998, 51.9906197, 4.3767610
1.692001, 0.192000, 51.9906197, 4.3767614
0.203998, 0.200000, 51.9906197, 4.3767614
0.192000, 0.200000, 51.9906197, 4.3767624
0.200000, 0.199998, 51.9906197, 4.3767633
0.199998, 0.194001, 51.9906197, 4.3767638
0.194001, 0.198998, 51.9906197, 4.3767638
0.175001, 0.194001, 51.9906197, 4.3767653
0.198998, 0.191999, 51.9906197, 4.3767657
0.191999, 0.191999, 51.9906197, 4.3767667
0.186000, 0.198998, 51.9906235, 4.3767676
2.021001, 2.018999, 51.9906235, 4.3767686
2.036002, 2.021001, 51.9906235, 4.3767691
2.018999, 2.024000, 51.9906235, 4.3767705
2.024000, 2.036000, 51.9906235, 4.3767710
2.036000, 2.024000, 51.9906235, 4.3767729
2.038001, 2.024001, 51.9906235, 4.3767738
2.013001, 2.024001, 51.9906235, 4.3767738
2.024001, 2.013001, 51.9906235, 4.3767738
1.985001, 1.985001, 51.9906273, 4.3767772
1.979999, 1.979999, 51.9906273, 4.3767786
1.917000, 1.917000, 51.9906273, 4.3767796
0.178001, 0.178001, 51.9906273, 4.3767810
0.170998, 0.178001, 51.9906273, 4.3767819
0.171001, 0.178001, 51.9906273, 4.3767834
0.183002, 0.176001, 51.9906311, 4.3767848
0.184001, 0.176001, 51.9906311, 4.3767862
0.176001, 0.182001, 51.9906311, 4.3767872
0.170002, 0.182001, 51.9906311, 4.3767886
0.182001, 0.182001, 51.9906311, 4.3767896
1.018998, 0.183000, 51.9906311, 4.3767910
1.456999, 0.193000, 51.9906311, 4.3767920
0.183000, 0.193000, 51.9906311, 4.3767934
0.193000, 0.183000, 51.9906349, 4.3767953
0.182000, 0.182000, 51.9906349, 4.3767962
0.173001, 0.182000, 51.9906349, 4.3767977
0.179999, 0.182000, 51.9906349, 4.3767986
0.189000, 0.179999, 51.9906349, 4.3768001
0.188001, 0.179999, 51.9906349, 4.3768010
0.178001, 0.180998, 51.9906349, 4.3768024
0.178002, 0.180998, 51.9906349, 4.3768034
0.180998, 0.178002, 51.9906349, 4.3768048
1.447999, 0.180998, 51.9906349, 4.3768058
0.173001, 0.185998, 51.9906349, 4.3768072
0.185998, 0.188000, 51.9906349, 4.3768082
0.188000, 0.188000, 51.9906349, 4.3768101
0.195002, 0.188002, 51.9906349, 4.3768110
2.030999, 0.188002, 51.9906387, 4.3768120
0.188002, 0.188002, 51.9906387, 4.3768134
0.180001, 0.188002, 51.9906387, 4.3768144
0.178000, 0.180001, 51.9906387, 4.3768153
1.723999, 0.179998, 51.9906387, 4.3768158
0.179998, 0.179998, 51.9906387, 4.3768172
0.177998, 0.181000, 51.9906387, 4.3768182
0.181999, 0.181000, 51.9906387, 4.3768191
0.181000, 0.181999, 51.9906387, 4.3768201
1.344000, 0.194998, 51.9906387, 4.3768206
0.196001, 0.194998, 51.9906425, 4.3768215
0.194998, 0.195000, 51.9906425, 4.3768220
0.178999, 0.195000, 51.9906425, 4.3768229
0.195000, 0.195000, 51.9906425, 4.3768234
2.181000, 0.197001, 51.9906425, 4.3768244
0.197001, 0.200999, 51.9906425, 4.3768249
0.202001, 0.202001, 51.9906425, 4.3768249
0.200999, 0.200999, 51.9906425, 4.3768253
1.157999, 0.201000, 51.9906425, 4.3768258
0.187000, 0.200999, 51.9906425, 4.3768258
0.201000, 0.200999, 51.9906425, 4.3768253
0.199002, 0.200999, 51.9906425, 4.3768253
0.200999, 0.201000, 51.9906425, 4.3768249
1.972001, 0.207002, 51.9906425, 4.3768239
0.207002, 0.207002, 51.9906425, 4.3768234
2.056001, 0.207002, 51.9906425, 4.3768229
0.175999, 0.189002, 51.9906425, 4.3768220
0.189002, 0.189002, 51.9906387, 4.3768210
0.189001, 0.189002, 51.9906387, 4.3768206
1.928000, 0.189002, 51.9906387, 4.3768191
1.119000, 0.194000, 51.9906387, 4.3768182
0.189000, 1.119000, 51.9906387, 4.3768172
0.194000, 0.194000, 51.9906387, 4.3768158
1.127999, 0.190001, 51.9906387, 4.3768153
0.189999, 0.190001, 51.9906387, 4.3768134
0.190001, 0.190001, 51.9906387, 4.3768120
0.188999, 0.190001, 51.9906349, 4.3768106
1.451000, 0.194001, 51.9906349, 4.3768091
2.001001, 1.451000, 51.9906349, 4.3768077
0.194001, 1.557001, 51.9906349, 4.3768063
1.951001, 1.904001, 51.9906349, 4.3768048
1.557001, 1.557001, 51.9906349, 4.3768034
1.904001, 1.557001, 51.9906349, 4.3768015
0.180000, 1.240000, 51.9906349, 4.3768005
0.188999, 1.240000, 51.9906349, 4.3767991
1.240000, 0.701999, 51.9906349, 4.3767967
1.489999, 1.240000, 51.9906349, 4.3767953
0.701999, 1.328001, 51.9906349, 4.3767953
1.328001, 1.328001, 51.9906349, 4.3767929
1.876000, 0.701999, 51.9906311, 4.3767910
0.195000, 1.328001, 51.9906311, 4.3767891
0.351999, 1.876000, 51.9906311, 4.3767881
2.025999, 1.366999, 51.9906311, 4.3767862
2.201999, 2.025999, 51.9906311, 4.3767853
1.366999, 2.117999, 51.9906311, 4.3767834
2.117999, 2.117999, 51.9906311, 4.3767824
2.180000, 1.366999, 51.9906311, 4.3767810
0.184000, 0.315001, 51.9906273, 4.3767791
0.315001, 0.315001, 51.9906273, 4.3767776
0.191001, 0.315001, 51.9906273, 4.3767762
2.006001, 2.006001, 51.9906273, 4.3767753
2.041998, 2.014999, 51.9906273, 4.3767738
2.116998, 2.026999, 51.9906273, 4.3767734
2.014999, 2.026999, 51.9906273, 4.3767710
2.026999, 2.026999, 51.9906273, 4.3767705
2.022999, 2.022999, 51.9906235, 4.3767691
2.032999, 2.022999, 51.9906235, 4.3767681
2.019000, 2.019000, 51.9906235, 4.3767672
1.993001, 1.993001, 51.9906235, 4.3767662
0.174000, 0.208998, 51.9906235, 4.3767648
0.208998, 0.205001, 51.9906235, 4.3767638
0.205001, 0.202999, 51.9906235, 4.3767629
0.202999, 0.205001, 51.9906235, 4.3767619
0.180001, 0.202999, 51.9906235, 4.3767614
0.206999, 0.191000, 51.9906235, 4.3767610
0.185001, 0.185001, 51.9906235, 4.3767600
0.191000, 0.191000, 51.9906235, 4.3767591
0.177999, 0.191000, 51.9906235, 4.3767586
0.906001, 0.191000, 51.9906197, 4.3767581
0.191998, 0.191998, 51.9906197, 4.3767576
0.175999, 0.191998, 51.9906197, 4.3767571
0.894001, 0.191998, 51.9906197, 4.3767567
0.190000, 0.196001, 51.9906197, 4.3767562
1.624002, 0.894001, 51.9906197, 4.3767562
0.196001, 0.196001, 51.9906197, 4.3767562
1.607001, 0.196001, 51.9906197, 4.3767557
0.181001, 0.196001, 51.9906197, 4.3767552
0.170998, 0.612001, 51.9906197, 4.3767552
0.612001, 0.196999, 51.9906197, 4.3767548
0.857001, 0.196999, 51.9906197, 4.3767548
0.196999, 0.612001, 51.9906197, 4.3767543
0.187001, 0.857001, 51.9906197, 4.3767543
1.226999, 0.196999, 51.9906197, 4.3767543
1.243000, 0.187001, 51.9906197, 4.3767543
0.166001, 0.177001, 51.9906197, 4.3767543
0.177001, 0.177001, 51.9906197, 4.3767543
0.152001, 0.166001, 51.9906235, 4.3767543
0.188002, 0.176002, 51.9906235, 4.3767543
0.160002, 0.176002, 51.9906235, 4.3767543
0.176002, 0.178002, 51.9906235, 4.3767543
0.178002, 0.178002, 51.9906235, 4.3767543
1.211998, 0.182001, 51.9906235, 4.3767543
1.150002, 1.150002, 51.9906235, 4.3767543
0.182001, 1.211998, 51.9906235, 4.3767543
1.346999, 1.346999, 51.9906235, 4.3767548
1.959001, 1.346999, 51.9906235, 4.3767548
1.999999, 1.346999, 51.9906235, 4.3767552
0.182002, 0.185001, 51.9906235, 4.3767552
0.169000, 0.182002, 51.9906235, 4.3767552
0.185001, 0.179999, 51.9906235, 4.3767552
0.166000, 0.177999, 51.9906235, 4.3767552
0.179999, 0.177999, 51.9906235, 4.3767552
0.177999, 0.177999, 51.9906235, 4.3767557
0.173002, 0.179999, 51.9906235, 4.3767562
1.851001, 0.185000, 51.9906235, 4.3767562
1.179000, 1.179000, 51.9906235, 4.3767562
0.185000, 1.179000, 51.9906235, 4.3767562
1.376999, 1.179000, 51.9906235, 4.3767567
0.264999, 0.264999, 51.9906235, 4.3767571
1.728001, 0.264999, 51.9906273, 4.3767581
0.166000, 0.179000, 51.9906273, 4.3767586
0.179000, 0.169001, 51.9906273, 4.3767591
0.167999, 0.169001, 51.9906273, 4.3767600
0.169001, 0.171000, 51.9906273, 4.3767605
0.171000, 0.171000, 51.9906273, 4.3767614
0.183999, 0.176001, 51.9906273, 4.3767624
0.176001, 0.179002, 51.9906273, 4.3767629
0.182000, 0.182000, 51.9906273, 4.3767638
0.179002, 0.182000, 51.9906273, 4.3767648
1.497000, 0.190001, 51.9906311, 4.3767657
0.198000, 0.190001, 51.9906311, 4.3767672
0.190001, 0.190001, 51.9906311, 4.3767681
0.188999, 0.188999, 51.9906311, 4.3767686
0.181999, 0.188999, 51.9906311, 4.3767700
0.171001, 0.188001, 51.9906311, 4.3767710
0.349001, 0.181999, 51.9906311, 4.3767719
0.188001, 0.177002, 51.9906311, 4.3767734
0.177002, 0.188001, 51.9906311, 4.3767743
0.174998, 0.177002, 51.9906349, 4.3767753
1.071001, 0.174998, 51.9906349, 4.3767776
0.173998, 0.173998, 51.9906349, 4.3767786
0.168999, 0.168999, 51.9906349, 4.3767796
0.165000, 0.168999, 51.9906349, 4.3767810
0.165000, 0.168999, 51.9906349, 4.3767819
0.182001, 0.169001, 51.9906349, 4.3767834
0.169001, 0.173999, 51.9906349, 4.3767843
0.176998, 0.173999, 51.9906349, 4.3767858
0.173999, 0.173999, 51.9906349, 4.3767872
0.173999, 0.176000, 51.9906349, 4.3767881
0.176000, 0.176000, 51.9906349, 4.3767896
0.892999, 0.179000, 51.9906349, 4.3767910
0.179000, 0.179000, 51.9906349, 4.3767924
1.051000, 0.182002, 51.9906387, 4.3767934
0.161999, 0.179000, 51.9906387, 4.3767943
0.182002, 0.179000, 51.9906387, 4.3767958
0.170999, 0.179000, 51.9906387, 4.3767972
0.179000, 0.181002, 51.9906387, 4.3767986
0.181002, 0.181002, 51.9906387, 4.3767996
0.181999, 0.181999, 51.9906387, 4.3768010
0.182002, 0.181999, 51.9906387, 4.3768024
0.186000, 0.181999, 51.9906425, 4.3768034
0.180999, 0.182001, 51.9906425, 4.3768044
0.173002, 0.180999, 51.9906425, 4.3768058
0.182001, 0.180999, 51.9906425, 4.3768063
0.177001, 0.182001, 51.9906425, 4.3768077
2.251001, 0.185002, 51.9906425, 4.3768086
0.185002, 0.188999, 51.9906425, 4.3768096
0.188999, 0.188999, 51.9906425, 4.3768110
1.956000, 0.185002, 51.9906425, 4.3768115
0.177002, 0.179001, 51.9906425, 4.3768129
0.162999, 0.177002, 51.9906425, 4.3768134
0.179001, 0.177002, 51.9906425, 4.3768139
0.168999, 0.179001, 51.9906425, 4.3768148
0.189999, 0.187999, 51.9906425, 4.3768148
0.187999, 0.189999, 51.9906464, 4.3768158
1.137001, 1.137001, 51.9906464, 4.3768167
1.854000, 1.137001, 51.9906464, 4.3768172
1.594998, 1.137001, 51.9906464, 4.3768177
0.189999, 0.189999, 51.9906464, 4.3768182
0.179999, 0.189000, 51.9906464, 4.3768182
0.184001, 0.189000, 51.9906464, 4.3768182
0.189000, 0.184001, 51.9906464, 4.3768187
1.512000, 0.189000, 51.9906464, 4.3768191
0.172000, 0.189000, 51.9906464, 4.3768191
0.195999, 0.189998, 51.9906464, 4.3768191
0.180999, 0.180999, 51.9906464, 4.3768191
0.189998, 0.180999, 51.9906464, 4.3768191
0.172002, 0.180999, 51.9906464, 4.3768191
0.173002, 0.182002, 51.9906464, 4.3768191
0.182999, 0.182002, 51.9906464, 4.3768187
0.182002, 0.182002, 51.9906464, 4.3768187
0.451001, 0.182999, 51.9906464, 4.3768182
0.171999, 0.186001, 51.9906464, 4.3768182
0.494998, 0.186001, 51.9906464, 4.3768182
0.186001, 0.178999, 51.9906464, 4.3768182
0.171999, 0.178999, 51.9906464, 4.3768177
0.178999, 0.178999, 51.9906464, 4.3768177
0.165001, 0.178999, 51.9906464, 4.3768177
0.558000, 0.558000, 51.9906464, 4.3768172
1.225999, 1.135001, 51.9906464, 4.3768163
1.743001, 1.135001, 51.9906464, 4.3768163
1.135001, 1.135001, 51.9906464, 4.3768158
0.181999, 0.182999, 51.9906464, 4.3768158
0.182999, 0.182999, 51.9906464, 4.3768153
0.172001, 0.181999, 51.9906464, 4.3768153
0.200002, 0.178000, 51.9906464, 4.3768144
0.173999, 0.173999, 51.9906464, 4.3768139
0.178000, 0.178000, 51.9906464, 4.3768134
0.163999, 0.176999, 51.9906464, 4.3768125
0.187000, 0.178000, 51.9906464, 4.3768115
0.176999, 0.176999, 51.9906464, 4.3768110
1.449000, 0.176999, 51.9906464, 4.3768101
0.158998, 0.176999, 51.9906464, 4.3768091
0.162000, 0.962999, 51.9906464, 4.3768082
0.962999, 0.167002, 51.9906464, 4.3768077
1.820000, 0.962999, 51.9906425, 4.3768063
0.167002, 0.962999, 51.9906425, 4.3768058
1.650998, 0.178999, 51.9906425, 4.3768044
0.178998, 0.178999, 51.9906425, 4.3768039
0.178999, 0.178999, 51.9906425, 4.3768020
0.180999, 0.178999, 51.9906425, 4.3768010
0.155998, 0.180999, 51.9906425, 4.3768001
1.891001, 0.180999, 51.9906425, 4.3767986
0.826000, 0.363001, 51.9906425, 4.3767977
0.169999, 0.363001, 51.9906425, 4.3767962
0.363001, 0.169999, 51.9906387, 4.3767953
0.167000, 0.168999, 51.9906387, 4.3767943
0.168999, 0.168999, 51.9906387, 4.3767924
0.154998, 0.168999, 51.9906387, 4.3767915
0.169000, 0.169000, 51.9906387, 4.3767905
1.841999, 0.179002, 51.9906387, 4.3767891
1.386000, 0.179002, 51.9906387, 4.3767881
0.179002, 0.179002, 51.9906387, 4.3767872
0.174999, 0.179002, 51.9906349, 4.3767862
0.169000, 0.179002, 51.9906349, 4.3767848
1.480002, 0.881002, 51.9906349, 4.3767843
0.881002, 1.213002, 51.9906349, 4.3767843
1.213002, 1.213002, 51.9906349, 4.3767834
1.964999, 0.881002, 51.9906349, 4.3767800
0.186000, 0.186000, 51.9906349, 4.3767786
0.175000, 0.186000, 51.9906349, 4.3767776
0.168002, 0.179999, 51.9906349, 4.3767762
1.558000, 0.177001, 51.9906349, 4.3767757
0.179999, 0.178998, 51.9906349, 4.3767738
0.177001, 0.179999, 51.9906349, 4.3767729
0.178998, 0.178998, 51.9906349, 4.3767719
0.183000, 0.177001, 51.9906349, 4.3767710
0.169000, 0.176002, 51.9906349, 4.3767691
0.173999, 0.176002, 51.9906349, 4.3767686
0.176002, 0.176002, 51.9906349, 4.3767672
1.861000, 0.176002, 51.9906349, 4.3767662
1.359999, 0.176998, 51.9906311, 4.3767653
0.170999, 1.257001, 51.9906311, 4.3767643
0.176998, 1.257001, 51.9906311, 4.3767638
1.257001, 0.191000, 51.9906311, 4.3767629
2.118001, 0.199000, 51.9906311, 4.3767614
0.191000, 0.199000, 51.9906311, 4.3767614
0.199000, 0.191000, 51.9906311, 4.3767600
0.181000, 0.191000, 51.9906311, 4.3767591
0.184999, 0.199000, 51.9906311, 4.3767586
1.388999, 1.388999, 51.9906311, 4.3767576
1.827999, 1.388999, 51.9906311, 4.3767567
1.560998, 1.388999, 51.9906273, 4.3767562
0.178998, 0.405000, 51.9906273, 4.3767557
0.162998, 0.405000, 51.9906273, 4.3767552
0.405000, 0.405000, 51.9906273, 4.3767543
0.732999, 0.732999, 51.9906273, 4.3767538
1.083998, 1.083998, 51.9906273, 4.3767538
2.065001, 1.083998, 51.9906273, 4.3767538
1.478999, 1.478999, 51.9906273, 4.3767538
0.185998, 1.478999, 51.9906273, 4.3767538
1.496002, 1.478999, 51.9906273, 4.3767538
0.189002, 0.192001, 51.9906273, 4.3767543
1.667001, 1.496002, 51.9906273, 4.3767548
0.192001, 0.192001, 51.9906273, 4.3767557
2.044002, 0.192001, 51.9906273, 4.3767562
0.187001, 0.188999, 51.9906273, 4.3767571
0.188999, 0.188999, 51.9906311, 4.3767581
0.185000, 0.187001, 51.9906311, 4.3767586
0.193002, 0.188999, 51.9906311, 4.3767600
0.175999, 0.190000, 51.9906311, 4.3767610
0.190000, 0.190000, 51.9906311, 4.3767619
1.603000, 0.176000, 51.9906311, 4.3767633
0.176000, 0.176000, 51.9906311, 4.3767643
0.175999, 0.176000, 51.9906311, 4.3767657
0.175002, 0.176000, 51.9906349, 4.3767667
0.180000, 0.175999, 51.9906349, 4.3767686
0.179001, 0.175002, 51.9906349, 4.3767705
0.172998, 0.172998, 51.9906349, 4.3767710
0.160999, 0.169000, 51.9906349, 4.3767729
0.169000, 0.169000, 51.9906349, 4.3767738
0.166001, 0.166001, 51.9906349, 4.3767757
0.180001, 0.166001, 51.9906349, 4.3767767
0.160002, 0.163998, 51.9906349, 4.3767786
0.158000, 0.162001, 51.9906349, 4.3767805
0.163998, 0.162001, 51.9906349, 4.3767810
0.162001, 0.162001, 51.9906387, 4.3767834
0.170001, 0.163998, 51.9906387, 4.3767843
0.161001, 0.170001, 51.9906387, 4.3767858
0.178001, 0.170001, 51.9906387, 4.3767872
0.170001, 0.178001, 51.9906387, 4.3767881
0.181001, 0.178001, 51.9906425, 4.3767896
1.955000, 0.181001, 51.9906425, 4.3767915
0.172000, 0.181001, 51.9906425, 4.3767929
0.184001, 0.172000, 51.9906425, 4.3767939
0.169998, 0.172000, 51.9906425, 4.3767953
0.168000, 0.169998, 51.9906425, 4.3767967
0.554001, 0.169998, 51.9906464, 4.3767977
0.162999, 0.174000, 51.9906464, 4.3767986
0.174000, 0.174000, 51.9906464, 4.3768001
0.180002, 0.174000, 51.9906464, 4.3768010
0.168998, 0.178000, 51.9906464, 4.3768024
0.178000, 0.178000, 51.9906464, 4.3768034
0.725002, 0.177001, 51.9906464, 4.3768044
0.167999, 0.177001, 51.9906502, 4.3768058
0.177001, 0.167999, 51.9906502, 4.3768067
0.166999, 0.167999, 51.9906502, 4.3768082
0.160998, 0.168001, 51.9906502, 4.3768086
0.168001, 0.168001, 51.9906502, 4.3768096
2.178001, 0.183001, 51.9906502, 4.3768106
0.183001, 0.188001, 51.9906502, 4.3768110
0.188001, 0.188001, 51.9906502, 4.3768120
0.671998, 0.183001, 51.9906502, 4.3768125
0.180999, 0.180999, 51.9906502, 4.3768134
0.160001, 0.163001, 51.9906502, 4.3768134
0.153999, 0.163001, 51.9906540, 4.3768139
0.163001, 0.163001, 51.9906540, 4.3768144
0.170001, 0.170001, 51.9906540, 4.3768153
0.184000, 0.175001, 51.9906540, 4.3768158
0.184998, 0.184000, 51.9906540, 4.3768158
0.175001, 0.184000, 51.9906540, 4.3768158
0.706000, 0.184998, 51.9906540, 4.3768163
0.175002, 0.175002, 51.9906540, 4.3768167
1.612000, 0.175002, 51.9906540, 4.3768167
0.158999, 0.175002, 51.9906540, 4.3768172
0.150002, 0.167000, 51.9906540, 4.3768172
0.180001, 0.167000, 51.9906540, 4.3768172
0.167000, 0.172999, 51.9906540, 4.3768172
0.175999, 0.173999, 51.9906540, 4.3768172
0.172999, 0.173999, 51.9906540, 4.3768172
0.173999, 0.175999, 51.9906540, 4.3768172
0.801999, 0.173999, 51.9906540, 4.3768167
0.372001, 0.173999, 51.9906540, 4.3768167
0.161001, 0.169002, 51.9906540, 4.3768163
0.167002, 0.169002, 51.9906540, 4.3768163
0.169002, 0.167002, 51.9906540, 4.3768158
1.271001, 0.169002, 51.9906540, 4.3768158
0.147001, 0.169002, 51.9906540, 4.3768158
0.174000, 0.174000, 51.9906540, 4.3768153
0.168998, 0.168998, 51.9906540, 4.3768153
0.175000, 0.168998, 51.9906540, 4.3768148
0.152999, 0.168998, 51.9906540, 4.3768148
0.159002, 0.162000, 51.9906540, 4.3768144
1.443999, 0.162000, 51.9906540, 4.3768139
0.162000, 0.167000, 51.9906540, 4.3768134
0.175999, 0.167000, 51.9906540, 4.3768134
0.167000, 0.162000, 51.9906540, 4.3768134
0.155001, 0.167000, 51.9906540, 4.3768129
0.158999, 0.167000, 51.9906540, 4.3768125
1.454001, 0.176000, 51.9906540, 4.3768120
2.046999, 0.176000, 51.9906540, 4.3768120
0.176000, 0.176000, 51.9906540, 4.3768110
0.157002, 0.175999, 51.9906540, 4.3768110
0.145999, 0.157002, 51.9906540, 4.3768110
0.175999, 0.157002, 51.9906540, 4.3768106
0.153000, 0.158001, 51.9906540, 4.3768106
0.170000, 0.170000, 51.9906540, 4.3768101
0.158001, 0.170000, 51.9906540, 4.3768096
1.606001, 1.169999, 51.9906540, 4.3768086
2.082999, 1.606001, 51.9906540, 4.3768082
1.169999, 1.606001, 51.9906540, 4.3768077
1.657000, 1.169999, 51.9906540, 4.3768072
0.164001, 0.169001, 51.9906540, 4.3768063
0.169001, 0.169001, 51.9906540, 4.3768058
0.157002, 0.167002, 51.9906540, 4.3768048
0.585002, 0.167002, 51.9906540, 4.3768039
0.167002, 0.161001, 51.9906502, 4.3768034
0.159001, 0.167002, 51.9906502, 4.3768024
0.161001, 0.166000, 51.9906502, 4.3768010
1.569001, 0.161001, 51.9906502, 4.3768001
0.166000, 0.161001, 51.9906502, 4.3767991
0.145999, 0.166000, 51.9906502, 4.3767982
0.153999, 0.166000, 51.9906502, 4.3767967
1.565002, 0.155001, 51.9906502, 4.3767958
0.954001, 0.166000, 51.9906502, 4.3767948
0.155001, 0.166000, 51.9906502, 4.3767934
0.166000, 0.166000, 51.9906464, 4.3767924
0.151000, 0.166000, 51.9906464, 4.3767915
0.306000, 0.306000, 51.9906464, 4.3767905
0.984999, 0.306000, 51.9906464, 4.3767891
0.475001, 0.306000, 51.9906464, 4.3767881
0.152000, 0.475001, 51.9906464, 4.3767862
0.165000, 0.165002, 51.9906464, 4.3767853
0.978999, 0.165002, 51.9906425, 4.3767838
0.165002, 0.715001, 51.9906425, 4.3767834
0.715001, 0.715001, 51.9906425, 4.3767819
1.399000, 0.166002, 51.9906425, 4.3767810
0.166002, 0.166002, 51.9906425, 4.3767796
0.164000, 0.164000, 51.9906425, 4.3767786
0.163001, 0.163001, 51.9906425, 4.3767767
0.157001, 0.161002, 51.9906425, 4.3767757
0.161002, 0.158999, 51.9906387, 4.3767743
0.158999, 0.158999, 51.9906387, 4.3767738
0.149999, 0.161002, 51.9906387, 4.3767724
0.173001, 0.173001, 51.9906387, 4.3767710
2.088001, 0.173001, 51.9906387, 4.3767705
0.174999, 0.174998, 51.9906387, 4.3767691
0.172000, 0.174998, 51.9906387, 4.3767681
0.174998, 0.174998, 51.9906387, 4.3767672
0.169001, 0.172999, 51.9906349, 4.3767662
2.043000, 0.172999, 51.9906349, 4.3767648
0.172999, 0.172999, 51.9906349, 4.3767638
0.163998, 0.172999, 51.9906349, 4.3767629
1.919001, 0.172999, 51.9906349, 4.3767619
0.172001, 0.172001, 51.9906349, 4.3767610
1.167001, 0.179000, 51.9906349, 4.3767600
0.155000, 0.173000, 51.9906349, 4.3767586
0.179000, 0.173000, 51.9906349, 4.3767581
0.173000, 0.171000, 51.9906349, 4.3767576
0.171000, 0.173000, 51.9906349, 4.3767576
0.167998, 0.173000, 51.9906349, 4.3767557
1.138001, 0.177002, 51.9906349, 4.3767548
0.177002, 0.417998, 51.9906349, 4.3767538
1.531001, 0.460998, 51.9906349, 4.3767538
0.417998, 0.417998, 51.9906349, 4.3767529
0.460998, 0.417998, 51.9906349, 4.3767524
0.184999, 0.188000, 51.9906349, 4.3767514
0.188000, 0.188000, 51.9906349, 4.3767514
0.180001, 0.184999, 51.9906349, 4.3767505
0.391001, 0.180001, 51.9906349, 4.3767500
0.171998, 0.180001, 51.9906349, 4.3767495
0.174998, 0.185999, 51.9906349, 4.3767495
1.202999, 0.185999, 51.9906311, 4.3767486
0.185999, 0.185999, 51.9906311, 4.3767486
2.058998, 0.185999, 51.9906311, 4.3767481
0.174998, 0.185999, 51.9906311, 4.3767481
0.182001, 0.190001, 51.9906311, 4.3767476
0.190001, 0.190001, 51.9906311, 4.3767471
2.005001, 0.294999, 51.9906311, 4.3767471
2.113002, 0.294999, 51.9906311, 4.3767471
0.294999, 0.294999, 51.9906311, 4.3767467
0.183002, 0.294999, 51.9906311, 4.3767467
0.173000, 0.184001, 51.9906311, 4.3767462
1.569999, 0.183002, 51.9906311, 4.3767462
0.184001, 0.184001, 51.9906311, 4.3767462
0.175000, 1.522999, 51.9906311, 4.3767462
1.522999, 0.197000, 51.9906311, 4.3767462
2.092001, 0.197000, 51.9906311, 4.3767462
0.197000, 1.522999, 51.9906311, 4.3767462
0.177998, 0.197000, 51.9906311, 4.3767462
2.118000, 0.181000, 51.9906311, 4.3767462
0.181000, 0.181000, 51.9906311, 4.3767462
0.178001, 1.982999, 51.9906311, 4.3767462
1.982999, 1.053999, 51.9906349, 4.3767462
2.021001, 1.113001, 51.9906349, 4.3767462
1.053999, 1.113001, 51.9906349, 4.3767462
1.113001, 1.053999, 51.9906349, 4.3767467
0.160999, 1.053999, 51.9906349, 4.3767467
0.186000, 0.186000, 51.9906349, 4.3767467
1.580001, 0.182001, 51.9906349, 4.3767471
0.181000, 0.182001, 51.9906349, 4.3767471
0.182001, 0.181000, 51.9906349, 4.3767471
0.176002, 0.176002, 51.9906349, 4.3767476
0.162999, 0.164000, 51.9906349, 4.3767476
0.164000, 0.164000, 51.9906349, 4.3767481
0.162001, 0.164000, 51.9906349, 4.3767481
0.182999, 0.165998, 51.9906349, 4.3767481
0.179000, 0.179000, 51.9906349, 4.3767481
0.165998, 0.179000, 51.9906349, 4.3767486
0.183999, 0.179000, 51.9906349, 4.3767486
0.153999, 0.165998, 51.9906349, 4.3767490
0.184001, 0.166002, 51.9906349, 4.3767495
0.148000, 0.166002, 51.9906349, 4.3767500
0.166002, 0.166002, 51.9906349, 4.3767509
0.181000, 0.157002, 51.9906349, 4.3767514
0.153001, 0.166002, 51.9906349, 4.3767519
0.157002, 0.167999, 51.9906349, 4.3767529
0.167999, 0.167999, 51.9906349, 4.3767533
0.177000, 0.169000, 51.9906349, 4.3767538
0.169000, 0.169000, 51.9906349, 4.3767548
0.174001, 0.170998, 51.9906349, 4.3767557
0.157001, 0.169000, 51.9906349, 4.3767567
0.170998, 0.170998, 51.9906349, 4.3767571
0.168001, 0.170998, 51.9906387, 4.3767586
0.175998, 0.170998, 51.9906387, 4.3767595
2.103998, 0.175998, 51.9906387, 4.3767610
0.167001, 0.175998, 51.9906387, 4.3767614
1.399000, 0.167001, 51.9906387, 4.3767629
0.162000, 0.166998, 51.9906387, 4.3767638
0.166998, 0.166998, 51.9906387, 4.3767648
0.165000, 0.166998, 51.9906387, 4.3767657
0.174002, 0.166999, 51.9906425, 4.3767667
0.166999, 0.170998, 51.9906425, 4.3767686
0.170998, 0.174002, 51.9906425, 4.3767691
0.176999, 0.176999, 51.9906425, 4.3767710
1.030998, 0.176999, 51.9906425, 4.3767719
1.492000, 0.176999, 51.9906425, 4.3767729
0.160999, 0.166000, 51.9906425, 4.3767738
0.165001, 0.165001, 51.9906425, 4.3767753
0.166000, 0.164999, 51.9906464, 4.3767762
0.156001, 0.165001, 51.9906464, 4.3767781
0.164999, 0.165001, 51.9906464, 4.3767791
0.165001, 0.164999, 51.9906464, 4.3767805
0.166000, 0.165001, 51.9906464, 4.3767810
0.154002, 0.165001, 51.9906464, 4.3767824
0.171000, 0.158002, 51.9906464, 4.3767834
0.153999, 0.158002, 51.9906502, 4.3767848
0.158002, 0.161000, 51.9906502, 4.3767862
0.161000, 0.158002, 51.9906502, 4.3767872
0.170999, 0.161000, 51.9906502, 4.3767881
0.152001, 0.170999, 51.9906502, 4.3767896
1.577999, 0.170999, 51.9906502, 4.3767905
2.099001, 0.159000, 51.9906502, 4.3767920
0.159000, 0.176001, 51.9906502, 4.3767934
0.158999, 0.162001, 51.9906540, 4.3767943
0.176001, 0.162001, 51.9906540, 4.3767958
0.162001, 0.162001, 51.9906540, 4.3767967
0.165000, 0.165000, 51.9906540, 4.3767977
0.154000, 0.165000, 51.9906540, 4.3767991
0.169000, 0.169000, 51.9906540, 4.3768001
0.170000, 0.169000, 51.9906540, 4.3768010
0.970001, 0.170000, 51.9906540, 4.3768020
0.155001, 0.170000, 51.9906540, 4.3768024
1.219002, 0.970001, 51.9906578, 4.3768034
0.168002, 0.182002, 51.9906578, 4.3768044
1.932998, 1.219002, 51.9906578, 4.3768048
0.182002, 0.182002, 51.9906578, 4.3768058
1.302002, 0.182002, 51.9906578, 4.3768063
0.164998, 0.177000, 51.9906578, 4.3768072
0.164998, 0.177000, 51.9906578, 4.3768072
0.177000, 0.177000, 51.9906578, 4.3768082
1.715001, 0.177001, 51.9906578, 4.3768082
0.179998, 0.177001, 51.9906578, 4.3768086
0.177001, 0.177001, 51.9906578, 4.3768086
0.167999, 0.177001, 51.9906578, 4.3768086
0.158002, 0.168000, 51.9906578, 4.3768082
1.735001, 0.168000, 51.9906578, 4.3768082
0.168000, 0.171999, 51.9906578, 4.3768077
0.189000, 0.189000, 51.9906578, 4.3768072
0.171999, 0.189000, 51.9906578, 4.3768067
1.719001, 0.189000, 51.9906578, 4.3768058
1.135000, 0.178000, 51.9906578, 4.3768053
0.170000, 0.178000, 51.9906578, 4.3768039
0.178000, 0.170000, 51.9906540, 4.3768034
0.170000, 0.170000, 51.9906540, 4.3768024
0.160999, 0.170000, 51.9906540, 4.3768010
0.170999, 0.170000, 51.9906540, 4.3768001
0.166998, 0.166998, 51.9906540, 4.3767986
1.390001, 0.166998, 51.9906540, 4.3767977
0.162000, 0.165999, 51.9906540, 4.3767962
0.165999, 0.164000, 51.9906540, 4.3767953
0.164000, 0.164000, 51.9906540, 4.3767934
0.161002, 0.165999, 51.9906502, 4.3767920
1.561002, 0.164000, 51.9906502, 4.3767905
0.168002, 0.162001, 51.9906502, 4.3767886
0.162001, 0.162001, 51.9906502, 4.3767881
0.155000, 0.162001, 51.9906502, 4.3767862
0.158000, 0.162001, 51.9906502, 4.3767848
0.172002, 0.158000, 51.9906502, 4.3767834
0.992000, 0.158000, 51.9906464, 4.3767819
0.155998, 0.164000, 51.9906464, 4.3767805
0.153001, 0.161999, 51.9906464, 4.3767786
0.164000, 0.155998, 51.9906464, 4.3767776
0.161999, 0.159000, 51.9906464, 4.3767762
0.155001, 0.161999, 51.9906464, 4.3767738
0.159000, 0.161999, 51.9906464, 4.3767724
0.162000, 0.160002, 51.9906425, 4.3767710
1.613998, 0.160002, 51.9906425, 4.3767695
0.160002, 0.162000, 51.9906425, 4.3767681
0.144001, 0.178000, 51.9906425, 4.3767667
0.178000, 0.160002, 51.9906425, 4.3767657
1.919999, 0.155999, 51.9906425, 4.3767638
0.155999, 0.155999, 51.9906425, 4.3767633
0.144999, 0.155999, 51.9906425, 4.3767624
0.153000, 0.155999, 51.9906425, 4.3767605
0.163002, 0.163002, 51.9906387, 4.3767591
0.169999, 0.166001, 51.9906387, 4.3767586
0.166001, 0.166001, 51.9906387, 4.3767562
0.170999, 0.166001, 51.9906387, 4.3767557
0.162001, 0.166001, 51.9906387, 4.3767543
0.165999, 0.167999, 51.9906387, 4.3767538
0.168001, 0.167001, 51.9906387, 4.3767529
0.167999, 0.167999, 51.9906387, 4.3767519
0.167001, 0.168001, 51.9906387, 4.3767509
0.173999, 0.167999, 51.9906387, 4.3767500
0.181001, 0.173999, 51.9906387, 4.3767490
0.167000, 0.176002, 51.9906387, 4.3767486
0.176002, 0.176002, 51.9906349, 4.3767481
0.179002, 0.167999, 51.9906349, 4.3767467
0.167999, 0.167999, 51.9906349, 4.3767462
0.163001, 0.167999, 51.9906349, 4.3767457
0.162001, 0.163001, 51.9906349, 4.3767452
0.168998, 0.162001, 51.9906349, 4.3767447
0.147001, 0.157000, 51.9906349, 4.3767443
0.150999, 0.157000, 51.9906349, 4.3767438
0.157000, 0.150999, 51.9906349, 4.3767438
1.526998, 0.150999, 51.9906349, 4.3767433
0.119001, 0.119001, 51.9906349, 4.3767433
0.100999, 0.113001, 51.9906349, 4.3767428
0.105998, 0.105998, 51.9906349, 4.3767424
0.113001, 0.105998, 51.9906349, 4.3767424
0.102000, 0.113001, 51.9906349, 4.3767424
0.934000, 0.668999, 51.9906349, 4.3767424
1.185999, 0.934000, 51.9906349, 4.3767419
0.668999, 0.934000, 51.9906349, 4.3767419
0.941000, 0.668999, 51.9906349, 4.3767419
0.067999, 0.084001, 51.9906349, 4.3767424
0.084001, 0.084001, 51.9906349, 4.3767424
0.054999, 0.084000, 51.9906349, 4.3767424
0.552002, 0.084000, 51.9906349, 4.3767424
0.084000, 0.058999, 51.9906349, 4.3767424
0.045002, 0.058999, 51.9906349, 4.3767424
0.058999, 0.058999, 51.9906349, 4.3767428
0.058001, 0.058999, 51.9906349, 4.3767433
0.418002, 0.058999, 51.9906349, 4.3767433
0.240000, 0.087998, 51.9906349, 4.3767438
0.019001, 0.087998, 51.9906349, 4.3767438
0.087998, 0.019001, 51.9906349, 4.3767438
0.002000, 0.019001, 51.9906349, 4.3767443
0.019000, 0.019000, 51.9906349, 4.3767447
0.022001, 0.002000, 51.9906349, 4.3767447
-0.001002, -0.001002, 51.9906349, 4.3767452
-0.325001, -0.156001, 51.9906349, 4.3767457
-0.156001, -0.215001, 51.9906349, 4.3767457
-0.215001, -0.291998, 51.9906349, 4.3767462
-0.291998, -0.291998, 51.9906349, 4.3767462
-0.475001, -0.466999, 51.9906349, 4.3767471
-0.466999, -0.475001, 51.9906349, 4.3767486
-0.771002, -0.480999, 51.9906349, 4.3767486
-0.480999, -0.481002, 51.9906349, 4.3767486
-0.656002, -0.656002, 51.9906349, 4.3767486
-0.481002, -0.525998, 51.9906349, 4.3767486
-1.053002, -0.656002, 51.9906349, 4.3767486
-0.525998, -0.525998, 51.9906349, 4.3767486
-0.789002, -0.671002, 51.9906349, 4.3767486
-0.459002, -0.525998, 51.9906349, 4.3767486
-0.671002, -0.527002, 51.9906349, 4.3767486
-0.451002, -0.492998, 51.9906349, 4.3767486
-0.527002, -0.492998, 51.9906349, 4.3767486
-0.492998, -0.451002, 51.9906349, 4.3767486
-0.323000, -0.492998, 51.9906349, 4.3767486
-0.406000, -0.486002, 51.9906349, 4.3767486
-0.618002, -0.463002, 51.9906349, 4.3767486
-0.486002, -0.486002, 51.9906349, 4.3767486
-0.463002, -0.486002, 51.9906349, 4.3767486
-0.873002, -0.470002, 51.9906349, 4.3767481
-0.463002, -0.470002, 51.9906349, 4.3767486
-0.470002, -0.470002, 51.9906349, 4.3767486
-0.654002, -0.463998, 51.9906349, 4.3767481
-0.463998, -0.470002, 51.9906349, 4.3767481
-0.363000, -0.472002, 51.9906349, 4.3767481
-0.750999, -0.472002, 51.9906349, 4.3767481
