0, 0.217001, 51.9906006, 4.3767819
35, 0.213001, 51.9906006, 4.3767819
70, 0.234002, 51.9906006, 4.3767819
105, 0.823000, 51.9906006, 4.3767815
140, 0.226001, 51.9905968, 4.3767815
175, 0.224002, 51.9905968, 4.3767819
210, 0.863002, 51.9905968, 4.3767819
245, 1.264002, 51.9905968, 4.3767819
280, 0.216999, 51.9905968, 4.3767824
315, 0.242999, 51.9905968, 4.3767824
350, 0.679999, 51.9905968, 4.3767834
385, 0.925002, 51.9905968, 4.3767834
420, 0.236001, 51.9905968, 4.3767838
455, 0.237001, 51.9905968, 4.3767848
490, 0.233000, 51.9905968, 4.3767853
525, 0.230000, 51.9905968, 4.3767862
560, 0.218999, 51.9905968, 4.3767867
595, 0.239001, 51.9905968, 4.3767872
630, 0.235000, 51.9905968, 4.3767881
665, 0.213000, 51.9905968, 4.3767886
700, 0.228000, 51.9906006, 4.3767905
735, 0.221999, 51.9906006, 4.3767910
770, 0.568001, 51.9906006, 4.3767924
805, 0.209998, 51.9906006, 4.3767934
840, 0.221000, 51.9906006, 4.3767943
875, 0.227999, 51.9906006, 4.3767958
910, 2.066001, 51.9906044, 4.3767967
945, 2.055000, 51.9906044, 4.3767977
980, 1.773999, 51.9906044, 4.3767986
1015, 1.190001, 51.9906044, 4.3768001
1050, 2.133999, 51.9906044, 4.3768010
1085, 0.223002, 51.9906044, 4.3768029
1120, 0.218000, 51.9906082, 4.3768039
1155, 0.211999, 51.9906082, 4.3768058
1190, 0.209001, 51.9906082, 4.3768063
1225, 0.222999, 51.9906082, 4.3768077
1260, 0.209002, 51.9906082, 4.3768086
1295, 0.223001, 51.9906120, 4.3768106
1330, 0.216000, 51.9906120, 4.3768115
1365, 1.430999, 51.9906120, 4.3768129
1400, 0.221998, 51.9906120, 4.3768139
1435, 0.222999, 51.9906120, 4.3768158
1470, 1.989000, 51.9906120, 4.3768163
1505, 0.226001, 51.9906158, 4.3768182
1540, 0.212998, 51.9906158, 4.3768187
1575, 0.217999, 51.9906158, 4.3768206
1610, 0.838998, 51.9906158, 4.3768215
1645, 0.217998, 51.9906158, 4.3768229
1680, 0.198002, 51.9906158, 4.3768239
1715, 0.218002, 51.9906158, 4.3768253
1750, 0.219001, 51.9906158, 4.3768268
1785, 0.222999, 51.9906158, 4.3768282
1820, 0.219001, 51.9906158, 4.3768287
1855, 1.772000, 51.9906158, 4.3768301
1890, 2.059000, 51.9906158, 4.3768311
1925, 0.209000, 51.9906158, 4.3768320
1960, 0.211000, 51.9906197, 4.3768330
1995, 0.225002, 51.9906197, 4.3768349
2030, 0.221999, 51.9906197, 4.3768353
2065, 0.214002, 51.9906197, 4.3768368
2100, 1.225000, 51.9906197, 4.3768377
2135, 0.218001, 51.9906197, 4.3768382
2170, 0.211999, 51.9906197, 4.3768392
2205, 0.214001, 51.9906197, 4.3768401
2240, 0.227001, 51.9906235, 4.3768406
2275, 0.246000, 51.9906235, 4.3768415
2310, 0.225001, 51.9906235, 4.3768425
2345, 0.229999, 51.9906235, 4.3768430
2380, 0.207000, 51.9906235, 4.3768439
2415, 0.225998, 51.9906235, 4.3768449
2450, 0.225000, 51.9906235, 4.3768454
2485, 0.226999, 51.9906235, 4.3768458
2520, 0.243002, 51.9906235, 4.3768458
2555, 0.235002, 51.9906235, 4.3768463
2590, 1.143001, 51.9906235, 4.3768473
2625, 0.205002, 51.9906235, 4.3768473
2660, 0.216001, 51.9906235, 4.3768477
2695, 0.228001, 51.9906235, 4.3768482
2730, 0.215999, 51.9906235, 4.3768482
2765, 0.201999, 51.9906273, 4.3768482
2800, 0.215001, 51.9906273, 4.3768487
2835, 0.572001, 51.9906273, 4.3768487
2870, 0.214001, 51.9906273, 4.3768487
2905, 0.215000, 51.9906273, 4.3768487
2940, 0.199999, 51.9906273, 4.3768487
2975, 0.223002, 51.9906273, 4.3768487
3010, 0.214001, 51.9906273, 4.3768487
3045, 0.214001, 51.9906273, 4.3768487
3080, 0.210001, 51.9906273, 4.3768487
3115, 0.224001, 51.9906273, 4.3768487
3150, 0.226999, 51.9906273, 4.3768482
3185, 0.753002, 51.9906273, 4.3768482
3220, 0.211999, 51.9906273, 4.3768482
3255, 0.220000, 51.9906273, 4.3768482
3325, 0.177998, 51.9906273, 4.3768477
3360, 0.199000, 51.9906273, 4.3768473
3395, 0.186999, 51.9906273, 4.3768473
3430, 0.192998, 51.9906273, 4.3768468
3465, 0.204001, 51.9906273, 4.3768463
3500, 0.204998, 51.9906273, 4.3768463
3535, 0.207998, 51.9906273, 4.3768463
3570, 1.641001, 51.9906273, 4.3768458
3605, 1.266000, 51.9906273, 4.3768458
3640, 0.199002, 51.9906273, 4.3768458
3675, 0.222000, 51.9906273, 4.3768454
3710, 0.213002, 51.9906273, 4.3768449
3745, 0.216999, 51.9906273, 4.3768449
3780, 0.225001, 51.9906273, 4.3768449
3815, 0.215002, 51.9906273, 4.3768444
3850, 0.217999, 51.9906273, 4.3768439
3885, 0.212999, 51.9906273, 4.3768439
3920, 0.213999, 51.9906273, 4.3768435
3955, 0.209000, 51.9906273, 4.3768430
3990, 1.716000, 51.9906273, 4.3768430
4025, 0.200001, 51.9906273, 4.3768430
4060, 1.341999, 51.9906273, 4.3768425
4095, 0.210001, 51.9906273, 4.3768415
4130, 0.213002, 51.9906273, 4.3768406
4165, 0.207999, 51.9906273, 4.3768406
4200, 0.202001, 51.9906273, 4.3768401
4235, 1.515002, 51.9906235, 4.3768392
4270, 0.208000, 51.9906235, 4.3768382
4305, 0.210001, 51.9906235, 4.3768377
4340, 0.209999, 51.9906235, 4.3768368
4375, 0.212000, 51.9906235, 4.3768358
4410, 0.203001, 51.9906235, 4.3768344
4445, 0.212001, 51.9906235, 4.3768334
4480, 0.210002, 51.9906235, 4.3768330
4515, 1.190001, 51.9906235, 4.3768320
4550, 0.216001, 51.9906197, 4.3768306
4585, 1.903001, 51.9906197, 4.3768296
4620, 0.207000, 51.9906197, 4.3768287
4655, 2.016999, 51.9906197, 4.3768277
4690, 0.212001, 51.9906197, 4.3768263
4725, 0.200000, 51.9906197, 4.3768253
4760, 0.212999, 51.9906197, 4.3768239
4795, 0.195000, 51.9906158, 4.3768225
4830, 0.201999, 51.9906158, 4.3768210
4865, 0.207001, 51.9906158, 4.3768201
4900, 0.209999, 51.9906158, 4.3768187
4935, 0.652001, 51.9906158, 4.3768177
4970, 0.207000, 51.9906158, 4.3768163
5005, 1.691998, 51.9906158, 4.3768153
5040, 0.212001, 51.9906158, 4.3768139
5075, 0.199002, 51.9906158, 4.3768129
5110, 0.201999, 51.9906158, 4.3768115
5145, 0.210999, 51.9906158, 4.3768101
5180, 0.208999, 51.9906158, 4.3768086
5215, 1.852000, 51.9906158, 4.3768077
5250, 1.033001, 51.9906158, 4.3768063
5285, 0.196001, 51.9906120, 4.3768053
5320, 1.171998, 51.9906120, 4.3768039
5355, 0.210999, 51.9906120, 4.3768034
5390, 0.211001, 51.9906120, 4.3768020
5425, 0.217000, 51.9906120, 4.3768010
5460, 0.209999, 51.9906120, 4.3767996
5495, 0.204001, 51.9906120, 4.3767986
5530, 0.220999, 51.9906082, 4.3767967
5565, 1.620999, 51.9906082, 4.3767958
5600, 0.222002, 51.9906082, 4.3767948
5635, 0.211001, 51.9906082, 4.3767943
5670, 0.201000, 51.9906082, 4.3767929
5705, 0.225999, 51.9906082, 4.3767915
5740, 0.199998, 51.9906082, 4.3767905
5775, 0.222001, 51.9906082, 4.3767896
5810, 0.212000, 51.9906044, 4.3767881
5845, 0.227000, 51.9906044, 4.3767872
5880, 0.220000, 51.9906044, 4.3767862
5915, 0.231000, 51.9906044, 4.3767858
5950, 0.216001, 51.9906044, 4.3767848
5985, 0.214998, 51.9906044, 4.3767838
6020, 0.211999, 51.9906044, 4.3767834
6055, 0.625000, 51.9906044, 4.3767824
6090, 0.223998, 51.9906044, 4.3767815
6125, 0.404000, 51.9906044, 4.3767810
6160, 0.217001, 51.9906044, 4.3767800
6195, 0.229000, 51.9906044, 4.3767791
6230, 0.209999, 51.9906006, 4.3767786
6265, 0.209999, 51.9906006, 4.3767781
6300, 0.225001, 51.9906006, 4.3767772
6335, 0.209999, 51.9906006, 4.3767767
6370, 0.214002, 51.9906006, 4.3767762
6405, 0.207000, 51.9906006, 4.3767762
6440, 0.223002, 51.9906006, 4.3767753
6475, 0.242000, 51.9906006, 4.3767753
6510, 0.406999, 51.9906006, 4.3767743
6545, 1.532001, 51.9906006, 4.3767738
6580, 0.214002, 51.9906006, 4.3767738
6615, 0.882000, 51.9906006, 4.3767734
6650, 1.594000, 51.9906006, 4.3767734
6685, 0.221002, 51.9906006, 4.3767729
6720, 0.223999, 51.9906006, 4.3767729
6755, 0.223999, 51.9906006, 4.3767724
6790, 0.217000, 51.9906006, 4.3767719
6825, 0.224000, 51.9906006, 4.3767719
6860, 0.226000, 51.9906006, 4.3767719
6895, 0.219001, 51.9906006, 4.3767719
6930, 0.223002, 51.9906006, 4.3767719
6965, 0.243002, 51.9906006, 4.3767715
7000, 0.227002, 51.9906006, 4.3767715
7035, 0.233002, 51.9906006, 4.3767715
7070, 0.224002, 51.9906006, 4.3767715
7105, 0.222002, 51.9906006, 4.3767715
7140, 0.224001, 51.9906006, 4.3767715
7175, 0.232001, 51.9906044, 4.3767715
7210, 0.228000, 51.9906044, 4.3767719
7245, 0.252999, 51.9906044, 4.3767719
7280, 0.214002, 51.9906044, 4.3767719
7315, 0.223001, 51.9906044, 4.3767719
7350, 0.227001, 51.9906044, 4.3767724
7385, 0.218000, 51.9906044, 4.3767729
7420, 1.459999, 51.9906044, 4.3767734
7455, 0.233002, 51.9906044, 4.3767738
7490, 0.217000, 51.9906044, 4.3767743
7525, 0.222999, 51.9906044, 4.3767748
7560, 0.231001, 51.9906044, 4.3767757
7595, 0.223000, 51.9906044, 4.3767762
7630, 0.229998, 51.9906044, 4.3767772
7665, 0.203001, 51.9906082, 4.3767781
7700, 0.212000, 51.9906082, 4.3767786
7735, 0.211000, 51.9906082, 4.3767796
7770, 0.215998, 51.9906082, 4.3767810
7805, 0.188000, 51.9906082, 4.3767824
7840, 0.206999, 51.9906082, 4.3767834
7875, 0.193998, 51.9906082, 4.3767838
7910, 0.201000, 51.9906120, 4.3767858
7945, 0.202998, 51.9906120, 4.3767867
7980, 0.201001, 51.9906120, 4.3767881
8015, 0.209000, 51.9906120, 4.3767886
8050, 0.204999, 51.9906120, 4.3767905
8085, 0.201998, 51.9906120, 4.3767910
8120, 0.184998, 51.9906120, 4.3767910
8155, 0.190999, 51.9906120, 4.3767939
8190, 0.209002, 51.9906158, 4.3767953
8225, 0.293998, 51.9906158, 4.3767972
8260, 0.203000, 51.9906158, 4.3767986
8295, 0.211999, 51.9906158, 4.3767991
8330, 0.203000, 51.9906158, 4.3768010
8365, 0.192000, 51.9906158, 4.3768010
8400, 0.201001, 51.9906158, 4.3768039
8435, 0.208999, 51.9906158, 4.3768053
8470, 0.190001, 51.9906158, 4.3768063
8505, 0.198999, 51.9906158, 4.3768077
8540, 0.194000, 51.9906158, 4.3768082
8575, 0.203000, 51.9906158, 4.3768106
8610, 0.203002, 51.9906158, 4.3768115
8645, 0.193000, 51.9906158, 4.3768129
8680, 1.364998, 51.9906197, 4.3768134
8715, 0.202001, 51.9906197, 4.3768148
8750, 0.206999, 51.9906197, 4.3768158
8785, 0.201001, 51.9906197, 4.3768167
8820, 1.601000, 51.9906197, 4.3768182
8855, 0.202998, 51.9906197, 4.3768191
8890, 0.195000, 51.9906197, 4.3768206
8925, 0.195999, 51.9906197, 4.3768215
8960, 1.796999, 51.9906197, 4.3768215
8995, 0.206002, 51.9906235, 4.3768239
9030, 0.707002, 51.9906235, 4.3768249
9065, 0.211002, 51.9906235, 4.3768258
9100, 0.220002, 51.9906235, 4.3768268
9135, 1.572998, 51.9906235, 4.3768277
9170, 0.202999, 51.9906235, 4.3768282
9205, 0.191000, 51.9906235, 4.3768301
9240, 0.193000, 51.9906235, 4.3768306
9275, 0.207000, 51.9906273, 4.3768315
9310, 0.198001, 51.9906273, 4.3768330
9345, 0.205001, 51.9906273, 4.3768330
9380, 0.217001, 51.9906273, 4.3768339
9415, 0.213001, 51.9906273, 4.3768349
9450, 1.896001, 51.9906273, 4.3768353
9485, 0.222002, 51.9906273, 4.3768363
9520, 0.197999, 51.9906273, 4.3768368
9555, 0.223000, 51.9906273, 4.3768377
9590, 0.201001, 51.9906273, 4.3768382
9625, 0.227999, 51.9906273, 4.3768387
9660, 2.005000, 51.9906273, 4.3768392
9695, 0.220002, 51.9906273, 4.3768396
9730, 0.209000, 51.9906311, 4.3768401
9765, 0.201002, 51.9906311, 4.3768406
9800, 0.220000, 51.9906311, 4.3768406
9835, 0.208000, 51.9906311, 4.3768411
9870, 0.208999, 51.9906311, 4.3768415
9905, 0.203998, 51.9906311, 4.3768415
9940, 1.060001, 51.9906311, 4.3768415
9975, 0.194001, 51.9906311, 4.3768420
10010, 1.725000, 51.9906311, 4.3768420
10045, 0.213000, 51.9906311, 4.3768420
10080, 0.222999, 51.9906311, 4.3768420
10115, 1.803999, 51.9906311, 4.3768420
10150, 0.196998, 51.9906311, 4.3768420
10185, 0.270002, 51.9906311, 4.3768420
10220, 0.183002, 51.9906311, 4.3768420
10255, 0.189001, 51.9906311, 4.3768420
10290, 0.205999, 51.9906311, 4.3768420
10325, 0.196001, 51.9906311, 4.3768415
10360, 0.213000, 51.9906311, 4.3768415
10395, 0.206000, 51.9906311, 4.3768415
10430, 0.194999, 51.9906311, 4.3768415
10465, 0.185002, 51.9906311, 4.3768415
10500, 0.204001, 51.9906311, 4.3768411
10535, 0.283000, 51.9906311, 4.3768411
10570, 0.191999, 51.9906311, 4.3768406
10605, 0.288999, 51.9906311, 4.3768406
10640, 0.204002, 51.9906311, 4.3768406
10675, 0.308000, 51.9906311, 4.3768406
10710, 0.293999, 51.9906311, 4.3768406
10745, 0.198000, 51.9906349, 4.3768401
10780, 0.192999, 51.9906349, 4.3768401
10815, 0.190000, 51.9906349, 4.3768396
10850, 0.193002, 51.9906349, 4.3768396
10885, 1.229999, 51.9906349, 4.3768392
10920, 0.323000, 51.9906349, 4.3768392
10955, 1.759999, 51.9906349, 4.3768392
10990, 1.555001, 51.9906349, 4.3768392
11025, 1.024999, 51.9906349, 4.3768387
11060, 0.184001, 51.9906349, 4.3768387
11095, 1.995002, 51.9906349, 4.3768382
11130, 0.184998, 51.9906349, 4.3768382
11165, 0.198999, 51.9906349, 4.3768382
11200, 0.198000, 51.9906311, 4.3768377
11235, 0.191001, 51.9906311, 4.3768377
11270, 1.987001, 51.9906311, 4.3768368
11305, 0.928001, 51.9906311, 4.3768363
11340, 1.151001, 51.9906311, 4.3768358
11375, 1.929000, 51.9906311, 4.3768353
11410, 1.165999, 51.9906311, 4.3768344
11445, 1.189999, 51.9906311, 4.3768339
11480, 1.207000, 51.9906311, 4.3768330
11515, 1.207999, 51.9906311, 4.3768320
11550, 0.510001, 51.9906311, 4.3768311
11585, 0.204999, 51.9906311, 4.3768301
11620, 0.444001, 51.9906311, 4.3768287
11655, 0.429000, 51.9906273, 4.3768282
11690, 1.385999, 51.9906273, 4.3768272
11725, 1.811001, 51.9906273, 4.3768258
11760, 0.196999, 51.9906273, 4.3768249
11795, 0.188998, 51.9906273, 4.3768239
11830, 0.194000, 51.9906273, 4.3768225
11865, 0.192999, 51.9906273, 4.3768210
11900, 0.197999, 51.9906235, 4.3768201
11935, 1.323001, 51.9906235, 4.3768187
11970, 0.182001, 51.9906235, 4.3768177
12005, 1.364000, 51.9906235, 4.3768163
12040, 0.197002, 51.9906235, 4.3768153
12075, 1.378000, 51.9906235, 4.3768139
12110, 0.188002, 51.9906235, 4.3768129
12145, 0.202002, 51.9906197, 4.3768110
12180, 0.195998, 51.9906197, 4.3768101
12215, 0.203999, 51.9906197, 4.3768086
12250, 0.191999, 51.9906197, 4.3768077
12285, 0.432001, 51.9906197, 4.3768072
12320, 1.777001, 51.9906197, 4.3768058
12355, 0.192998, 51.9906158, 4.3768044
12390, 0.187000, 51.9906158, 4.3768034
12425, 0.208002, 51.9906158, 4.3768024
12460, 0.199998, 51.9906158, 4.3768005
12495, 0.208001, 51.9906158, 4.3767991
12530, 1.392999, 51.9906158, 4.3767986
12565, 0.206998, 51.9906158, 4.3767977
12600, 0.206000, 51.9906158, 4.3767958
12635, 1.249999, 51.9906158, 4.3767953
12670, 1.682001, 51.9906158, 4.3767939
12705, 0.227999, 51.9906158, 4.3767929
12740, 0.207001, 51.9906158, 4.3767920
12775, 0.192999, 51.9906158, 4.3767910
12810, 1.591000, 51.9906158, 4.3767900
12845, 1.019001, 51.9906158, 4.3767886
12880, 0.215999, 51.9906120, 4.3767877
12915, 0.202000, 51.9906120, 4.3767862
12950, 0.214998, 51.9906120, 4.3767858
12985, 0.215000, 51.9906120, 4.3767848
13020, 0.212999, 51.9906120, 4.3767834
13055, 0.201998, 51.9906120, 4.3767829
13090, 0.191001, 51.9906120, 4.3767819
13125, 0.200000, 51.9906120, 4.3767810
13160, 1.903000, 51.9906120, 4.3767800
13195, 0.199999, 51.9906082, 4.3767791
13230, 0.189999, 51.9906082, 4.3767786
13265, 1.331002, 51.9906082, 4.3767776
13300, 0.965002, 51.9906082, 4.3767767
13335, 0.216002, 51.9906082, 4.3767762
13370, 0.220002, 51.9906082, 4.3767753
13405, 0.995001, 51.9906082, 4.3767743
13440, 0.221001, 51.9906082, 4.3767738
13475, 1.141001, 51.9906082, 4.3767734
13510, 0.218001, 51.9906082, 4.3767729
13545, 0.215002, 51.9906082, 4.3767719
13580, 0.868999, 51.9906082, 4.3767719
13615, 1.822999, 51.9906082, 4.3767710
13650, 1.473000, 51.9906082, 4.3767710
13685, 1.032000, 51.9906082, 4.3767705
13720, 0.350001, 51.9906082, 4.3767695
13755, 1.096998, 51.9906082, 4.3767695
13790, 0.228000, 51.9906044, 4.3767691
13825, 1.137998, 51.9906044, 4.3767686
13860, 0.210000, 51.9906082, 4.3767686
13895, 0.221998, 51.9906082, 4.3767681
13930, 0.225000, 51.9906082, 4.3767681
13965, 0.221999, 51.9906082, 4.3767681
14000, 0.210001, 51.9906082, 4.3767676
14035, 0.219000, 51.9906082, 4.3767676
14070, 0.223999, 51.9906082, 4.3767672
14105, 0.306998, 51.9906082, 4.3767672
14140, 2.015001, 51.9906082, 4.3767672
14175, 0.218998, 51.9906082, 4.3767672
14210, 0.217000, 51.9906082, 4.3767667
14245, 0.217001, 51.9906082, 4.3767667
14280, 2.017002, 51.9906082, 4.3767667
14315, 0.209002, 51.9906082, 4.3767667
14350, 0.217001, 51.9906082, 4.3767667
14385, 0.235000, 51.9906082, 4.3767667
14420, 1.091999, 51.9906082, 4.3767667
14455, 0.228998, 51.9906082, 4.3767667
14490, 1.665001, 51.9906082, 4.3767672
14525, 0.229000, 51.9906082, 4.3767672
14560, 0.339000, 51.9906082, 4.3767672
14595, 0.225000, 51.9906082, 4.3767676
14630, 0.229000, 51.9906082, 4.3767681
14665, 0.219001, 51.9906120, 4.3767681
14700, 0.214001, 51.9906120, 4.3767686
14735, 1.306001, 51.9906120, 4.3767691
14770, 0.213001, 51.9906120, 4.3767695
14805, 0.205000, 51.9906120, 4.3767705
14840, 0.212999, 51.9906120, 4.3767710
14875, 1.052999, 51.9906120, 4.3767719
14910, 0.190999, 51.9906120, 4.3767719
14945, 0.202000, 51.9906120, 4.3767734
14980, 0.199999, 51.9906120, 4.3767748
15015, 0.990001, 51.9906158, 4.3767757
15050, 0.201000, 51.9906158, 4.3767767
15085, 0.191999, 51.9906158, 4.3767776
15120, 0.188001, 51.9906158, 4.3767786
15155, 0.187000, 51.9906158, 4.3767800
15190, 0.210999, 51.9906158, 4.3767810
15225, 0.209002, 51.9906158, 4.3767824
15260, 0.192000, 51.9906158, 4.3767834
15295, 0.196999, 51.9906158, 4.3767848
15330, 0.198001, 51.9906158, 4.3767862
15365, 2.160000, 51.9906158, 4.3767872
15400, 0.187998, 51.9906158, 4.3767886
15435, 1.635001, 51.9906158, 4.3767905
15470, 0.180999, 51.9906158, 4.3767915
15505, 0.189001, 51.9906197, 4.3767929
15540, 0.190000, 51.9906197, 4.3767939
15575, 0.207001, 51.9906197, 4.3767953
15610, 0.198998, 51.9906197, 4.3767967
15645, 0.192000, 51.9906197, 4.3767977
15680, 0.197002, 51.9906197, 4.3767991
15715, 0.193000, 51.9906197, 4.3768005
15750, 0.195998, 51.9906235, 4.3768015
15785, 0.205999, 51.9906235, 4.3768034
15820, 0.200999, 51.9906235, 4.3768039
15855, 0.181000, 51.9906235, 4.3768058
15890, 0.189998, 51.9906235, 4.3768072
15925, 0.190001, 51.9906235, 4.3768082
15960, 0.197999, 51.9906235, 4.3768096
15995, 0.186001, 51.9906273, 4.3768110
16030, 0.198000, 51.9906273, 4.3768120
16065, 0.194001, 51.9906273, 4.3768134
16100, 0.185999, 51.9906273, 4.3768148
16135, 0.195001, 51.9906273, 4.3768158
16170, 0.198000, 51.9906273, 4.3768172
16205, 0.189999, 51.9906273, 4.3768182
16240, 0.203999, 51.9906273, 4.3768182
16275, 0.308999, 51.9906273, 4.3768182
16310, 0.186002, 51.9906311, 4.3768210
16345, 0.179001, 51.9906311, 4.3768225
16380, 1.861001, 51.9906311, 4.3768234
16415, 2.067001, 51.9906311, 4.3768244
16450, 2.083001, 51.9906311, 4.3768258
16485, 2.093002, 51.9906311, 4.3768263
16520, 2.081998, 51.9906311, 4.3768277
16555, 2.072000, 51.9906311, 4.3768282
16590, 2.093001, 51.9906311, 4.3768291
16625, 2.083999, 51.9906311, 4.3768306
16660, 2.069000, 51.9906349, 4.3768311
16695, 1.230998, 51.9906349, 4.3768315
16730, 2.205000, 51.9906349, 4.3768325
16765, 1.225001, 51.9906349, 4.3768330
16800, 0.439000, 51.9906349, 4.3768339
16835, 1.193998, 51.9906349, 4.3768349
16870, 1.136002, 51.9906349, 4.3768353
16905, 0.140001, 51.9906349, 4.3768358
16940, 1.765001, 51.9906349, 4.3768358
16975, 0.208001, 51.9906349, 4.3768363
17010, 0.209001, 51.9906349, 4.3768368
17045, 1.109998, 51.9906349, 4.3768373
17080, 1.437999, 51.9906349, 4.3768377
17115, 0.542999, 51.9906349, 4.3768377
17150, 0.199001, 51.9906349, 4.3768382
17185, 0.180001, 51.9906349, 4.3768382
17220, 0.192000, 51.9906349, 4.3768382
17255, 0.193000, 51.9906349, 4.3768382
17290, 1.133999, 51.9906349, 4.3768382
17325, 0.210999, 51.9906349, 4.3768382
17360, 0.342998, 51.9906349, 4.3768382
17395, 1.428000, 51.9906349, 4.3768382
17430, 1.075999, 51.9906349, 4.3768382
17465, 0.191000, 51.9906349, 4.3768382
17500, 1.467999, 51.9906349, 4.3768382
17535, 0.192998, 51.9906349, 4.3768382
17570, 1.078002, 51.9906349, 4.3768382
17605, 1.085001, 51.9906349, 4.3768377
17640, 0.350001, 51.9906349, 4.3768377
17675, 0.187000, 51.9906349, 4.3768377
17710, 1.669000, 51.9906349, 4.3768373
17745, 0.356999, 51.9906349, 4.3768368
17780, 1.101999, 51.9906349, 4.3768368
17815, 1.105001, 51.9906349, 4.3768363
17850, 1.611999, 51.9906349, 4.3768358
17885, 1.122001, 51.9906349, 4.3768358
17920, 1.126999, 51.9906349, 4.3768358
17955, 1.147002, 51.9906349, 4.3768358
17990, 1.145999, 51.9906349, 4.3768353
18025, 1.140001, 51.9906349, 4.3768353
18060, 1.151999, 51.9906349, 4.3768349
18095, 1.160000, 51.9906349, 4.3768344
18130, 0.396998, 51.9906349, 4.3768344
18165, 1.706999, 51.9906349, 4.3768339
18200, 1.484001, 51.9906349, 4.3768334
18235, 1.184002, 51.9906349, 4.3768334
18270, 1.173999, 51.9906349, 4.3768334
18305, 2.003000, 51.9906349, 4.3768330
18340, 1.937999, 51.9906349, 4.3768330
18375, 1.196999, 51.9906349, 4.3768330
18410, 1.193999, 51.9906349, 4.3768330
18445, 1.199999, 51.9906349, 4.3768325
18480, 1.638000, 51.9906349, 4.3768320
18515, 1.586000, 51.9906349, 4.3768315
18550, 1.745999, 51.9906349, 4.3768306
18585, 1.211999, 51.9906349, 4.3768306
18620, 1.214998, 51.9906349, 4.3768301
18655, 1.730000, 51.9906349, 4.3768296
18690, 1.226999, 51.9906349, 4.3768287
18725, 1.769002, 51.9906349, 4.3768282
18760, 1.971999, 51.9906349, 4.3768272
18795, 1.786002, 51.9906349, 4.3768263
18830, 1.779000, 51.9906349, 4.3768258
18865, 1.576002, 51.9906349, 4.3768249
18900, 1.561999, 51.9906349, 4.3768239
18935, 1.545001, 51.9906311, 4.3768229
18970, 1.632000, 51.9906311, 4.3768220
19005, 0.167998, 51.9906311, 4.3768206
19040, 0.474001, 51.9906311, 4.3768201
19075, 0.173000, 51.9906311, 4.3768191
19110, 0.572001, 51.9906311, 4.3768182
19145, 0.192000, 51.9906311, 4.3768172
19180, 0.515999, 51.9906311, 4.3768158
19215, 1.049001, 51.9906311, 4.3768148
19250, 1.928999, 51.9906273, 4.3768134
19285, 0.188999, 51.9906273, 4.3768134
19320, 0.191999, 51.9906273, 4.3768110
19355, 0.202000, 51.9906273, 4.3768101
19390, 2.022002, 51.9906273, 4.3768086
19425, 0.194999, 51.9906273, 4.3768077
19460, 0.202000, 51.9906273, 4.3768063
19495, 1.883002, 51.9906235, 4.3768058
19530, 0.209999, 51.9906235, 4.3768044
19565, 0.186999, 51.9906235, 4.3768024
19600, 0.201000, 51.9906235, 4.3768015
19635, 0.200000, 51.9906235, 4.3768005
19670, 1.104001, 51.9906235, 4.3767991
19705, 0.201001, 51.9906235, 4.3767986
19740, 1.419001, 51.9906235, 4.3767967
19775, 1.942001, 51.9906197, 4.3767958
19810, 1.132002, 51.9906197, 4.3767948
19845, 1.595001, 51.9906197, 4.3767934
19880, 0.193999, 51.9906197, 4.3767920
19915, 1.461999, 51.9906197, 4.3767910
19950, 2.024000, 51.9906197, 4.3767896
19985, 0.203001, 51.9906197, 4.3767886
20020, 1.668999, 51.9906197, 4.3767881
20055, 0.214000, 51.9906158, 4.3767862
20090, 0.203001, 51.9906158, 4.3767858
20125, 2.195999, 51.9906158, 4.3767843
20160, 0.220001, 51.9906158, 4.3767834
20195, 0.201999, 51.9906158, 4.3767824
20230, 0.207000, 51.9906158, 4.3767815
20265, 0.213002, 51.9906158, 4.3767810
20300, 0.220999, 51.9906158, 4.3767791
20335, 1.075000, 51.9906158, 4.3767786
20370, 0.213001, 51.9906158, 4.3767772
20405, 0.194000, 51.9906158, 4.3767762
20440, 0.221002, 51.9906158, 4.3767753
20475, 1.099001, 51.9906158, 4.3767748
20510, 0.221999, 51.9906158, 4.3767738
20545, 0.201999, 51.9906158, 4.3767729
20580, 0.212001, 51.9906158, 4.3767719
20615, 0.850001, 51.9906158, 4.3767710
20650, 0.224000, 51.9906158, 4.3767710
20685, 1.346001, 51.9906158, 4.3767705
20720, 2.158001, 51.9906158, 4.3767695
20755, 0.208999, 51.9906158, 4.3767691
20790, 1.510002, 51.9906158, 4.3767686
20825, 0.219001, 51.9906158, 4.3767681
20860, 0.198999, 51.9906120, 4.3767676
20895, 1.671000, 51.9906120, 4.3767672
20930, 0.215002, 51.9906120, 4.3767672
20965, 1.619999, 51.9906120, 4.3767667
21000, 2.127001, 51.9906120, 4.3767662
21035, 0.219998, 51.9906120, 4.3767662
21070, 0.205999, 51.9906120, 4.3767657
21105, 0.201999, 51.9906120, 4.3767657
21140, 0.228000, 51.9906120, 4.3767653
21175, 1.655001, 51.9906120, 4.3767653
21210, 0.218001, 51.9906120, 4.3767648
21245, 0.210001, 51.9906120, 4.3767648
21280, 0.205001, 51.9906120, 4.3767648
21315, 1.972001, 51.9906120, 4.3767643
21350, 0.203000, 51.9906120, 4.3767643
21385, 1.971999, 51.9906120, 4.3767638
21420, 0.207001, 51.9906120, 4.3767643
21455, 0.205998, 51.9906120, 4.3767643
21490, 0.192000, 51.9906120, 4.3767638
21525, 0.200001, 51.9906120, 4.3767638
21560, 2.011999, 51.9906120, 4.3767638
21595, 0.210000, 51.9906120, 4.3767638
21630, 0.943000, 51.9906120, 4.3767638
21665, 1.534001, 51.9906120, 4.3767643
21700, 0.210999, 51.9906158, 4.3767643
21735, 1.609999, 51.9906158, 4.3767643
21770, 0.201000, 51.9906158, 4.3767643
21805, 0.191001, 51.9906158, 4.3767643
21840, 0.881999, 51.9906158, 4.3767648
21875, 0.445000, 51.9906158, 4.3767648
21910, 0.200000, 51.9906158, 4.3767648
21945, 0.197001, 51.9906158, 4.3767648
21980, 0.202002, 51.9906158, 4.3767653
22015, 1.727999, 51.9906158, 4.3767657
22050, 1.218000, 51.9906158, 4.3767657
22085, 0.197001, 51.9906158, 4.3767657
22120, 0.203001, 51.9906158, 4.3767657
22155, 0.180998, 51.9906158, 4.3767662
22190, 0.214999, 51.9906158, 4.3767662
22225, 0.201999, 51.9906158, 4.3767662
22260, 0.599999, 51.9906158, 4.3767667
22295, 1.380999, 51.9906158, 4.3767672
22330, 0.197999, 51.9906158, 4.3767676
22365, 1.180999, 51.9906158, 4.3767681
22400, 0.198999, 51.9906158, 4.3767686
22435, 0.206999, 51.9906158, 4.3767695
22470, 0.761999, 51.9906158, 4.3767700
22505, 0.181999, 51.9906158, 4.3767710
22540, 0.201999, 51.9906158, 4.3767719
22575, 0.180999, 51.9906158, 4.3767729
22610, 0.185998, 51.9906158, 4.3767738
22645, 0.188001, 51.9906158, 4.3767748
22680, 0.179000, 51.9906158, 4.3767762
22715, 0.180999, 51.9906158, 4.3767762
22750, 0.199001, 51.9906197, 4.3767776
22785, 0.183000, 51.9906197, 4.3767786
22820, 0.181001, 51.9906197, 4.3767800
22855, 0.189002, 51.9906197, 4.3767815
22890, 0.207000, 51.9906197, 4.3767829
22925, 0.193002, 51.9906197, 4.3767838
22960, 0.203000, 51.9906197, 4.3767853
22995, 0.179001, 51.9906235, 4.3767862
23030, 0.195998, 51.9906235, 4.3767872
23065, 0.195999, 51.9906235, 4.3767886
23100, 0.340999, 51.9906235, 4.3767896
23135, 0.184000, 51.9906235, 4.3767910
23170, 0.178000, 51.9906235, 4.3767920
23205, 2.078999, 51.9906273, 4.3767939
23240, 0.177999, 51.9906273, 4.3767953
23275, 0.188000, 51.9906273, 4.3767962
23310, 2.115000, 51.9906273, 4.3767977
23345, 0.201000, 51.9906273, 4.3767986
23380, 0.191001, 51.9906273, 4.3768001
23415, 0.185001, 51.9906273, 4.3768010
23450, 0.212001, 51.9906273, 4.3768024
23485, 0.192001, 51.9906311, 4.3768034
23520, 0.189999, 51.9906311, 4.3768053
23555, 0.181000, 51.9906311, 4.3768063
23590, 1.217000, 51.9906311, 4.3768077
23625, 0.183001, 51.9906311, 4.3768086
23660, 0.193001, 51.9906311, 4.3768101
23695, 1.265001, 51.9906311, 4.3768110
23730, 0.191001, 51.9906311, 4.3768120
23765, 0.186998, 51.9906349, 4.3768129
23800, 0.183999, 51.9906349, 4.3768139
23835, 1.996001, 51.9906349, 4.3768153
23870, 0.194998, 51.9906349, 4.3768163
23905, 1.231999, 51.9906349, 4.3768177
23940, 0.187002, 51.9906349, 4.3768187
23975, 0.195000, 51.9906349, 4.3768201
24010, 0.199999, 51.9906349, 4.3768206
24045, 0.191001, 51.9906349, 4.3768215
24080, 0.196000, 51.9906349, 4.3768225
24115, 1.572000, 51.9906349, 4.3768234
24150, 2.057999, 51.9906349, 4.3768244
24185, 0.182999, 51.9906349, 4.3768253
24220, 2.079998, 51.9906349, 4.3768258
24255, 2.078998, 51.9906349, 4.3768272
24290, 2.074998, 51.9906349, 4.3768282
24325, 2.094999, 51.9906349, 4.3768287
24360, 2.087000, 51.9906349, 4.3768296
24395, 1.810001, 51.9906349, 4.3768301
24430, 2.062001, 51.9906349, 4.3768306
24465, 2.056999, 51.9906349, 4.3768311
24500, 1.223002, 51.9906349, 4.3768315
24535, 0.213999, 51.9906387, 4.3768320
24570, 1.218002, 51.9906387, 4.3768325
24605, 0.200000, 51.9906387, 4.3768330
24640, 0.187999, 51.9906387, 4.3768330
24675, 0.214999, 51.9906387, 4.3768334
24710, 0.186001, 51.9906387, 4.3768334
24745, 0.195999, 51.9906387, 4.3768339
24780, 0.193002, 51.9906387, 4.3768339
24815, 0.203001, 51.9906387, 4.3768339
24850, 0.202000, 51.9906387, 4.3768344
24885, 0.175998, 51.9906387, 4.3768344
24920, 0.189001, 51.9906387, 4.3768344
24955, 0.480000, 51.9906387, 4.3768339
24990, 1.802999, 51.9906387, 4.3768339
25025, 0.187999, 51.9906387, 4.3768339
25060, 0.215999, 51.9906387, 4.3768334
25095, 1.211999, 51.9906387, 4.3768334
25130, 0.177002, 51.9906387, 4.3768334
25165, 0.183000, 51.9906387, 4.3768334
25200, 0.177999, 51.9906387, 4.3768330
25235, 1.712998, 51.9906387, 4.3768330
25270, 0.970001, 51.9906387, 4.3768330
25305, 0.161000, 51.9906387, 4.3768325
25340, 0.189000, 51.9906387, 4.3768320
25375, 0.176998, 51.9906387, 4.3768320
25410, 0.197998, 51.9906387, 4.3768320
25445, 1.096001, 51.9906387, 4.3768315
25480, 0.182001, 51.9906387, 4.3768311
25515, 0.191000, 51.9906387, 4.3768311
25550, 0.983001, 51.9906387, 4.3768306
25585, 1.801999, 51.9906387, 4.3768306
25620, 0.189002, 51.9906387, 4.3768306
25655, 0.174000, 51.9906387, 4.3768301
25690, 0.181999, 51.9906387, 4.3768296
25725, 0.172001, 51.9906387, 4.3768296
25760, 0.173999, 51.9906387, 4.3768291
25795, 0.187001, 51.9906387, 4.3768287
25830, 2.090999, 51.9906387, 4.3768287
25865, 0.444000, 51.9906387, 4.3768282
25900, 1.677000, 51.9906387, 4.3768282
25935, 2.054000, 51.9906387, 4.3768282
25970, 2.048000, 51.9906387, 4.3768277
26005, 2.076000, 51.9906387, 4.3768277
26040, 2.061000, 51.9906387, 4.3768272
26075, 2.069999, 51.9906387, 4.3768272
26110, 2.042002, 51.9906387, 4.3768268
26145, 0.185001, 51.9906387, 4.3768268
26180, 2.060999, 51.9906387, 4.3768263
26215, 0.171999, 51.9906387, 4.3768258
26250, 2.034001, 51.9906387, 4.3768253
26285, 0.444001, 51.9906387, 4.3768249
26320, 0.171000, 51.9906387, 4.3768244
26355, 0.152000, 51.9906387, 4.3768234
26390, 1.513001, 51.9906387, 4.3768229
26425, 0.915001, 51.9906349, 4.3768225
26460, 0.190002, 51.9906349, 4.3768215
26495, 1.215998, 51.9906349, 4.3768206
26530, 0.452999, 51.9906349, 4.3768201
26565, 0.186000, 51.9906349, 4.3768191
26600, 0.190000, 51.9906349, 4.3768182
26635, 1.899001, 51.9906349, 4.3768172
26670, 0.192001, 51.9906349, 4.3768163
26705, 0.195001, 51.9906349, 4.3768153
26740, 0.185001, 51.9906349, 4.3768139
26775, 0.196000, 51.9906349, 4.3768129
26810, 0.183000, 51.9906349, 4.3768120
26845, 0.192000, 51.9906349, 4.3768110
26880, 0.197999, 51.9906349, 4.3768096
26915, 0.184999, 51.9906349, 4.3768086
26950, 0.188002, 51.9906349, 4.3768077
26985, 0.185001, 51.9906349, 4.3768063
27020, 2.061000, 51.9906349, 4.3768053
27055, 1.301002, 51.9906311, 4.3768039
27090, 1.313000, 51.9906311, 4.3768034
27125, 1.728001, 51.9906311, 4.3768020
27160, 1.220002, 51.9906311, 4.3768010
27195, 0.193999, 51.9906311, 4.3768001
27230, 1.262999, 51.9906311, 4.3767986
27265, 0.188000, 51.9906311, 4.3767967
27300, 0.181999, 51.9906311, 4.3767962
27335, 0.184001, 51.9906273, 4.3767948
27370, 0.342998, 51.9906273, 4.3767934
27405, 2.151998, 51.9906273, 4.3767924
27440, 1.240999, 51.9906273, 4.3767915
27475, 0.486000, 51.9906273, 4.3767905
27510, 1.249000, 51.9906273, 4.3767891
27545, 0.168999, 51.9906273, 4.3767886
27580, 0.180999, 51.9906273, 4.3767872
27615, 1.629000, 51.9906235, 4.3767862
27650, 0.199001, 51.9906235, 4.3767848
27685, 0.208999, 51.9906235, 4.3767838
27720, 0.905000, 51.9906235, 4.3767824
27755, 1.668002, 51.9906235, 4.3767815
27790, 0.211000, 51.9906235, 4.3767805
27825, 0.198000, 51.9906235, 4.3767791
27860, 0.194999, 51.9906235, 4.3767786
27895, 0.197999, 51.9906197, 4.3767776
27930, 0.208999, 51.9906197, 4.3767762
27965, 0.185999, 51.9906197, 4.3767757
28000, 1.249000, 51.9906197, 4.3767743
28035, 0.292000, 51.9906197, 4.3767738
28070, 0.193001, 51.9906197, 4.3767724
28105, 1.837002, 51.9906197, 4.3767710
28140, 0.181999, 51.9906197, 4.3767710
28175, 2.105000, 51.9906197, 4.3767700
28210, 0.988002, 51.9906197, 4.3767691
28245, 1.148000, 51.9906158, 4.3767686
28280, 2.024999, 51.9906158, 4.3767681
28315, 0.490001, 51.9906158, 4.3767672
28350, 1.918000, 51.9906158, 4.3767667
28385, 1.461999, 51.9906158, 4.3767662
28420, 0.208999, 51.9906158, 4.3767657
28455, 0.188001, 51.9906158, 4.3767648
28490, 0.192000, 51.9906158, 4.3767643
28525, 1.494999, 51.9906158, 4.3767638
28560, 0.200002, 51.9906158, 4.3767638
28595, 0.195000, 51.9906158, 4.3767633
28630, 0.206999, 51.9906158, 4.3767633
28665, 1.607998, 51.9906158, 4.3767629
28700, 0.208001, 51.9906158, 4.3767624
28735, 0.202002, 51.9906158, 4.3767619
28770, 0.201000, 51.9906158, 4.3767614
28805, 2.068000, 51.9906158, 4.3767614
28840, 0.197002, 51.9906158, 4.3767614
28875, 1.399000, 51.9906158, 4.3767614
28910, 0.206998, 51.9906158, 4.3767610
28945, 0.208000, 51.9906158, 4.3767610
28980, 0.200002, 51.9906158, 4.3767610
29015, 0.201000, 51.9906158, 4.3767605
29050, 1.437001, 51.9906158, 4.3767605
29085, 1.433999, 51.9906158, 4.3767605
29120, 0.196001, 51.9906158, 4.3767605
29155, 0.197999, 51.9906158, 4.3767600
29190, 0.201001, 51.9906158, 4.3767600
29225, 0.503000, 51.9906158, 4.3767600
29260, 0.534999, 51.9906158, 4.3767600
29295, 0.198999, 51.9906158, 4.3767600
29330, 0.160001, 51.9906158, 4.3767600
29365, 0.043999, 51.9906158, 4.3767600
29400, 1.643998, 51.9906158, 4.3767600
29435, 0.196000, 51.9906158, 4.3767600
29470, 1.630998, 51.9906158, 4.3767600
29505, 0.170000, 51.9906158, 4.3767600
29540, 1.219001, 51.9906158, 4.3767600
29575, 0.062999, 51.9906158, 4.3767600
29610, 1.300001, 51.9906158, 4.3767600
29645, 0.204999, 51.9906158, 4.3767600
29680, 0.284000, 51.9906158, 4.3767600
29715, 0.192002, 51.9906158, 4.3767600
29750, 0.836999, 51.9906158, 4.3767600
29785, 0.188999, 51.9906158, 4.3767600
29820, 0.928001, 51.9906197, 4.3767600
29855, 0.478002, 51.9906197, 4.3767600
29890, 0.176999, 51.9906197, 4.3767600
29925, 0.192000, 51.9906197, 4.3767600
29960, 1.758000, 51.9906197, 4.3767605
29995, 1.838001, 51.9906197, 4.3767610
30030, 0.188001, 51.9906197, 4.3767610
30065, 0.188001, 51.9906197, 4.3767610
30100, 1.692001, 51.9906197, 4.3767614
30135, 0.203998, 51.9906197, 4.3767614
30170, 0.192000, 51.9906197, 4.3767624
30205, 0.200000, 51.9906197, 4.3767633
30240, 0.199998, 51.9906197, 4.3767638
30275, 0.194001, 51.9906197, 4.3767638
30310, 0.175001, 51.9906197, 4.3767653
30345, 0.198998, 51.9906197, 4.3767657
30380, 0.191999, 51.9906197, 4.3767667
30415, 0.186000, 51.9906235, 4.3767676
30450, 2.021001, 51.9906235, 4.3767686
30485, 2.036002, 51.9906235, 4.3767691
30520, 2.018999, 51.9906235, 4.3767705
30555, 2.024000, 51.9906235, 4.3767710
30590, 2.036000, 51.9906235, 4.3767729
30625, 2.038001, 51.9906235, 4.3767738
30660, 2.013001, 51.9906235, 4.3767738
30695, 2.024001, 51.9906235, 4.3767738
30730, 1.985001, 51.9906273, 4.3767772
30765, 1.979999, 51.9906273, 4.3767786
30800, 1.917000, 51.9906273, 4.3767796
30835, 0.178001, 51.9906273, 4.3767810
30870, 0.170998, 51.9906273, 4.3767819
30905, 0.171001, 51.9906273, 4.3767834
30940, 0.183002, 51.9906311, 4.3767848
30975, 0.184001, 51.9906311, 4.3767862
31010, 0.176001, 51.9906311, 4.3767872
31045, 0.170002, 51.9906311, 4.3767886
31080, 0.182001, 51.9906311, 4.3767896
31115, 1.018998, 51.9906311, 4.3767910
31150, 1.456999, 51.9906311, 4.3767920
31185, 0.183000, 51.9906311, 4.3767934
31220, 0.193000, 51.9906349, 4.3767953
31255, 0.182000, 51.9906349, 4.3767962
31290, 0.173001, 51.9906349, 4.3767977
31325, 0.179999, 51.9906349, 4.3767986
31360, 0.189000, 51.9906349, 4.3768001
31395, 0.188001, 51.9906349, 4.3768010
31430, 0.178001, 51.9906349, 4.3768024
31465, 0.178002, 51.9906349, 4.3768034
31500, 0.180998, 51.9906349, 4.3768048
31535, 1.447999, 51.9906349, 4.3768058
31570, 0.173001, 51.9906349, 4.3768072
31605, 0.185998, 51.9906349, 4.3768082
31640, 0.188000, 51.9906349, 4.3768101
31675, 0.195002, 51.9906349, 4.3768110
31710, 2.030999, 51.9906387, 4.3768120
31745, 0.188002, 51.9906387, 4.3768134
31780, 0.180001, 51.9906387, 4.3768144
31815, 0.178000, 51.9906387, 4.3768153
31850, 1.723999, 51.9906387, 4.3768158
31885, 0.179998, 51.9906387, 4.3768172
31920, 0.177998, 51.9906387, 4.3768182
31955, 0.181999, 51.9906387, 4.3768191
31990, 0.181000, 51.9906387, 4.3768201
32025, 1.344000, 51.9906387, 4.3768206
32060, 0.196001, 51.9906425, 4.3768215
32095, 0.194998, 51.9906425, 4.3768220
32130, 0.178999, 51.9906425, 4.3768229
32165, 0.195000, 51.9906425, 4.3768234
32200, 2.181000, 51.9906425, 4.3768244
32235, 0.197001, 51.9906425, 4.3768249
32270, 0.202001, 51.9906425, 4.3768249
32305, 0.200999, 51.9906425, 4.3768253
32340, 1.157999, 51.9906425, 4.3768258
32375, 0.187000, 51.9906425, 4.3768258
32410, 0.201000, 51.9906425, 4.3768253
32445, 0.199002, 51.9906425, 4.3768253
32480, 0.200999, 51.9906425, 4.3768249
32515, 1.972001, 51.9906425, 4.3768239
32550, 0.207002, 51.9906425, 4.3768234
32585, 2.056001, 51.9906425, 4.3768229
32620, 0.175999, 51.9906425, 4.3768220
32655, 0.189002, 51.9906387, 4.3768210
32690, 0.189001, 51.9906387, 4.3768206
32725, 1.928000, 51.9906387, 4.3768191
32760, 1.119000, 51.9906387, 4.3768182
32795, 0.189000, 51.9906387, 4.3768172
32830, 0.194000, 51.9906387, 4.3768158
32865, 1.127999, 51.9906387, 4.3768153
32900, 0.189999, 51.9906387, 4.3768134
32935, 0.190001, 51.9906387, 4.3768120
32970, 0.188999, 51.9906349, 4.3768106
33005, 1.451000, 51.9906349, 4.3768091
33040, 2.001001, 51.9906349, 4.3768077
33075, 0.194001, 51.9906349, 4.3768063
33110, 1.951001, 51.9906349, 4.3768048
33145, 1.557001, 51.9906349, 4.3768034
33180, 1.904001, 51.9906349, 4.3768015
33215, 0.180000, 51.9906349, 4.3768005
33250, 0.188999, 51.9906349, 4.3767991
33285, 1.240000, 51.9906349, 4.3767967
33320, 1.489999, 51.9906349, 4.3767953
33355, 0.701999, 51.9906349, 4.3767953
33390, 1.328001, 51.9906349, 4.3767929
33425, 1.876000, 51.9906311, 4.3767910
33460, 0.195000, 51.9906311, 4.3767891
33495, 0.351999, 51.9906311, 4.3767881
33530, 2.025999, 51.9906311, 4.3767862
33565, 2.201999, 51.9906311, 4.3767853
33600, 1.366999, 51.9906311, 4.3767834
33635, 2.117999, 51.9906311, 4.3767824
33670, 2.180000, 51.9906311, 4.3767810
33705, 0.184000, 51.9906273, 4.3767791
33740, 0.315001, 51.9906273, 4.3767776
33775, 0.191001, 51.9906273, 4.3767762
33810, 2.006001, 51.9906273, 4.3767753
33845, 2.041998, 51.9906273, 4.3767738
33880, 2.116998, 51.9906273, 4.3767734
33915, 2.014999, 51.9906273, 4.3767710
33950, 2.026999, 51.9906273, 4.3767705
33985, 2.022999, 51.9906235, 4.3767691
34020, 2.032999, 51.9906235, 4.3767681
34055, 2.019000, 51.9906235, 4.3767672
34090, 1.993001, 51.9906235, 4.3767662
34125, 0.174000, 51.9906235, 4.3767648
34160, 0.208998, 51.9906235, 4.3767638
34195, 0.205001, 51.9906235, 4.3767629
34230, 0.202999, 51.9906235, 4.3767619
34265, 0.180001, 51.9906235, 4.3767614
34300, 0.206999, 51.9906235, 4.3767610
34335, 0.185001, 51.9906235, 4.3767600
34370, 0.191000, 51.9906235, 4.3767591
34405, 0.177999, 51.9906235, 4.3767586
34440, 0.906001, 51.9906197, 4.3767581
34475, 0.191998, 51.9906197, 4.3767576
34510, 0.175999, 51.9906197, 4.3767571
34545, 0.894001, 51.9906197, 4.3767567
34580, 0.190000, 51.9906197, 4.3767562
34615, 1.624002, 51.9906197, 4.3767562
34650, 0.196001, 51.9906197, 4.3767562
34685, 1.607001, 51.9906197, 4.3767557
34720, 0.181001, 51.9906197, 4.3767552
34755, 0.170998, 51.9906197, 4.3767552
34790, 0.612001, 51.9906197, 4.3767548
34825, 0.857001, 51.9906197, 4.3767548
34860, 0.196999, 51.9906197, 4.3767543
34895, 0.187001, 51.9906197, 4.3767543
34930, 1.226999, 51.9906197, 4.3767543
34965, 1.243000, 51.9906197, 4.3767543
35000, 0.166001, 51.9906197, 4.3767543
35035, 0.177001, 51.9906197, 4.3767543
35070, 0.152001, 51.9906235, 4.3767543
35105, 0.188002, 51.9906235, 4.3767543
35140, 0.160002, 51.9906235, 4.3767543
35175, 0.176002, 51.9906235, 4.3767543
35210, 0.178002, 51.9906235, 4.3767543
35245, 1.211998, 51.9906235, 4.3767543
35280, 1.150002, 51.9906235, 4.3767543
35315, 0.182001, 51.9906235, 4.3767543
35350, 1.346999, 51.9906235, 4.3767548
35385, 1.959001, 51.9906235, 4.3767548
35420, 1.999999, 51.9906235, 4.3767552
35455, 0.182002, 51.9906235, 4.3767552
35490, 0.169000, 51.9906235, 4.3767552
35525, 0.185001, 51.9906235, 4.3767552
35560, 0.166000, 51.9906235, 4.3767552
35595, 0.179999, 51.9906235, 4.3767552
35630, 0.177999, 51.9906235, 4.3767557
35665, 0.173002, 51.9906235, 4.3767562
35700, 1.851001, 51.9906235, 4.3767562
35735, 1.179000, 51.9906235, 4.3767562
35770, 0.185000, 51.9906235, 4.3767562
35805, 1.376999, 51.9906235, 4.3767567
35840, 0.264999, 51.9906235, 4.3767571
35875, 1.728001, 51.9906273, 4.3767581
35910, 0.166000, 51.9906273, 4.3767586
35945, 0.179000, 51.9906273, 4.3767591
35980, 0.167999, 51.9906273, 4.3767600
36015, 0.169001, 51.9906273, 4.3767605
36050, 0.171000, 51.9906273, 4.3767614
36085, 0.183999, 51.9906273, 4.3767624
36120, 0.176001, 51.9906273, 4.3767629
36155, 0.182000, 51.9906273, 4.3767638
36190, 0.179002, 51.9906273, 4.3767648
36225, 1.497000, 51.9906311, 4.3767657
36260, 0.198000, 51.9906311, 4.3767672
36295, 0.190001, 51.9906311, 4.3767681
36330, 0.188999, 51.9906311, 4.3767686
36365, 0.181999, 51.9906311, 4.3767700
36400, 0.171001, 51.9906311, 4.3767710
36435, 0.349001, 51.9906311, 4.3767719
36470, 0.188001, 51.9906311, 4.3767734
36505, 0.177002, 51.9906311, 4.3767743
36540, 0.174998, 51.9906349, 4.3767753
36575, 1.071001, 51.9906349, 4.3767776
36610, 0.173998, 51.9906349, 4.3767786
36645, 0.168999, 51.9906349, 4.3767796
36680, 0.165000, 51.9906349, 4.3767810
36715, 0.165000, 51.9906349, 4.3767819
36750, 0.182001, 51.9906349, 4.3767834
36785, 0.169001, 51.9906349, 4.3767843
36820, 0.176998, 51.9906349, 4.3767858
36855, 0.173999, 51.9906349, 4.3767872
36890, 0.173999, 51.9906349, 4.3767881
36925, 0.176000, 51.9906349, 4.3767896
36960, 0.892999, 51.9906349, 4.3767910
36995, 0.179000, 51.9906349, 4.3767924
37030, 1.051000, 51.9906387, 4.3767934
37065, 0.161999, 51.9906387, 4.3767943
37100, 0.182002, 51.9906387, 4.3767958
37135, 0.170999, 51.9906387, 4.3767972
37170, 0.179000, 51.9906387, 4.3767986
37205, 0.181002, 51.9906387, 4.3767996
37240, 0.181999, 51.9906387, 4.3768010
37275, 0.182002, 51.9906387, 4.3768024
37310, 0.186000, 51.9906425, 4.3768034
37345, 0.180999, 51.9906425, 4.3768044
37380, 0.173002, 51.9906425, 4.3768058
37415, 0.182001, 51.9906425, 4.3768063
37450, 0.177001, 51.9906425, 4.3768077
37485, 2.251001, 51.9906425, 4.3768086
37520, 0.185002, 51.9906425, 4.3768096
37555, 0.188999, 51.9906425, 4.3768110
37590, 1.956000, 51.9906425, 4.3768115
37625, 0.177002, 51.9906425, 4.3768129
37660, 0.162999, 51.9906425, 4.3768134
37695, 0.179001, 51.9906425, 4.3768139
37730, 0.168999, 51.9906425, 4.3768148
37765, 0.189999, 51.9906425, 4.3768148
37800, 0.187999, 51.9906464, 4.3768158
37835, 1.137001, 51.9906464, 4.3768167
37870, 1.854000, 51.9906464, 4.3768172
37905, 1.594998, 51.9906464, 4.3768177
37940, 0.189999, 51.9906464, 4.3768182
37975, 0.179999, 51.9906464, 4.3768182
38010, 0.184001, 51.9906464, 4.3768182
38045, 0.189000, 51.9906464, 4.3768187
38080, 1.512000, 51.9906464, 4.3768191
38115, 0.172000, 51.9906464, 4.3768191
38150, 0.195999, 51.9906464, 4.3768191
38185, 0.180999, 51.9906464, 4.3768191
38220, 0.189998, 51.9906464, 4.3768191
38255, 0.172002, 51.9906464, 4.3768191
38290, 0.173002, 51.9906464, 4.3768191
38325, 0.182999, 51.9906464, 4.3768187
38360, 0.182002, 51.9906464, 4.3768187
38395, 0.451001, 51.9906464, 4.3768182
38430, 0.171999, 51.9906464, 4.3768182
38465, 0.494998, 51.9906464, 4.3768182
38500, 0.186001, 51.9906464, 4.3768182
38535, 0.171999, 51.9906464, 4.3768177
38570, 0.178999, 51.9906464, 4.3768177
38605, 0.165001, 51.9906464, 4.3768177
38640, 0.558000, 51.9906464, 4.3768172
38675, 1.225999, 51.9906464, 4.3768163
38710, 1.743001, 51.9906464, 4.3768163
38745, 1.135001, 51.9906464, 4.3768158
38780, 0.181999, 51.9906464, 4.3768158
38815, 0.182999, 51.9906464, 4.3768153
38850, 0.172001, 51.9906464, 4.3768153
38885, 0.200002, 51.9906464, 4.3768144
38920, 0.173999, 51.9906464, 4.3768139
38955, 0.178000, 51.9906464, 4.3768134
38990, 0.163999, 51.9906464, 4.3768125
39025, 0.187000, 51.9906464, 4.3768115
39060, 0.176999, 51.9906464, 4.3768110
39095, 1.449000, 51.9906464, 4.3768101
39130, 0.158998, 51.9906464, 4.3768091
39165, 0.162000, 51.9906464, 4.3768082
39200, 0.962999, 51.9906464, 4.3768077
39235, 1.820000, 51.9906425, 4.3768063
39270, 0.167002, 51.9906425, 4.3768058
39305, 1.650998, 51.9906425, 4.3768044
39340, 0.178998, 51.9906425, 4.3768039
39375, 0.178999, 51.9906425, 4.3768020
39410, 0.180999, 51.9906425, 4.3768010
39445, 0.155998, 51.9906425, 4.3768001
39480, 1.891001, 51.9906425, 4.3767986
39515, 0.826000, 51.9906425, 4.3767977
39550, 0.169999, 51.9906425, 4.3767962
39585, 0.363001, 51.9906387, 4.3767953
39620, 0.167000, 51.9906387, 4.3767943
39655, 0.168999, 51.9906387, 4.3767924
39690, 0.154998, 51.9906387, 4.3767915
39725, 0.169000, 51.9906387, 4.3767905
39760, 1.841999, 51.9906387, 4.3767891
39795, 1.386000, 51.9906387, 4.3767881
39830, 0.179002, 51.9906387, 4.3767872
39865, 0.174999, 51.9906349, 4.3767862
39900, 0.169000, 51.9906349, 4.3767848
39935, 1.480002, 51.9906349, 4.3767843
39970, 0.881002, 51.9906349, 4.3767843
40005, 1.213002, 51.9906349, 4.3767834
40040, 1.964999, 51.9906349, 4.3767800
40075, 0.186000, 51.9906349, 4.3767786
40110, 0.175000, 51.9906349, 4.3767776
40145, 0.168002, 51.9906349, 4.3767762
40180, 1.558000, 51.9906349, 4.3767757
40215, 0.179999, 51.9906349, 4.3767738
40250, 0.177001, 51.9906349, 4.3767729
40285, 0.178998, 51.9906349, 4.3767719
40320, 0.183000, 51.9906349, 4.3767710
40355, 0.169000, 51.9906349, 4.3767691
40390, 0.173999, 51.9906349, 4.3767686
40425, 0.176002, 51.9906349, 4.3767672
40460, 1.861000, 51.9906349, 4.3767662
40495, 1.359999, 51.9906311, 4.3767653
40530, 0.170999, 51.9906311, 4.3767643
40565, 0.176998, 51.9906311, 4.3767638
40600, 1.257001, 51.9906311, 4.3767629
40635, 2.118001, 51.9906311, 4.3767614
40670, 0.191000, 51.9906311, 4.3767614
40705, 0.199000, 51.9906311, 4.3767600
40740, 0.181000, 51.9906311, 4.3767591
40775, 0.184999, 51.9906311, 4.3767586
40810, 1.388999, 51.9906311, 4.3767576
40845, 1.827999, 51.9906311, 4.3767567
40880, 1.560998, 51.9906273, 4.3767562
40915, 0.178998, 51.9906273, 4.3767557
40950, 0.162998, 51.9906273, 4.3767552
41020, 0.405000, 51.9906273, 4.3767543
41055, 0.732999, 51.9906273, 4.3767538
41090, 1.083998, 51.9906273, 4.3767538
41125, 2.065001, 51.9906273, 4.3767538
41160, 1.478999, 51.9906273, 4.3767538
41195, 0.185998, 51.9906273, 4.3767538
41230, 1.496002, 51.9906273, 4.3767538
41265, 0.189002, 51.9906273, 4.3767543
41300, 1.667001, 51.9906273, 4.3767548
41335, 0.192001, 51.9906273, 4.3767557
41370, 2.044002, 51.9906273, 4.3767562
41405, 0.187001, 51.9906273, 4.3767571
41440, 0.188999, 51.9906311, 4.3767581
41475, 0.185000, 51.9906311, 4.3767586
41510, 0.193002, 51.9906311, 4.3767600
41545, 0.175999, 51.9906311, 4.3767610
41580, 0.190000, 51.9906311, 4.3767619
41615, 1.603000, 51.9906311, 4.3767633
41650, 0.176000, 51.9906311, 4.3767643
41685, 0.175999, 51.9906311, 4.3767657
41720, 0.175002, 51.9906349, 4.3767667
41755, 0.180000, 51.9906349, 4.3767686
41790, 0.179001, 51.9906349, 4.3767705
41825, 0.172998, 51.9906349, 4.3767710
41860, 0.160999, 51.9906349, 4.3767729
41895, 0.169000, 51.9906349, 4.3767738
41930, 0.166001, 51.9906349, 4.3767757
41965, 0.180001, 51.9906349, 4.3767767
42000, 0.160002, 51.9906349, 4.3767786
42035, 0.158000, 51.9906349, 4.3767805
42070, 0.163998, 51.9906349, 4.3767810
42105, 0.162001, 51.9906387, 4.3767834
42140, 0.170001, 51.9906387, 4.3767843
42175, 0.161001, 51.9906387, 4.3767858
42210, 0.178001, 51.9906387, 4.3767872
42245, 0.170001, 51.9906387, 4.3767881
42280, 0.181001, 51.9906425, 4.3767896
42315, 1.955000, 51.9906425, 4.3767915
42350, 0.172000, 51.9906425, 4.3767929
42385, 0.184001, 51.9906425, 4.3767939
42420, 0.169998, 51.9906425, 4.3767953
42455, 0.168000, 51.9906425, 4.3767967
42490, 0.554001, 51.9906464, 4.3767977
42525, 0.162999, 51.9906464, 4.3767986
42560, 0.174000, 51.9906464, 4.3768001
42595, 0.180002, 51.9906464, 4.3768010
42630, 0.168998, 51.9906464, 4.3768024
42665, 0.178000, 51.9906464, 4.3768034
42700, 0.725002, 51.9906464, 4.3768044
42735, 0.167999, 51.9906502, 4.3768058
42770, 0.177001, 51.9906502, 4.3768067
42805, 0.166999, 51.9906502, 4.3768082
42840, 0.160998, 51.9906502, 4.3768086
42875, 0.168001, 51.9906502, 4.3768096
42910, 2.178001, 51.9906502, 4.3768106
42945, 0.183001, 51.9906502, 4.3768110
42980, 0.188001, 51.9906502, 4.3768120
43015, 0.671998, 51.9906502, 4.3768125
43050, 0.180999, 51.9906502, 4.3768134
43085, 0.160001, 51.9906502, 4.3768134
43120, 0.153999, 51.9906540, 4.3768139
43155, 0.163001, 51.9906540, 4.3768144
43190, 0.170001, 51.9906540, 4.3768153
43225, 0.184000, 51.9906540, 4.3768158
43260, 0.184998, 51.9906540, 4.3768158
43295, 0.175001, 51.9906540, 4.3768158
43330, 0.706000, 51.9906540, 4.3768163
43365, 0.175002, 51.9906540, 4.3768167
43400, 1.612000, 51.9906540, 4.3768167
43435, 0.158999, 51.9906540, 4.3768172
43470, 0.150002, 51.9906540, 4.3768172
43505, 0.180001, 51.9906540, 4.3768172
43540, 0.167000, 51.9906540, 4.3768172
43575, 0.175999, 51.9906540, 4.3768172
43610, 0.172999, 51.9906540, 4.3768172
43645, 0.173999, 51.9906540, 4.3768172
43680, 0.801999, 51.9906540, 4.3768167
43715, 0.372001, 51.9906540, 4.3768167
43750, 0.161001, 51.9906540, 4.3768163
43785, 0.167002, 51.9906540, 4.3768163
43820, 0.169002, 51.9906540, 4.3768158
43855, 1.271001, 51.9906540, 4.3768158
43890, 0.147001, 51.9906540, 4.3768158
43925, 0.174000, 51.9906540, 4.3768153
43960, 0.168998, 51.9906540, 4.3768153
43995, 0.175000, 51.9906540, 4.3768148
44030, 0.152999, 51.9906540, 4.3768148
44065, 0.159002, 51.9906540, 4.3768144
44100, 1.443999, 51.9906540, 4.3768139
44135, 0.162000, 51.9906540, 4.3768134
44170, 0.175999, 51.9906540, 4.3768134
44205, 0.167000, 51.9906540, 4.3768134
44240, 0.155001, 51.9906540, 4.3768129
44275, 0.158999, 51.9906540, 4.3768125
44310, 1.454001, 51.9906540, 4.3768120
44345, 2.046999, 51.9906540, 4.3768120
44380, 0.176000, 51.9906540, 4.3768110
44415, 0.157002, 51.9906540, 4.3768110
44450, 0.145999, 51.9906540, 4.3768110
44485, 0.175999, 51.9906540, 4.3768106
44520, 0.153000, 51.9906540, 4.3768106
44555, 0.170000, 51.9906540, 4.3768101
44590, 0.158001, 51.9906540, 4.3768096
44625, 1.606001, 51.9906540, 4.3768086
44660, 2.082999, 51.9906540, 4.3768082
44695, 1.169999, 51.9906540, 4.3768077
44730, 1.657000, 51.9906540, 4.3768072
44765, 0.164001, 51.9906540, 4.3768063
44800, 0.169001, 51.9906540, 4.3768058
44835, 0.157002, 51.9906540, 4.3768048
44870, 0.585002, 51.9906540, 4.3768039
44905, 0.167002, 51.9906502, 4.3768034
44940, 0.159001, 51.9906502, 4.3768024
44975, 0.161001, 51.9906502, 4.3768010
45010, 1.569001, 51.9906502, 4.3768001
45045, 0.166000, 51.9906502, 4.3767991
45080, 0.145999, 51.9906502, 4.3767982
45115, 0.153999, 51.9906502, 4.3767967
45150, 1.565002, 51.9906502, 4.3767958
45185, 0.954001, 51.9906502, 4.3767948
45220, 0.155001, 51.9906502, 4.3767934
45255, 0.166000, 51.9906464, 4.3767924
45290, 0.151000, 51.9906464, 4.3767915
45325, 0.306000, 51.9906464, 4.3767905
45360, 0.984999, 51.9906464, 4.3767891
45395, 0.475001, 51.9906464, 4.3767881
45430, 0.152000, 51.9906464, 4.3767862
45465, 0.165000, 51.9906464, 4.3767853
45500, 0.978999, 51.9906425, 4.3767838
45535, 0.165002, 51.9906425, 4.3767834
45570, 0.715001, 51.9906425, 4.3767819
45605, 1.399000, 51.9906425, 4.3767810
45640, 0.166002, 51.9906425, 4.3767796
45675, 0.164000, 51.9906425, 4.3767786
45710, 0.163001, 51.9906425, 4.3767767
45745, 0.157001, 51.9906425, 4.3767757
45780, 0.161002, 51.9906387, 4.3767743
45815, 0.158999, 51.9906387, 4.3767738
45850, 0.149999, 51.9906387, 4.3767724
45885, 0.173001, 51.9906387, 4.3767710
45920, 2.088001, 51.9906387, 4.3767705
45955, 0.174999, 51.9906387, 4.3767691
45990, 0.172000, 51.9906387, 4.3767681
46025, 0.174998, 51.9906387, 4.3767672
46060, 0.169001, 51.9906349, 4.3767662
46095, 2.043000, 51.9906349, 4.3767648
46130, 0.172999, 51.9906349, 4.3767638
46165, 0.163998, 51.9906349, 4.3767629
46200, 1.919001, 51.9906349, 4.3767619
46235, 0.172001, 51.9906349, 4.3767610
46270, 1.167001, 51.9906349, 4.3767600
46305, 0.155000, 51.9906349, 4.3767586
46340, 0.179000, 51.9906349, 4.3767581
46375, 0.173000, 51.9906349, 4.3767576
46410, 0.171000, 51.9906349, 4.3767576
46445, 0.167998, 51.9906349, 4.3767557
46480, 1.138001, 51.9906349, 4.3767548
46515, 0.177002, 51.9906349, 4.3767538
46550, 1.531001, 51.9906349, 4.3767538
46585, 0.417998, 51.9906349, 4.3767529
46620, 0.460998, 51.9906349, 4.3767524
46655, 0.184999, 51.9906349, 4.3767514
46690, 0.188000, 51.9906349, 4.3767514
46725, 0.180001, 51.9906349, 4.3767505
46760, 0.391001, 51.9906349, 4.3767500
46795, 0.171998, 51.9906349, 4.3767495
46830, 0.174998, 51.9906349, 4.3767495
46865, 1.202999, 51.9906311, 4.3767486
46900, 0.185999, 51.9906311, 4.3767486
46935, 2.058998, 51.9906311, 4.3767481
46970, 0.174998, 51.9906311, 4.3767481
47005, 0.182001, 51.9906311, 4.3767476
47040, 0.190001, 51.9906311, 4.3767471
47075, 2.005001, 51.9906311, 4.3767471
47110, 2.113002, 51.9906311, 4.3767471
47145, 0.294999, 51.9906311, 4.3767467
47180, 0.183002, 51.9906311, 4.3767467
47215, 0.173000, 51.9906311, 4.3767462
47250, 1.569999, 51.9906311, 4.3767462
47285, 0.184001, 51.9906311, 4.3767462
47320, 0.175000, 51.9906311, 4.3767462
47355, 1.522999, 51.9906311, 4.3767462
47390, 2.092001, 51.9906311, 4.3767462
47425, 0.197000, 51.9906311, 4.3767462
47460, 0.177998, 51.9906311, 4.3767462
47495, 2.118000, 51.9906311, 4.3767462
47530, 0.181000, 51.9906311, 4.3767462
47565, 0.178001, 51.9906311, 4.3767462
47600, 1.982999, 51.9906349, 4.3767462
47635, 2.021001, 51.9906349, 4.3767462
47670, 1.053999, 51.9906349, 4.3767462
47705, 1.113001, 51.9906349, 4.3767467
47740, 0.160999, 51.9906349, 4.3767467
47775, 0.186000, 51.9906349, 4.3767467
47810, 1.580001, 51.9906349, 4.3767471
47845, 0.181000, 51.9906349, 4.3767471
47880, 0.182001, 51.9906349, 4.3767471
47915, 0.176002, 51.9906349, 4.3767476
47950, 0.162999, 51.9906349, 4.3767476
47985, 0.164000, 51.9906349, 4.3767481
48020, 0.162001, 51.9906349, 4.3767481
48055, 0.182999, 51.9906349, 4.3767481
48090, 0.179000, 51.9906349, 4.3767481
48125, 0.165998, 51.9906349, 4.3767486
48160, 0.183999, 51.9906349, 4.3767486
48195, 0.153999, 51.9906349, 4.3767490
48230, 0.184001, 51.9906349, 4.3767495
48265, 0.148000, 51.9906349, 4.3767500
48300, 0.166002, 51.9906349, 4.3767509
48335, 0.181000, 51.9906349, 4.3767514
48370, 0.153001, 51.9906349, 4.3767519
48405, 0.157002, 51.9906349, 4.3767529
48440, 0.167999, 51.9906349, 4.3767533
48475, 0.177000, 51.9906349, 4.3767538
48510, 0.169000, 51.9906349, 4.3767548
48545, 0.174001, 51.9906349, 4.3767557
48580, 0.157001, 51.9906349, 4.3767567
48615, 0.170998, 51.9906349, 4.3767571
48650, 0.168001, 51.9906387, 4.3767586
48685, 0.175998, 51.9906387, 4.3767595
48720, 2.103998, 51.9906387, 4.3767610
48755, 0.167001, 51.9906387, 4.3767614
48790, 1.399000, 51.9906387, 4.3767629
48825, 0.162000, 51.9906387, 4.3767638
48860, 0.166998, 51.9906387, 4.3767648
48895, 0.165000, 51.9906387, 4.3767657
48930, 0.174002, 51.9906425, 4.3767667
48965, 0.166999, 51.9906425, 4.3767686
49000, 0.170998, 51.9906425, 4.3767691
49035, 0.176999, 51.9906425, 4.3767710
49070, 1.030998, 51.9906425, 4.3767719
49105, 1.492000, 51.9906425, 4.3767729
49140, 0.160999, 51.9906425, 4.3767738
49175, 0.165001, 51.9906425, 4.3767753
49210, 0.166000, 51.9906464, 4.3767762
49245, 0.156001, 51.9906464, 4.3767781
49280, 0.164999, 51.9906464, 4.3767791
49315, 0.165001, 51.9906464, 4.3767805
49350, 0.166000, 51.9906464, 4.3767810
49385, 0.154002, 51.9906464, 4.3767824
49420, 0.171000, 51.9906464, 4.3767834
49455, 0.153999, 51.9906502, 4.3767848
49490, 0.158002, 51.9906502, 4.3767862
49525, 0.161000, 51.9906502, 4.3767872
49560, 0.170999, 51.9906502, 4.3767881
49595, 0.152001, 51.9906502, 4.3767896
49630, 1.577999, 51.9906502, 4.3767905
49665, 2.099001, 51.9906502, 4.3767920
49700, 0.159000, 51.9906502, 4.3767934
49735, 0.158999, 51.9906540, 4.3767943
49770, 0.176001, 51.9906540, 4.3767958
49805, 0.162001, 51.9906540, 4.3767967
49840, 0.165000, 51.9906540, 4.3767977
49875, 0.154000, 51.9906540, 4.3767991
49910, 0.169000, 51.9906540, 4.3768001
49945, 0.170000, 51.9906540, 4.3768010
49980, 0.970001, 51.9906540, 4.3768020
50015, 0.155001, 51.9906540, 4.3768024
50050, 1.219002, 51.9906578, 4.3768034
50085, 0.168002, 51.9906578, 4.3768044
50120, 1.932998, 51.9906578, 4.3768048
50155, 0.182002, 51.9906578, 4.3768058
50190, 1.302002, 51.9906578, 4.3768063
50225, 0.164998, 51.9906578, 4.3768072
50260, 0.164998, 51.9906578, 4.3768072
50295, 0.177000, 51.9906578, 4.3768082
50330, 1.715001, 51.9906578, 4.3768082
50365, 0.179998, 51.9906578, 4.3768086
50400, 0.177001, 51.9906578, 4.3768086
50435, 0.167999, 51.9906578, 4.3768086
50470, 0.158002, 51.9906578, 4.3768082
50505, 1.735001, 51.9906578, 4.3768082
50540, 0.168000, 51.9906578, 4.3768077
50575, 0.189000, 51.9906578, 4.3768072
50610, 0.171999, 51.9906578, 4.3768067
50645, 1.719001, 51.9906578, 4.3768058
50680, 1.135000, 51.9906578, 4.3768053
50715, 0.170000, 51.9906578, 4.3768039
50750, 0.178000, 51.9906540, 4.3768034
50785, 0.170000, 51.9906540, 4.3768024
50820, 0.160999, 51.9906540, 4.3768010
50855, 0.170999, 51.9906540, 4.3768001
50890, 0.166998, 51.9906540, 4.3767986
50925, 1.390001, 51.9906540, 4.3767977
50960, 0.162000, 51.9906540, 4.3767962
50995, 0.165999, 51.9906540, 4.3767953
51030, 0.164000, 51.9906540, 4.3767934
51065, 0.161002, 51.9906502, 4.3767920
51100, 1.561002, 51.9906502, 4.3767905
51135, 0.168002, 51.9906502, 4.3767886
51170, 0.162001, 51.9906502, 4.3767881
51205, 0.155000, 51.9906502, 4.3767862
51240, 0.158000, 51.9906502, 4.3767848
51275, 0.172002, 51.9906502, 4.3767834
51310, 0.992000, 51.9906464, 4.3767819
51345, 0.155998, 51.9906464, 4.3767805
51380, 0.153001, 51.9906464, 4.3767786
51415, 0.164000, 51.9906464, 4.3767776
51450, 0.161999, 51.9906464, 4.3767762
51485, 0.155001, 51.9906464, 4.3767738
51520, 0.159000, 51.9906464, 4.3767724
51555, 0.162000, 51.9906425, 4.3767710
51590, 1.613998, 51.9906425, 4.3767695
51625, 0.160002, 51.9906425, 4.3767681
51660, 0.144001, 51.9906425, 4.3767667
51695, 0.178000, 51.9906425, 4.3767657
51730, 1.919999, 51.9906425, 4.3767638
51765, 0.155999, 51.9906425, 4.3767633
51800, 0.144999, 51.9906425, 4.3767624
51835, 0.153000, 51.9906425, 4.3767605
51870, 0.163002, 51.9906387, 4.3767591
51905, 0.169999, 51.9906387, 4.3767586
51940, 0.166001, 51.9906387, 4.3767562
51975, 0.170999, 51.9906387, 4.3767557
52010, 0.162001, 51.9906387, 4.3767543
52045, 0.165999, 51.9906387, 4.3767538
52080, 0.168001, 51.9906387, 4.3767529
52115, 0.167999, 51.9906387, 4.3767519
52150, 0.167001, 51.9906387, 4.3767509
52185, 0.173999, 51.9906387, 4.3767500
52220, 0.181001, 51.9906387, 4.3767490
52255, 0.167000, 51.9906387, 4.3767486
52290, 0.176002, 51.9906349, 4.3767481
52325, 0.179002, 51.9906349, 4.3767467
52360, 0.167999, 51.9906349, 4.3767462
52395, 0.163001, 51.9906349, 4.3767457
52430, 0.162001, 51.9906349, 4.3767452
52465, 0.168998, 51.9906349, 4.3767447
52500, 0.147001, 51.9906349, 4.3767443
52535, 0.150999, 51.9906349, 4.3767438
52570, 0.157000, 51.9906349, 4.3767438
52605, 1.526998, 51.9906349, 4.3767433
52640, 0.119001, 51.9906349, 4.3767433
52675, 0.100999, 51.9906349, 4.3767428
52710, 0.105998, 51.9906349, 4.3767424
52745, 0.113001, 51.9906349, 4.3767424
52780, 0.102000, 51.9906349, 4.3767424
52815, 0.934000, 51.9906349, 4.3767424
52850, 1.185999, 51.9906349, 4.3767419
52885, 0.668999, 51.9906349, 4.3767419
52920, 0.941000, 51.9906349, 4.3767419
52955, 0.067999, 51.9906349, 4.3767424
52990, 0.084001, 51.9906349, 4.3767424
53025, 0.054999, 51.9906349, 4.3767424
53060, 0.552002, 51.9906349, 4.3767424
53095, 0.084000, 51.9906349, 4.3767424
53130, 0.045002, 51.9906349, 4.3767424
53165, 0.058999, 51.9906349, 4.3767428
53200, 0.058001, 51.9906349, 4.3767433
53235, 0.418002, 51.9906349, 4.3767433
53270, 0.240000, 51.9906349, 4.3767438
53305, 0.019001, 51.9906349, 4.3767438
53340, 0.087998, 51.9906349, 4.3767438
53375, 0.002000, 51.9906349, 4.3767443
53410, 0.019000, 51.9906349, 4.3767447
53445, 0.022001, 51.9906349, 4.3767447
53480, -0.001002, 51.9906349, 4.3767452
53515, -0.325001, 51.9906349, 4.3767457
53550, -0.156001, 51.9906349, 4.3767457
53585, -0.215001, 51.9906349, 4.3767462
53620, -0.291998, 51.9906349, 4.3767462
53725, -0.475001, 51.9906349, 4.3767471
53970, -0.466999, 51.9906349, 4.3767486
54040, -0.771002, 51.9906349, 4.3767486
54075, -0.480999, 51.9906349, 4.3767486
54180, -0.656002, 51.9906349, 4.3767486
54215, -0.481002, 51.9906349, 4.3767486
54285, -1.053002, 51.9906349, 4.3767486
54390, -0.525998, 51.9906349, 4.3767486
54425, -0.789002, 51.9906349, 4.3767486
54530, -0.459002, 51.9906349, 4.3767486
54600, -0.671002, 51.9906349, 4.3767486
54705, -0.451002, 51.9906349, 4.3767486
54810, -0.527002, 51.9906349, 4.3767486
54845, -0.492998, 51.9906349, 4.3767486
54915, -0.323000, 51.9906349, 4.3767486
54985, -0.406000, 51.9906349, 4.3767486
55125, -0.618002, 51.9906349, 4.3767486
55230, -0.486002, 51.9906349, 4.3767486
55475, -0.463002, 51.9906349, 4.3767486
55615, -0.873002, 51.9906349, 4.3767481
55685, -0.463002, 51.9906349, 4.3767486
55720, -0.470002, 51.9906349, 4.3767486
55755, -0.654002, 51.9906349, 4.3767481
55790, -0.463998, 51.9906349, 4.3767481
55825, -0.363000, 51.9906349, 4.3767481
55965, -0.750999, 51.9906349, 4.3767481
56070, -0.472002, 51.9906349, 4.3767481
56105, -0.637998, 51.9906349, 4.3767481
