0, 1.868000, 51.9906044, 4.3767815
35, 0.864000, 51.9906044, 4.3767810
70, 0.402001, 51.9906006, 4.3767810
105, 1.758000, 51.9906006, 4.3767810
140, -0.025001, 51.9906006, 4.3767805
175, -0.039999, 51.9906006, 4.3767800
210, -0.033999, 51.9906006, 4.3767805
245, -0.010998, 51.9906006, 4.3767805
280, 1.252002, 51.9906006, 4.3767805
315, 0.004002, 51.9906006, 4.3767810
350, 0.838001, 51.9906006, 4.3767810
385, -0.065998, 51.9906006, 4.3767810
420, -0.038999, 51.9906006, 4.3767815
455, -0.009001, 51.9906006, 4.3767824
490, -0.021001, 51.9906006, 4.3767834
525, -0.025999, 51.9906006, 4.3767834
560, -0.045001, 51.9906006, 4.3767838
595, -0.040001, 51.9906006, 4.3767853
630, -0.011000, 51.9906006, 4.3767858
665, -0.007998, 51.9906006, 4.3767867
700, -0.028002, 51.9906006, 4.3767877
735, 1.557999, 51.9906044, 4.3767886
770, 1.522999, 51.9906044, 4.3767891
805, 1.012001, 51.9906044, 4.3767905
840, 1.594000, 51.9906044, 4.3767910
875, 0.996001, 51.9906044, 4.3767929
910, -0.025000, 51.9906044, 4.3767939
945, -0.035000, 51.9906044, 4.3767948
980, -0.037999, 51.9906044, 4.3767958
1015, 1.787001, 51.9906082, 4.3767972
1050, -0.031000, 51.9906082, 4.3767982
1085, -0.045000, 51.9906082, 4.3767991
1120, -0.031001, 51.9906082, 4.3768005
1155, -0.033998, 51.9906082, 4.3768015
1190, -0.037002, 51.9906082, 4.3768034
1225, -0.023999, 51.9906120, 4.3768039
1260, -0.016999, 51.9906120, 4.3768053
1295, -0.026000, 51.9906120, 4.3768058
1330, -0.028001, 51.9906120, 4.3768072
1365, -0.041001, 51.9906120, 4.3768082
1400, -0.028001, 51.9906120, 4.3768096
1435, -0.045001, 51.9906120, 4.3768106
1470, -0.031002, 51.9906158, 4.3768115
1505, 0.154001, 51.9906158, 4.3768129
1540, 0.676000, 51.9906158, 4.3768139
1575, -0.012998, 51.9906158, 4.3768158
1610, -0.023998, 51.9906158, 4.3768163
1645, -0.036001, 51.9906158, 4.3768177
1680, -0.045001, 51.9906158, 4.3768182
1715, -0.027000, 51.9906158, 4.3768191
1750, -0.032002, 51.9906158, 4.3768206
1785, -0.042999, 51.9906158, 4.3768210
1820, -0.022999, 51.9906158, 4.3768225
1855, -0.024001, 51.9906158, 4.3768234
1890, -0.020002, 51.9906158, 4.3768239
1925, -0.023002, 51.9906158, 4.3768249
1960, -0.021001, 51.9906158, 4.3768258
1995, -0.031001, 51.9906158, 4.3768272
2030, -0.015000, 51.9906158, 4.3768282
2065, -0.019002, 51.9906197, 4.3768287
2100, -0.029000, 51.9906197, 4.3768301
2135, -0.016001, 51.9906197, 4.3768306
2170, 1.224001, 51.9906197, 4.3768315
2205, 0.230000, 51.9906197, 4.3768325
2240, 0.310002, 51.9906197, 4.3768330
2275, -0.004999, 51.9906197, 4.3768339
2310, -0.025999, 51.9906197, 4.3768353
2345, -0.019999, 51.9906197, 4.3768358
2380, -0.028998, 51.9906197, 4.3768368
2415, -0.029001, 51.9906197, 4.3768377
2450, -0.012000, 51.9906235, 4.3768382
2485, -0.016999, 51.9906235, 4.3768387
2520, -0.011000, 51.9906235, 4.3768396
2555, 0.715001, 51.9906235, 4.3768401
2590, 1.722999, 51.9906235, 4.3768406
2625, -0.010999, 51.9906235, 4.3768411
2695, -0.018002, 51.9906235, 4.3768430
2730, -0.016001, 51.9906235, 4.3768430
2765, -0.023001, 51.9906235, 4.3768435
2800, 1.524999, 51.9906235, 4.3768439
2835, -0.010002, 51.9906235, 4.3768439
2870, 0.004002, 51.9906235, 4.3768444
2905, -0.014998, 51.9906235, 4.3768449
2940, -0.011001, 51.9906235, 4.3768449
2975, -0.018000, 51.9906235, 4.3768449
3010, -0.022001, 51.9906235, 4.3768454
3045, -0.018002, 51.9906235, 4.3768458
3080, -0.023998, 51.9906235, 4.3768458
3115, -0.026001, 51.9906235, 4.3768458
3150, 0.758002, 51.9906273, 4.3768458
3185, -0.025002, 51.9906273, 4.3768458
3220, -0.031002, 51.9906273, 4.3768458
3255, -0.029001, 51.9906273, 4.3768454
3290, 0.609998, 51.9906273, 4.3768454
3325, 1.427000, 51.9906273, 4.3768449
3360, -0.032002, 51.9906273, 4.3768449
3395, -0.024000, 51.9906273, 4.3768449
3430, -0.022002, 51.9906273, 4.3768449
3465, -0.028999, 51.9906273, 4.3768444
3500, -0.031000, 51.9906273, 4.3768439
3535, -0.041001, 51.9906273, 4.3768439
3570, 1.072998, 51.9906273, 4.3768439
3605, 1.197002, 51.9906273, 4.3768435
3640, -0.028999, 51.9906273, 4.3768430
3675, -0.053000, 51.9906273, 4.3768430
3710, -0.043999, 51.9906273, 4.3768430
3745, -0.050001, 51.9906273, 4.3768430
3780, -0.030999, 51.9906273, 4.3768425
3815, -0.028998, 51.9906273, 4.3768425
3850, -0.027000, 51.9906273, 4.3768420
3885, -0.028999, 51.9906273, 4.3768415
3920, -0.045998, 51.9906273, 4.3768415
3955, -0.051002, 51.9906273, 4.3768411
3990, -0.041002, 51.9906273, 4.3768406
4025, 1.092002, 51.9906273, 4.3768401
4060, -0.028999, 51.9906273, 4.3768396
4095, -0.028000, 51.9906273, 4.3768392
4130, -0.027998, 51.9906273, 4.3768382
4165, -0.013999, 51.9906273, 4.3768377
4200, -0.034000, 51.9906235, 4.3768368
4235, 1.329999, 51.9906235, 4.3768358
4270, -0.026001, 51.9906235, 4.3768353
4305, -0.025001, 51.9906235, 4.3768349
4340, -0.039001, 51.9906235, 4.3768334
4375, -0.052000, 51.9906235, 4.3768330
4410, -0.041999, 51.9906235, 4.3768325
4445, -0.037998, 51.9906235, 4.3768311
4480, -0.048001, 51.9906235, 4.3768306
4515, -0.021999, 51.9906235, 4.3768296
4550, 0.997000, 51.9906197, 4.3768282
4585, 0.687001, 51.9906197, 4.3768272
4620, -0.033998, 51.9906197, 4.3768268
4655, 1.096000, 51.9906197, 4.3768258
4690, -0.030999, 51.9906197, 4.3768244
4725, -0.024998, 51.9906197, 4.3768234
4760, 0.456002, 51.9906197, 4.3768229
4795, -0.030999, 51.9906197, 4.3768220
4830, 1.669999, 51.9906197, 4.3768206
4865, -0.041999, 51.9906158, 4.3768201
4900, -0.037001, 51.9906158, 4.3768191
4935, 1.656999, 51.9906158, 4.3768172
4970, 1.703001, 51.9906158, 4.3768163
5005, 1.677002, 51.9906158, 4.3768158
5040, 1.640998, 51.9906158, 4.3768144
5075, 1.479000, 51.9906158, 4.3768134
5110, -0.025999, 51.9906158, 4.3768129
5145, 1.029999, 51.9906158, 4.3768120
5180, -0.049000, 51.9906158, 4.3768106
5215, 1.556002, 51.9906158, 4.3768096
5250, -0.028000, 51.9906158, 4.3768086
5285, -0.029000, 51.9906158, 4.3768072
5320, -0.026000, 51.9906158, 4.3768063
5355, -0.026999, 51.9906158, 4.3768053
5390, -0.025998, 51.9906158, 4.3768044
5425, -0.039001, 51.9906158, 4.3768034
5460, -0.035000, 51.9906120, 4.3768024
5495, -0.018999, 51.9906120, 4.3768015
5530, 0.978000, 51.9906120, 4.3768005
5565, -0.040998, 51.9906120, 4.3767996
5600, -0.033999, 51.9906120, 4.3767986
5635, -0.018001, 51.9906120, 4.3767977
5670, -0.029999, 51.9906120, 4.3767958
5705, 0.542001, 51.9906120, 4.3767953
5740, -0.043999, 51.9906120, 4.3767943
5775, 0.086002, 51.9906082, 4.3767934
5810, 1.458999, 51.9906082, 4.3767920
5845, 1.008999, 51.9906082, 4.3767910
5880, 0.917000, 51.9906082, 4.3767905
5915, 0.167999, 51.9906082, 4.3767896
5950, 0.948000, 51.9906082, 4.3767886
5985, 1.712000, 51.9906082, 4.3767877
6020, 0.970999, 51.9906082, 4.3767867
6055, 1.679000, 51.9906082, 4.3767862
6090, 1.239999, 51.9906082, 4.3767853
6125, 1.394999, 51.9906044, 4.3767838
6160, 1.712999, 51.9906044, 4.3767834
6195, 1.015000, 51.9906044, 4.3767824
6230, 1.533999, 51.9906044, 4.3767815
6265, 1.549001, 51.9906044, 4.3767810
6300, 1.655999, 51.9906044, 4.3767805
6335, -0.048000, 51.9906044, 4.3767800
6370, 0.896999, 51.9906044, 4.3767791
6405, -0.029001, 51.9906044, 4.3767786
6440, -0.052000, 51.9906044, 4.3767776
6475, -0.010999, 51.9906044, 4.3767776
6510, -0.031999, 51.9906044, 4.3767767
6545, 0.965001, 51.9906044, 4.3767762
6580, 1.714999, 51.9906044, 4.3767762
6615, -0.023001, 51.9906044, 4.3767753
6650, -0.033998, 51.9906044, 4.3767753
6685, 1.099999, 51.9906044, 4.3767748
6720, -0.016000, 51.9906044, 4.3767743
6755, -0.032999, 51.9906044, 4.3767738
6790, -0.030001, 51.9906044, 4.3767738
6825, -0.039998, 51.9906006, 4.3767734
6860, -0.026000, 51.9906006, 4.3767729
6895, 0.979999, 51.9906006, 4.3767729
6930, 0.920998, 51.9906006, 4.3767729
6965, -0.024999, 51.9906006, 4.3767724
7000, -0.023999, 51.9906006, 4.3767719
7035, -0.027999, 51.9906006, 4.3767719
7070, -0.019998, 51.9906006, 4.3767715
7105, -0.025001, 51.9906006, 4.3767715
7140, -0.025000, 51.9906006, 4.3767710
7175, -0.035999, 51.9906006, 4.3767710
7210, -0.031998, 51.9906044, 4.3767710
7245, -0.031999, 51.9906044, 4.3767710
7280, -0.035999, 51.9906044, 4.3767710
7315, 0.742001, 51.9906044, 4.3767710
7350, 1.534000, 51.9906044, 4.3767710
7385, 0.645999, 51.9906044, 4.3767710
7420, -0.024002, 51.9906044, 4.3767710
7455, -0.023000, 51.9906044, 4.3767710
7490, -0.026999, 51.9906044, 4.3767710
7525, -0.027002, 51.9906044, 4.3767710
7560, -0.023001, 51.9906044, 4.3767710
7595, -0.006002, 51.9906044, 4.3767710
7630, -0.021001, 51.9906044, 4.3767710
7665, -0.017002, 51.9906044, 4.3767710
7700, -0.021001, 51.9906044, 4.3767710
7735, -0.021001, 51.9906044, 4.3767710
7770, -0.020000, 51.9906044, 4.3767710
7805, -0.023999, 51.9906044, 4.3767710
7840, -0.013001, 51.9906044, 4.3767710
7875, -0.023999, 51.9906044, 4.3767710
7910, 0.314000, 51.9906044, 4.3767710
7945, -0.013998, 51.9906044, 4.3767710
7980, -0.038000, 51.9906044, 4.3767710
8015, -0.016001, 51.9906044, 4.3767710
8050, 0.140001, 51.9906044, 4.3767715
8085, 1.906000, 51.9906044, 4.3767719
8120, -0.008999, 51.9906044, 4.3767719
8155, -0.014000, 51.9906044, 4.3767724
8190, -0.007999, 51.9906044, 4.3767729
8225, -0.027000, 51.9906044, 4.3767734
8260, 0.001002, 51.9906044, 4.3767738
8295, -0.019000, 51.9906082, 4.3767743
8330, -0.014002, 51.9906082, 4.3767753
8365, 1.871001, 51.9906082, 4.3767757
8400, 1.869000, 51.9906082, 4.3767762
8435, 1.799000, 51.9906082, 4.3767776
8470, 1.849000, 51.9906082, 4.3767786
8505, 1.813999, 51.9906082, 4.3767791
8540, 1.186999, 51.9906082, 4.3767800
8575, 0.948998, 51.9906082, 4.3767810
8610, 1.217002, 51.9906082, 4.3767815
8645, 0.944002, 51.9906120, 4.3767829
8680, 0.932001, 51.9906120, 4.3767838
8715, 0.150001, 51.9906120, 4.3767848
8750, 0.125999, 51.9906120, 4.3767862
8785, -0.030002, 51.9906120, 4.3767872
8820, 0.814000, 51.9906120, 4.3767886
8855, -0.040001, 51.9906120, 4.3767896
8890, -0.019998, 51.9906120, 4.3767910
8925, 1.015001, 51.9906120, 4.3767915
8960, -0.044001, 51.9906158, 4.3767934
8995, -0.044001, 51.9906158, 4.3767943
9030, -0.028998, 51.9906158, 4.3767958
9065, -0.042000, 51.9906158, 4.3767962
9100, -0.033002, 51.9906158, 4.3767986
9135, -0.021001, 51.9906158, 4.3767991
9170, -0.029001, 51.9906158, 4.3768010
9205, 0.192998, 51.9906158, 4.3768015
9240, -0.041999, 51.9906158, 4.3768029
9275, -0.032000, 51.9906158, 4.3768039
9310, -0.034000, 51.9906158, 4.3768048
9345, -0.034001, 51.9906158, 4.3768058
9380, -0.023998, 51.9906158, 4.3768072
9415, -0.031999, 51.9906158, 4.3768082
9450, -0.011000, 51.9906158, 4.3768096
9485, -0.009999, 51.9906197, 4.3768110
9520, 1.961998, 51.9906197, 4.3768120
9555, -0.046000, 51.9906197, 4.3768129
9590, 1.998001, 51.9906197, 4.3768139
9625, 1.982002, 51.9906197, 4.3768153
9660, 1.979999, 51.9906197, 4.3768158
9695, 1.943001, 51.9906197, 4.3768167
9730, -0.028002, 51.9906197, 4.3768182
9765, -0.036999, 51.9906235, 4.3768191
9800, -0.029999, 51.9906235, 4.3768201
9835, -0.028001, 51.9906235, 4.3768210
9870, -0.036998, 51.9906235, 4.3768225
9905, -0.029000, 51.9906235, 4.3768234
9940, -0.030000, 51.9906235, 4.3768249
9975, -0.033001, 51.9906235, 4.3768258
10010, -0.026998, 51.9906235, 4.3768263
10045, -0.033999, 51.9906273, 4.3768277
10080, -0.042000, 51.9906273, 4.3768282
10115, -0.038000, 51.9906273, 4.3768291
10150, -0.024000, 51.9906273, 4.3768306
10185, 1.712000, 51.9906273, 4.3768311
10220, -0.039999, 51.9906273, 4.3768325
10255, -0.048001, 51.9906273, 4.3768330
10290, -0.009999, 51.9906273, 4.3768330
10325, -0.022000, 51.9906273, 4.3768349
10360, -0.022000, 51.9906273, 4.3768353
10395, -0.002001, 51.9906311, 4.3768358
10430, -0.024002, 51.9906311, 4.3768368
10465, 0.746998, 51.9906311, 4.3768377
10500, 1.264000, 51.9906311, 4.3768382
10535, -0.026001, 51.9906311, 4.3768387
10570, -0.027001, 51.9906311, 4.3768392
10605, -0.025001, 51.9906311, 4.3768401
10640, -0.029000, 51.9906311, 4.3768406
10675, -0.045999, 51.9906311, 4.3768406
10710, -0.032001, 51.9906311, 4.3768411
10745, -0.023001, 51.9906311, 4.3768415
10780, -0.022000, 51.9906311, 4.3768415
10815, -0.050002, 51.9906311, 4.3768420
10850, 1.228999, 51.9906311, 4.3768425
10885, -0.026000, 51.9906311, 4.3768425
10920, -0.037000, 51.9906311, 4.3768425
10955, 1.239000, 51.9906311, 4.3768425
10990, -0.050998, 51.9906311, 4.3768425
11025, -0.042000, 51.9906311, 4.3768425
11060, -0.036999, 51.9906349, 4.3768425
11095, 0.017998, 51.9906349, 4.3768425
11130, -0.041001, 51.9906349, 4.3768425
11165, -0.050001, 51.9906349, 4.3768425
11200, -0.038001, 51.9906349, 4.3768420
11235, -0.047999, 51.9906349, 4.3768420
11270, -0.034000, 51.9906349, 4.3768420
11305, -0.047001, 51.9906349, 4.3768415
11340, -0.056999, 51.9906349, 4.3768411
11375, 0.953999, 51.9906349, 4.3768411
11410, -0.041999, 51.9906349, 4.3768406
11445, -0.045001, 51.9906349, 4.3768406
11480, -0.051000, 51.9906349, 4.3768406
11515, -0.050001, 51.9906349, 4.3768401
11550, -0.048999, 51.9906349, 4.3768401
11585, -0.040000, 51.9906349, 4.3768396
11620, 1.132998, 51.9906349, 4.3768392
11655, -0.040000, 51.9906349, 4.3768392
11690, -0.058999, 51.9906349, 4.3768387
11725, -0.050998, 51.9906349, 4.3768382
11760, -0.058999, 51.9906349, 4.3768382
11795, -0.050999, 51.9906349, 4.3768377
11830, -0.052000, 51.9906349, 4.3768377
11865, 0.307000, 51.9906349, 4.3768373
11900, -0.062999, 51.9906349, 4.3768368
11935, -0.041000, 51.9906349, 4.3768368
11970, 0.146999, 51.9906349, 4.3768363
12005, -0.058002, 51.9906349, 4.3768358
12040, -0.059999, 51.9906349, 4.3768358
12075, -0.055002, 51.9906349, 4.3768353
12110, -0.040000, 51.9906349, 4.3768349
12145, 1.773999, 51.9906311, 4.3768344
12180, 1.184001, 51.9906311, 4.3768334
12215, -0.065001, 51.9906311, 4.3768330
12250, -0.040001, 51.9906311, 4.3768330
12285, 0.932998, 51.9906311, 4.3768320
12320, 1.732998, 51.9906311, 4.3768311
12355, -0.045999, 51.9906311, 4.3768306
12390, -0.044999, 51.9906311, 4.3768296
12425, 1.612001, 51.9906311, 4.3768287
12460, -0.047999, 51.9906311, 4.3768282
12495, -0.047999, 51.9906311, 4.3768268
12530, 0.188998, 51.9906311, 4.3768258
12565, -0.038999, 51.9906273, 4.3768249
12600, 1.813001, 51.9906273, 4.3768239
12635, -0.036999, 51.9906273, 4.3768234
12670, -0.047000, 51.9906273, 4.3768225
12705, -0.050001, 51.9906273, 4.3768210
12740, -0.052999, 51.9906273, 4.3768201
12775, -0.041000, 51.9906273, 4.3768191
12810, -0.049001, 51.9906273, 4.3768177
12845, 0.593001, 51.9906235, 4.3768167
12880, -0.044001, 51.9906235, 4.3768158
12915, -0.063998, 51.9906235, 4.3768148
12950, -0.080000, 51.9906235, 4.3768134
12985, -0.061999, 51.9906235, 4.3768129
13020, -0.069000, 51.9906235, 4.3768120
13055, -0.036998, 51.9906235, 4.3768106
13090, 0.026000, 51.9906235, 4.3768096
13125, 1.384999, 51.9906197, 4.3768082
13160, -0.043999, 51.9906197, 4.3768067
13195, 1.046001, 51.9906197, 4.3768058
13230, -0.045999, 51.9906197, 4.3768048
13265, -0.048999, 51.9906197, 4.3768039
13300, 0.885000, 51.9906197, 4.3768029
13335, -0.046002, 51.9906197, 4.3768015
13370, -0.041998, 51.9906158, 4.3768010
13405, -0.048999, 51.9906158, 4.3767996
13440, 0.992999, 51.9906158, 4.3767986
13475, -0.043998, 51.9906158, 4.3767977
13510, 0.847998, 51.9906158, 4.3767958
13580, -0.033998, 51.9906158, 4.3767943
13615, -0.041001, 51.9906158, 4.3767934
13650, -0.038001, 51.9906158, 4.3767924
13685, 1.632000, 51.9906158, 4.3767910
13720, -0.032001, 51.9906158, 4.3767905
13755, -0.054000, 51.9906158, 4.3767896
13790, 1.723000, 51.9906158, 4.3767886
13825, -0.038000, 51.9906158, 4.3767877
13860, 0.999001, 51.9906158, 4.3767862
13895, -0.033002, 51.9906158, 4.3767858
13930, -0.044000, 51.9906158, 4.3767848
13965, 1.873002, 51.9906120, 4.3767834
14000, -0.044998, 51.9906120, 4.3767829
14035, 0.116999, 51.9906120, 4.3767824
14070, 1.200999, 51.9906120, 4.3767810
14105, 1.583000, 51.9906120, 4.3767805
14140, 0.168998, 51.9906120, 4.3767796
14175, -0.046000, 51.9906120, 4.3767786
14210, -0.036999, 51.9906120, 4.3767786
14245, -0.046001, 51.9906120, 4.3767776
14280, 0.867000, 51.9906120, 4.3767767
14315, -0.037000, 51.9906120, 4.3767762
14350, 1.225000, 51.9906120, 4.3767757
14385, -0.038000, 51.9906120, 4.3767748
14420, -0.043999, 51.9906120, 4.3767743
14455, 1.191999, 51.9906082, 4.3767738
14490, -0.052002, 51.9906082, 4.3767734
14525, -0.026000, 51.9906082, 4.3767729
14560, -0.048001, 51.9906082, 4.3767724
14595, 1.389001, 51.9906082, 4.3767719
14630, -0.028000, 51.9906082, 4.3767715
14665, 1.421999, 51.9906082, 4.3767710
14700, -0.035999, 51.9906082, 4.3767710
14735, -0.023001, 51.9906082, 4.3767705
14770, -0.039001, 51.9906082, 4.3767700
14805, 1.434000, 51.9906082, 4.3767695
14840, 0.944999, 51.9906082, 4.3767695
14875, 1.328001, 51.9906082, 4.3767691
14910, -0.049000, 51.9906082, 4.3767686
14945, 1.642000, 51.9906082, 4.3767686
14980, -0.044999, 51.9906082, 4.3767686
15015, 1.535001, 51.9906082, 4.3767686
15050, -0.022999, 51.9906082, 4.3767686
15085, 1.671001, 51.9906082, 4.3767681
15120, 0.811000, 51.9906082, 4.3767681
15155, 1.433001, 51.9906082, 4.3767681
15190, -0.035999, 51.9906082, 4.3767676
15225, -0.033999, 51.9906082, 4.3767676
15260, -0.034000, 51.9906082, 4.3767676
15295, -0.037001, 51.9906082, 4.3767676
15330, -0.038998, 51.9906082, 4.3767672
15365, -0.030999, 51.9906082, 4.3767672
15400, -0.030999, 51.9906120, 4.3767672
15435, -0.030999, 51.9906120, 4.3767672
15470, -0.020999, 51.9906120, 4.3767672
15505, -0.028999, 51.9906120, 4.3767672
15540, -0.042999, 51.9906120, 4.3767672
15575, 0.307001, 51.9906120, 4.3767672
15610, -0.021999, 51.9906120, 4.3767672
15645, -0.048999, 51.9906120, 4.3767672
15680, -0.029999, 51.9906120, 4.3767672
15715, -0.042000, 51.9906120, 4.3767672
15750, -0.032999, 51.9906120, 4.3767676
15785, -0.035999, 51.9906120, 4.3767676
15820, -0.050000, 51.9906120, 4.3767681
15855, 1.709999, 51.9906120, 4.3767681
15890, -0.038999, 51.9906120, 4.3767686
15925, -0.039001, 51.9906120, 4.3767686
15960, -0.020000, 51.9906120, 4.3767691
15995, -0.019001, 51.9906120, 4.3767695
16030, -0.020998, 51.9906120, 4.3767705
16065, 0.163001, 51.9906120, 4.3767710
16100, -0.032001, 51.9906158, 4.3767719
16135, 1.073998, 51.9906158, 4.3767724
16170, -0.027000, 51.9906158, 4.3767734
16205, -0.041001, 51.9906158, 4.3767738
16240, -0.040998, 51.9906158, 4.3767748
16275, -0.017000, 51.9906158, 4.3767762
16310, -0.034999, 51.9906158, 4.3767772
16345, -0.047998, 51.9906158, 4.3767781
16380, -0.035000, 51.9906158, 4.3767786
16415, -0.040999, 51.9906158, 4.3767800
16450, -0.052999, 51.9906158, 4.3767810
16485, 1.789002, 51.9906158, 4.3767824
16520, -0.023002, 51.9906158, 4.3767834
16555, 1.988999, 51.9906158, 4.3767843
16590, 1.975000, 51.9906158, 4.3767858
16625, 1.943998, 51.9906158, 4.3767862
16660, -0.036002, 51.9906158, 4.3767886
16695, -0.039000, 51.9906158, 4.3767896
16730, -0.055002, 51.9906158, 4.3767905
16765, -0.048000, 51.9906197, 4.3767920
16800, -0.044001, 51.9906197, 4.3767929
16835, -0.050998, 51.9906197, 4.3767939
16870, -0.042000, 51.9906197, 4.3767953
16905, 1.471999, 51.9906197, 4.3767962
16940, -0.034001, 51.9906197, 4.3767977
16975, -0.036999, 51.9906197, 4.3767986
17010, -0.046002, 51.9906197, 4.3768001
17045, -0.040001, 51.9906235, 4.3768010
17080, -0.050002, 51.9906235, 4.3768024
17115, -0.056001, 51.9906235, 4.3768034
17150, -0.050000, 51.9906235, 4.3768048
17185, -0.037999, 51.9906235, 4.3768058
17220, 0.035999, 51.9906235, 4.3768067
17255, 0.685001, 51.9906235, 4.3768077
17290, -0.038000, 51.9906235, 4.3768086
17325, 0.027000, 51.9906273, 4.3768096
17360, 1.965999, 51.9906273, 4.3768110
17395, -0.030001, 51.9906273, 4.3768125
17430, -0.038001, 51.9906273, 4.3768134
17465, -0.057001, 51.9906273, 4.3768139
17500, -0.050000, 51.9906273, 4.3768153
17535, -0.043999, 51.9906273, 4.3768158
17570, -0.054002, 51.9906273, 4.3768172
17605, -0.046001, 51.9906311, 4.3768182
17640, -0.051999, 51.9906311, 4.3768191
17675, 1.843998, 51.9906311, 4.3768201
17710, 1.184000, 51.9906311, 4.3768215
17745, -0.044002, 51.9906311, 4.3768225
17780, -0.048000, 51.9906311, 4.3768234
17815, 0.370001, 51.9906311, 4.3768239
17850, -0.048002, 51.9906311, 4.3768249
17885, -0.040999, 51.9906311, 4.3768258
17920, -0.033001, 51.9906311, 4.3768263
17955, -0.040999, 51.9906349, 4.3768272
17990, 1.873999, 51.9906349, 4.3768282
18025, -0.039999, 51.9906349, 4.3768287
18060, -0.033001, 51.9906349, 4.3768296
18095, -0.033000, 51.9906349, 4.3768306
18130, -0.037000, 51.9906349, 4.3768311
18165, 0.980000, 51.9906349, 4.3768315
18200, -0.028000, 51.9906349, 4.3768325
18235, 1.009000, 51.9906349, 4.3768330
18270, -0.028000, 51.9906349, 4.3768330
18305, 1.928001, 51.9906349, 4.3768334
18340, -0.030999, 51.9906349, 4.3768339
18375, 1.384000, 51.9906349, 4.3768344
18410, -0.045000, 51.9906349, 4.3768349
18445, -0.050001, 51.9906349, 4.3768353
18480, 0.489000, 51.9906349, 4.3768358
18515, -0.038001, 51.9906349, 4.3768358
18550, -0.025999, 51.9906349, 4.3768358
18585, 1.150999, 51.9906349, 4.3768358
18620, 1.787998, 51.9906349, 4.3768358
18655, -0.036999, 51.9906349, 4.3768358
18690, -0.037998, 51.9906349, 4.3768358
18725, -0.048001, 51.9906349, 4.3768358
18760, -0.044001, 51.9906349, 4.3768358
18795, -0.044998, 51.9906349, 4.3768358
18830, -0.043999, 51.9906349, 4.3768358
18865, -0.048999, 51.9906349, 4.3768358
18900, -0.064999, 51.9906349, 4.3768358
18935, -0.064998, 51.9906349, 4.3768358
18970, -0.056002, 51.9906349, 4.3768358
19005, 0.879000, 51.9906349, 4.3768358
19040, 0.956999, 51.9906349, 4.3768353
19075, 1.711001, 51.9906349, 4.3768353
19110, 1.727000, 51.9906349, 4.3768353
19145, -0.079998, 51.9906349, 4.3768349
19180, -0.074001, 51.9906349, 4.3768344
19215, -0.066999, 51.9906349, 4.3768344
19250, -0.051998, 51.9906349, 4.3768344
19285, 1.700999, 51.9906349, 4.3768339
19320, 0.823998, 51.9906349, 4.3768334
19355, -0.046002, 51.9906349, 4.3768334
19390, 1.547998, 51.9906349, 4.3768334
19425, -0.052002, 51.9906349, 4.3768330
19460, 0.315000, 51.9906349, 4.3768330
19495, -0.071000, 51.9906349, 4.3768330
19530, 1.504999, 51.9906349, 4.3768330
19565, -0.067999, 51.9906349, 4.3768325
19600, -0.064999, 51.9906349, 4.3768320
19635, -0.053000, 51.9906349, 4.3768320
19670, -0.057000, 51.9906349, 4.3768315
19705, -0.056001, 51.9906349, 4.3768315
19740, 1.061000, 51.9906349, 4.3768311
19775, -0.078001, 51.9906349, 4.3768311
19810, -0.056999, 51.9906349, 4.3768311
19845, -0.049001, 51.9906349, 4.3768306
19880, 1.639000, 51.9906349, 4.3768306
19915, -0.054999, 51.9906349, 4.3768306
19950, 1.022999, 51.9906349, 4.3768306
19985, -0.052999, 51.9906349, 4.3768306
20020, -0.063998, 51.9906349, 4.3768301
20055, -0.043001, 51.9906349, 4.3768296
20090, -0.058001, 51.9906349, 4.3768291
20125, 0.706999, 51.9906349, 4.3768287
20160, -0.063998, 51.9906349, 4.3768282
20195, 0.196000, 51.9906349, 4.3768277
20230, 0.992998, 51.9906349, 4.3768268
20265, 1.607001, 51.9906349, 4.3768263
20300, 1.030000, 51.9906349, 4.3768258
20335, -0.102001, 51.9906349, 4.3768249
20370, 0.825999, 51.9906349, 4.3768239
20405, 0.094002, 51.9906349, 4.3768234
20440, -0.066999, 51.9906349, 4.3768229
20475, -0.060000, 51.9906349, 4.3768220
20510, -0.062000, 51.9906349, 4.3768220
20545, 1.167000, 51.9906349, 4.3768220
20580, -0.064000, 51.9906349, 4.3768220
20615, -0.063000, 51.9906349, 4.3768220
20650, -0.057000, 51.9906349, 4.3768220
20685, -0.050000, 51.9906349, 4.3768220
20720, -0.050000, 51.9906349, 4.3768220
20755, 1.340000, 51.9906349, 4.3768220
20790, -0.050000, 51.9906349, 4.3768220
20825, -0.047002, 51.9906311, 4.3768110
20860, -0.063001, 51.9906311, 4.3768096
20895, 1.498999, 51.9906311, 4.3768082
20930, -0.064002, 51.9906273, 4.3768072
20965, 0.515999, 51.9906273, 4.3768058
21000, -0.063998, 51.9906273, 4.3768048
21035, -0.054999, 51.9906273, 4.3768034
21070, 1.011999, 51.9906273, 4.3768024
21105, -0.050998, 51.9906273, 4.3768010
21140, -0.057999, 51.9906273, 4.3768001
21175, -0.058000, 51.9906235, 4.3767986
21210, -0.056001, 51.9906235, 4.3767977
21245, -0.056999, 51.9906235, 4.3767962
21280, -0.043002, 51.9906235, 4.3767943
21315, -0.054001, 51.9906235, 4.3767934
21350, 0.847000, 51.9906235, 4.3767924
21385, -0.045999, 51.9906235, 4.3767910
21420, 1.591001, 51.9906197, 4.3767905
21455, 0.201000, 51.9906197, 4.3767891
21490, -0.049998, 51.9906197, 4.3767881
21525, -0.048999, 51.9906197, 4.3767872
21560, -0.049999, 51.9906197, 4.3767862
21595, 1.966001, 51.9906197, 4.3767848
21630, 1.976999, 51.9906197, 4.3767838
21665, 1.988000, 51.9906158, 4.3767824
21700, 1.990000, 51.9906158, 4.3767815
21735, 1.981000, 51.9906158, 4.3767810
21770, 1.202000, 51.9906158, 4.3767800
21805, 1.991000, 51.9906158, 4.3767786
21840, -0.043000, 51.9906158, 4.3767776
21875, 1.967000, 51.9906158, 4.3767772
21910, -0.047001, 51.9906158, 4.3767762
21945, 1.742998, 51.9906158, 4.3767753
21980, -0.036001, 51.9906158, 4.3767743
22015, 0.973000, 51.9906158, 4.3767738
22050, -0.039001, 51.9906158, 4.3767729
22085, -0.052999, 51.9906158, 4.3767719
22120, -0.052000, 51.9906158, 4.3767710
22155, 1.910000, 51.9906158, 4.3767705
22190, -0.059999, 51.9906158, 4.3767700
22225, -0.039002, 51.9906158, 4.3767695
22260, -0.045000, 51.9906158, 4.3767686
22295, -0.048001, 51.9906158, 4.3767686
22330, 0.513998, 51.9906158, 4.3767681
22365, -0.039000, 51.9906158, 4.3767672
22400, -0.058998, 51.9906158, 4.3767662
22435, 0.992999, 51.9906158, 4.3767662
22470, 0.363000, 51.9906158, 4.3767657
22505, 1.779999, 51.9906158, 4.3767653
22540, -0.055999, 51.9906158, 4.3767648
22575, -0.039999, 51.9906158, 4.3767648
22610, -0.042001, 51.9906158, 4.3767643
22645, 1.796000, 51.9906158, 4.3767638
22680, -0.033999, 51.9906158, 4.3767638
22715, -0.048000, 51.9906158, 4.3767638
22750, -0.037001, 51.9906158, 4.3767633
22785, -0.049998, 51.9906158, 4.3767633
22820, -0.039999, 51.9906158, 4.3767629
22855, -0.053000, 51.9906158, 4.3767629
22890, 1.100999, 51.9906158, 4.3767629
22925, -0.066999, 51.9906158, 4.3767624
22960, -0.053001, 51.9906158, 4.3767624
22995, 1.253998, 51.9906158, 4.3767624
23030, 0.832999, 51.9906158, 4.3767624
23065, -0.044999, 51.9906158, 4.3767619
23100, -0.046002, 51.9906158, 4.3767624
23135, 1.053999, 51.9906158, 4.3767624
23170, -0.020002, 51.9906158, 4.3767624
23205, -0.037999, 51.9906158, 4.3767624
23240, 1.604000, 51.9906158, 4.3767624
23275, 0.697001, 51.9906158, 4.3767624
23310, -0.049000, 51.9906158, 4.3767624
23345, -0.042001, 51.9906158, 4.3767624
23380, 1.020001, 51.9906158, 4.3767624
23415, -0.059001, 51.9906158, 4.3767624
23450, -0.057999, 51.9906158, 4.3767624
23485, 1.419999, 51.9906158, 4.3767624
23520, -0.048998, 51.9906158, 4.3767629
23555, 1.333001, 51.9906158, 4.3767629
23590, -0.039001, 51.9906158, 4.3767633
23625, -0.044999, 51.9906158, 4.3767633
23660, 0.643999, 51.9906158, 4.3767638
23695, -0.056000, 51.9906158, 4.3767638
23730, -0.025999, 51.9906158, 4.3767643
23765, -0.048001, 51.9906158, 4.3767648
23800, -0.038000, 51.9906158, 4.3767657
23835, -0.053999, 51.9906158, 4.3767662
23870, -0.036000, 51.9906158, 4.3767672
23905, -0.059002, 51.9906158, 4.3767676
23940, -0.058999, 51.9906158, 4.3767686
23975, 0.216998, 51.9906158, 4.3767691
24010, -0.052000, 51.9906158, 4.3767700
24045, -0.051999, 51.9906158, 4.3767710
24080, -0.044998, 51.9906197, 4.3767719
24115, -0.058001, 51.9906197, 4.3767729
24150, 0.599002, 51.9906197, 4.3767743
24185, -0.049002, 51.9906197, 4.3767753
24220, -0.055001, 51.9906197, 4.3767762
24255, -0.058001, 51.9906197, 4.3767772
24290, -0.043999, 51.9906197, 4.3767786
24325, -0.053999, 51.9906197, 4.3767791
24360, -0.052999, 51.9906235, 4.3767805
24395, -0.054001, 51.9906235, 4.3767815
24430, -0.050001, 51.9906235, 4.3767834
24465, -0.046999, 51.9906235, 4.3767843
24500, -0.039001, 51.9906235, 4.3767858
24535, -0.046999, 51.9906235, 4.3767862
24570, -0.038001, 51.9906235, 4.3767881
24605, -0.046001, 51.9906235, 4.3767886
24640, -0.043002, 51.9906273, 4.3767905
24675, -0.037001, 51.9906273, 4.3767910
24710, -0.041999, 51.9906273, 4.3767924
24745, -0.032000, 51.9906273, 4.3767934
24780, -0.042001, 51.9906273, 4.3767943
24815, -0.044001, 51.9906273, 4.3767958
24850, -0.060001, 51.9906273, 4.3767977
24885, -0.048001, 51.9906311, 4.3767986
24920, -0.044002, 51.9906311, 4.3767996
24955, -0.044999, 51.9906311, 4.3768010
24990, -0.045000, 51.9906311, 4.3768015
25025, -0.054002, 51.9906311, 4.3768029
25060, -0.036000, 51.9906311, 4.3768039
25095, -0.046999, 51.9906311, 4.3768048
25130, -0.061999, 51.9906311, 4.3768063
25165, -0.035001, 51.9906349, 4.3768077
25200, -0.052999, 51.9906349, 4.3768082
25235, -0.053001, 51.9906349, 4.3768096
25270, -0.053999, 51.9906349, 4.3768106
25305, -0.055000, 51.9906349, 4.3768120
25340, 1.153999, 51.9906349, 4.3768125
25375, -0.058001, 51.9906349, 4.3768134
25410, -0.057001, 51.9906349, 4.3768144
25445, -0.047998, 51.9906349, 4.3768153
25480, -0.061999, 51.9906349, 4.3768167
25515, -0.054000, 51.9906349, 4.3768177
25550, 2.074002, 51.9906349, 4.3768182
25585, -0.053000, 51.9906349, 4.3768196
25620, -0.057998, 51.9906349, 4.3768206
25655, -0.059000, 51.9906349, 4.3768210
25690, -0.063998, 51.9906349, 4.3768220
25725, -0.058001, 51.9906349, 4.3768229
25760, -0.046998, 51.9906349, 4.3768239
25795, -0.048999, 51.9906349, 4.3768249
25830, -0.045999, 51.9906387, 4.3768253
25865, -0.038999, 51.9906387, 4.3768258
25900, -0.063002, 51.9906387, 4.3768263
25935, -0.036001, 51.9906387, 4.3768272
25970, -0.042999, 51.9906387, 4.3768277
26005, 1.492998, 51.9906387, 4.3768282
26040, -0.041999, 51.9906387, 4.3768282
26075, 0.452999, 51.9906387, 4.3768287
26110, -0.031999, 51.9906387, 4.3768287
26145, -0.036001, 51.9906387, 4.3768287
26180, 1.224999, 51.9906387, 4.3768287
26215, -0.031001, 51.9906387, 4.3768282
26250, 0.422999, 51.9906387, 4.3768282
26285, -0.044000, 51.9906387, 4.3768277
26320, 1.529000, 51.9906387, 4.3768272
26355, -0.052999, 51.9906387, 4.3768263
26390, 0.202999, 51.9906387, 4.3768258
26425, -0.051000, 51.9906387, 4.3768253
26460, -0.047999, 51.9906349, 4.3768249
26530, -0.097002, 51.9906349, 4.3768225
26600, 1.198001, 51.9906349, 4.3768206
26635, -0.062001, 51.9906349, 4.3768191
26670, -0.036000, 51.9906349, 4.3768182
26705, 1.514999, 51.9906349, 4.3768163
26740, 0.767999, 51.9906349, 4.3768153
26775, 0.175000, 51.9906349, 4.3768139
26810, 1.387999, 51.9906349, 4.3768134
26845, -0.073002, 51.9906349, 4.3768115
26880, 1.037001, 51.9906349, 4.3768106
26915, -0.060001, 51.9906349, 4.3768086
26950, 1.668001, 51.9906349, 4.3768077
26985, 0.680002, 51.9906349, 4.3768063
27020, -0.045001, 51.9906349, 4.3768048
27055, 0.920001, 51.9906311, 4.3768034
27090, 0.894001, 51.9906311, 4.3768015
27125, 1.575002, 51.9906311, 4.3768005
27160, -0.049998, 51.9906311, 4.3767991
27195, -0.075002, 51.9906311, 4.3767977
27230, -0.066000, 51.9906311, 4.3767962
27265, -0.053998, 51.9906311, 4.3767953
27300, -0.049000, 51.9906311, 4.3767934
27335, 1.059998, 51.9906273, 4.3767924
27370, -0.060999, 51.9906273, 4.3767910
27405, -0.040000, 51.9906273, 4.3767891
27440, 1.231002, 51.9906273, 4.3767881
27475, -0.070002, 51.9906273, 4.3767862
27510, -0.066002, 51.9906273, 4.3767858
27545, -0.048999, 51.9906273, 4.3767838
27580, -0.071001, 51.9906235, 4.3767829
27615, -0.100002, 51.9906235, 4.3767815
27650, 0.509001, 51.9906235, 4.3767810
27685, -0.056000, 51.9906235, 4.3767796
27720, 1.138000, 51.9906235, 4.3767786
27755, -0.067000, 51.9906235, 4.3767772
27790, -0.069998, 51.9906235, 4.3767757
27825, 1.856999, 51.9906235, 4.3767748
27860, -0.064000, 51.9906235, 4.3767738
27895, -0.075999, 51.9906197, 4.3767729
27930, -0.069998, 51.9906197, 4.3767715
27965, -0.060001, 51.9906197, 4.3767710
28000, -0.080999, 51.9906197, 4.3767700
28035, -0.063998, 51.9906197, 4.3767691
28070, -0.065999, 51.9906197, 4.3767681
28105, 1.062001, 51.9906197, 4.3767672
28140, 1.739001, 51.9906197, 4.3767672
28175, -0.073999, 51.9906197, 4.3767657
28210, 0.386001, 51.9906197, 4.3767648
28245, 1.822000, 51.9906197, 4.3767643
28280, 1.063000, 51.9906197, 4.3767638
28315, 0.878000, 51.9906158, 4.3767633
28350, -0.060000, 51.9906158, 4.3767624
28385, -0.056999, 51.9906158, 4.3767624
28420, -0.060998, 51.9906158, 4.3767614
28455, -0.057002, 51.9906158, 4.3767610
28490, -0.059001, 51.9906158, 4.3767605
28525, 1.426000, 51.9906158, 4.3767605
28560, 1.244001, 51.9906158, 4.3767600
28595, 0.671002, 51.9906158, 4.3767595
28630, 0.789999, 51.9906158, 4.3767591
28665, -0.050000, 51.9906158, 4.3767591
28700, -0.057000, 51.9906158, 4.3767586
28735, 1.713001, 51.9906158, 4.3767586
28770, 0.431002, 51.9906158, 4.3767586
28805, -0.062001, 51.9906158, 4.3767586
28840, -0.057001, 51.9906158, 4.3767586
28875, -0.067001, 51.9906158, 4.3767581
28910, -0.055000, 51.9906158, 4.3767581
28945, -0.049001, 51.9906158, 4.3767581
28980, -0.068001, 51.9906158, 4.3767576
29015, 0.662999, 51.9906158, 4.3767576
29050, 0.633999, 51.9906158, 4.3767576
29085, -0.055001, 51.9906158, 4.3767576
29120, -0.050001, 51.9906158, 4.3767576
29155, -0.067001, 51.9906158, 4.3767576
29190, -0.049000, 51.9906158, 4.3767576
29225, -0.075000, 51.9906158, 4.3767576
29260, -0.064001, 51.9906158, 4.3767576
29295, -0.063001, 51.9906158, 4.3767576
29330, 1.595002, 51.9906158, 4.3767576
29365, 1.005002, 51.9906158, 4.3767576
29400, -0.062998, 51.9906158, 4.3767576
29435, -0.052998, 51.9906197, 4.3767576
29470, -0.038001, 51.9906197, 4.3767576
29505, -0.055001, 51.9906197, 4.3767581
29540, -0.078000, 51.9906197, 4.3767581
29575, -0.060999, 51.9906197, 4.3767586
29610, -0.059001, 51.9906197, 4.3767586
29645, 1.539000, 51.9906197, 4.3767586
29680, -0.052000, 51.9906197, 4.3767586
29715, 1.105998, 51.9906197, 4.3767586
29750, -0.049000, 51.9906197, 4.3767586
29785, -0.063998, 51.9906197, 4.3767586
29820, -0.053998, 51.9906197, 4.3767586
29855, -0.055000, 51.9906197, 4.3767586
29890, -0.063000, 51.9906197, 4.3767586
29925, -0.070001, 51.9906197, 4.3767591
29960, 0.827998, 51.9906197, 4.3767591
29995, -0.072000, 51.9906197, 4.3767591
30030, -0.061002, 51.9906197, 4.3767595
30065, -0.071000, 51.9906197, 4.3767600
30100, 0.454998, 51.9906197, 4.3767605
30135, -0.058000, 51.9906197, 4.3767610
30170, -0.054001, 51.9906197, 4.3767614
30205, 1.617999, 51.9906197, 4.3767619
30240, -0.055999, 51.9906235, 4.3767629
30275, -0.063000, 51.9906235, 4.3767633
30310, 1.089999, 51.9906235, 4.3767638
30345, -0.052999, 51.9906235, 4.3767648
30380, -0.063001, 51.9906235, 4.3767657
30415, -0.060000, 51.9906235, 4.3767662
30450, 0.428000, 51.9906235, 4.3767672
30485, -0.063000, 51.9906235, 4.3767681
30520, -0.058000, 51.9906235, 4.3767686
30555, 0.743000, 51.9906235, 4.3767700
30590, -0.054002, 51.9906273, 4.3767710
30625, 1.459998, 51.9906273, 4.3767724
30660, -0.053002, 51.9906273, 4.3767738
30695, 0.787998, 51.9906273, 4.3767743
30730, -0.049998, 51.9906273, 4.3767757
30765, -0.055999, 51.9906273, 4.3767767
30800, -0.071999, 51.9906273, 4.3767776
30835, -0.062998, 51.9906273, 4.3767786
30870, -0.052999, 51.9906311, 4.3767800
30905, -0.059002, 51.9906311, 4.3767810
30940, -0.073998, 51.9906311, 4.3767819
30975, -0.073999, 51.9906311, 4.3767834
31010, -0.057998, 51.9906311, 4.3767848
31045, -0.064999, 51.9906311, 4.3767862
31080, -0.050000, 51.9906311, 4.3767872
31115, -0.068000, 51.9906349, 4.3767881
31150, 0.003000, 51.9906349, 4.3767891
31185, 0.005001, 51.9906349, 4.3767905
31220, 1.414001, 51.9906349, 4.3767910
31255, 2.005001, 51.9906349, 4.3767924
31290, -0.065999, 51.9906349, 4.3767934
31325, -0.058000, 51.9906349, 4.3767943
31360, -0.057001, 51.9906349, 4.3767958
31395, 0.586000, 51.9906349, 4.3767972
31430, -0.059000, 51.9906349, 4.3767986
31465, -0.056001, 51.9906349, 4.3767991
31500, -0.050001, 51.9906349, 4.3768005
31535, -0.053000, 51.9906349, 4.3768015
31570, -0.050999, 51.9906349, 4.3768024
31605, -0.057998, 51.9906349, 4.3768034
31640, -0.055001, 51.9906349, 4.3768044
31675, -0.041999, 51.9906349, 4.3768053
31710, -0.051002, 51.9906349, 4.3768058
31745, 0.927000, 51.9906349, 4.3768077
31780, 0.942998, 51.9906387, 4.3768082
31815, 0.955001, 51.9906387, 4.3768096
31850, 0.964000, 51.9906387, 4.3768106
31885, 1.808999, 51.9906387, 4.3768110
31920, 0.982000, 51.9906387, 4.3768120
31955, 1.835000, 51.9906387, 4.3768129
31990, 1.838001, 51.9906387, 4.3768134
32025, 1.833000, 51.9906387, 4.3768144
32060, 1.819999, 51.9906387, 4.3768153
32095, 1.832001, 51.9906387, 4.3768158
32130, 1.809000, 51.9906425, 4.3768167
32165, -0.055000, 51.9906425, 4.3768182
32200, -0.049001, 51.9906425, 4.3768187
32235, -0.054001, 51.9906425, 4.3768191
32270, -0.062998, 51.9906425, 4.3768201
32305, -0.066999, 51.9906425, 4.3768206
32340, -0.067000, 51.9906425, 4.3768210
32375, -0.044000, 51.9906425, 4.3768215
32410, -0.051000, 51.9906425, 4.3768225
32445, 1.433999, 51.9906425, 4.3768229
32480, -0.062001, 51.9906425, 4.3768234
32515, -0.048999, 51.9906425, 4.3768234
32550, -0.063001, 51.9906425, 4.3768239
32585, -0.051999, 51.9906425, 4.3768239
32620, -0.045001, 51.9906425, 4.3768234
32655, 1.813002, 51.9906425, 4.3768234
32690, -0.061999, 51.9906425, 4.3768234
32725, -0.053000, 51.9906425, 4.3768234
32760, 1.653999, 51.9906425, 4.3768229
32795, 1.910998, 51.9906425, 4.3768220
32830, 1.414999, 51.9906425, 4.3768210
32865, 1.221001, 51.9906425, 4.3768206
32900, -0.060998, 51.9906425, 4.3768201
32935, 1.576999, 51.9906425, 4.3768191
32970, 1.395998, 51.9906425, 4.3768182
33005, 1.286998, 51.9906425, 4.3768172
33040, 1.840001, 51.9906425, 4.3768163
33075, 1.819000, 51.9906387, 4.3768158
33110, 1.803000, 51.9906387, 4.3768144
33145, 1.796999, 51.9906387, 4.3768134
33180, 1.798001, 51.9906387, 4.3768120
33215, 1.749000, 51.9906387, 4.3768110
33250, 1.486001, 51.9906387, 4.3768096
33285, 0.913002, 51.9906387, 4.3768082
33320, 0.869999, 51.9906387, 4.3768063
33355, 0.833999, 51.9906349, 4.3768058
33390, 0.814002, 51.9906349, 4.3768039
33425, -0.067000, 51.9906349, 4.3768029
33460, -0.063002, 51.9906349, 4.3768015
33495, 0.694000, 51.9906349, 4.3768001
33530, 0.920999, 51.9906349, 4.3767986
33565, -0.077000, 51.9906349, 4.3767977
33600, -0.086999, 51.9906349, 4.3767958
33635, -0.073998, 51.9906349, 4.3767943
33670, -0.070999, 51.9906349, 4.3767934
33705, 1.476001, 51.9906349, 4.3767920
33740, -0.008000, 51.9906349, 4.3767905
33775, -0.074998, 51.9906349, 4.3767886
33810, 0.715001, 51.9906349, 4.3767872
33845, -0.082002, 51.9906349, 4.3767862
33880, 1.562999, 51.9906311, 4.3767843
33915, -0.095000, 51.9906311, 4.3767834
33950, -0.075000, 51.9906311, 4.3767819
33985, 1.383000, 51.9906311, 4.3767810
34020, -0.082001, 51.9906311, 4.3767791
34055, 0.967998, 51.9906311, 4.3767781
34090, -0.064001, 51.9906311, 4.3767762
34125, 1.438998, 51.9906273, 4.3767753
34160, -0.069000, 51.9906273, 4.3767738
34195, -0.065001, 51.9906273, 4.3767729
34230, 1.117000, 51.9906273, 4.3767719
34265, -0.051002, 51.9906273, 4.3767710
34300, -0.060999, 51.9906273, 4.3767691
34335, -0.066999, 51.9906273, 4.3767681
34370, -0.068999, 51.9906273, 4.3767672
34405, -0.068998, 51.9906273, 4.3767662
34440, -0.063001, 51.9906273, 4.3767657
34475, 1.384002, 51.9906235, 4.3767643
34510, 0.824999, 51.9906235, 4.3767638
34545, 0.898000, 51.9906235, 4.3767633
34580, 0.629001, 51.9906235, 4.3767619
34615, -0.066002, 51.9906235, 4.3767614
34650, 1.860001, 51.9906235, 4.3767605
34685, -0.048999, 51.9906235, 4.3767600
34720, -0.057999, 51.9906235, 4.3767591
34755, -0.074001, 51.9906235, 4.3767586
34790, -0.052000, 51.9906235, 4.3767586
34825, 0.873999, 51.9906235, 4.3767576
34860, -0.059999, 51.9906235, 4.3767571
34895, -0.056001, 51.9906235, 4.3767567
34930, 1.223999, 51.9906235, 4.3767562
34965, -0.079002, 51.9906235, 4.3767562
35000, -0.059002, 51.9906235, 4.3767557
35035, -0.054002, 51.9906235, 4.3767557
35070, -0.066001, 51.9906235, 4.3767552
35105, -0.072000, 51.9906235, 4.3767552
35140, 0.070000, 51.9906235, 4.3767548
35175, -0.061000, 51.9906235, 4.3767543
35210, -0.065999, 51.9906235, 4.3767543
35245, -0.047999, 51.9906235, 4.3767543
35280, 1.810001, 51.9906235, 4.3767543
35315, -0.074000, 51.9906235, 4.3767538
35350, 1.403000, 51.9906235, 4.3767543
35385, -0.063000, 51.9906235, 4.3767543
35420, 1.706999, 51.9906235, 4.3767543
35455, 1.520001, 51.9906235, 4.3767543
35490, 1.756999, 51.9906235, 4.3767543
35525, -0.073000, 51.9906235, 4.3767543
35560, -0.066999, 51.9906235, 4.3767543
35595, -0.080001, 51.9906235, 4.3767543
35630, -0.084999, 51.9906235, 4.3767543
35665, -0.070998, 51.9906235, 4.3767543
35700, 1.785000, 51.9906235, 4.3767543
35735, -0.063001, 51.9906235, 4.3767543
35770, -0.050000, 51.9906235, 4.3767548
35805, -0.061999, 51.9906235, 4.3767548
35840, -0.067998, 51.9906235, 4.3767548
35875, -0.077001, 51.9906235, 4.3767548
35910, -0.065999, 51.9906235, 4.3767552
35945, 1.439999, 51.9906235, 4.3767552
35980, -0.062999, 51.9906273, 4.3767552
36015, 1.093000, 51.9906273, 4.3767552
36050, -0.074999, 51.9906273, 4.3767557
36085, -0.067001, 51.9906273, 4.3767557
36120, -0.076000, 51.9906273, 4.3767562
36155, -0.050999, 51.9906273, 4.3767562
36190, -0.058999, 51.9906273, 4.3767567
36225, -0.061001, 51.9906273, 4.3767576
36260, -0.059000, 51.9906273, 4.3767581
36295, -0.061000, 51.9906273, 4.3767586
36330, -0.061999, 51.9906273, 4.3767591
36365, -0.054002, 51.9906273, 4.3767600
36400, -0.055000, 51.9906311, 4.3767610
36435, -0.050998, 51.9906311, 4.3767614
36470, -0.068000, 51.9906311, 4.3767624
36505, -0.058998, 51.9906311, 4.3767633
36540, -0.048001, 51.9906311, 4.3767638
36575, -0.059000, 51.9906311, 4.3767653
36610, -0.060999, 51.9906311, 4.3767662
36645, -0.056999, 51.9906311, 4.3767676
36680, -0.061999, 51.9906311, 4.3767686
36715, -0.058999, 51.9906349, 4.3767695
36750, -0.051999, 51.9906349, 4.3767710
36785, -0.062998, 51.9906349, 4.3767719
36820, -0.062998, 51.9906349, 4.3767729
36855, -0.059002, 51.9906349, 4.3767738
36890, -0.060001, 51.9906349, 4.3767748
36925, -0.059999, 51.9906349, 4.3767767
36960, -0.073001, 51.9906349, 4.3767776
36995, -0.057998, 51.9906349, 4.3767791
37030, -0.070000, 51.9906349, 4.3767800
37065, -0.075000, 51.9906349, 4.3767810
37100, -0.075999, 51.9906349, 4.3767824
37135, -0.078000, 51.9906349, 4.3767834
37170, -0.073000, 51.9906349, 4.3767848
37205, -0.070000, 51.9906349, 4.3767858
37240, -0.068000, 51.9906349, 4.3767867
37275, -0.072000, 51.9906387, 4.3767881
37310, -0.070000, 51.9906387, 4.3767891
37345, -0.072001, 51.9906387, 4.3767910
37380, -0.069002, 51.9906387, 4.3767920
37415, -0.066000, 51.9906387, 4.3767929
37450, -0.063998, 51.9906387, 4.3767939
37485, -0.065001, 51.9906387, 4.3767953
37520, -0.076999, 51.9906387, 4.3767958
37555, -0.061001, 51.9906425, 4.3767972
37590, -0.061999, 51.9906425, 4.3767982
37625, -0.070999, 51.9906425, 4.3767991
37660, 0.028998, 51.9906425, 4.3768010
37695, -0.063001, 51.9906425, 4.3768020
37730, 0.805001, 51.9906425, 4.3768029
37765, 0.835999, 51.9906425, 4.3768034
37800, 0.862001, 51.9906425, 4.3768048
37835, 0.873000, 51.9906425, 4.3768058
37870, 0.903000, 51.9906425, 4.3768063
37905, 0.918000, 51.9906464, 4.3768077
37940, 0.936002, 51.9906464, 4.3768086
37975, 0.954002, 51.9906464, 4.3768096
38010, 1.789001, 51.9906464, 4.3768106
38045, 1.805000, 51.9906464, 4.3768110
38080, 1.805998, 51.9906464, 4.3768120
38115, 1.828001, 51.9906464, 4.3768129
38150, 1.985998, 51.9906464, 4.3768134
38185, 1.807000, 51.9906464, 4.3768144
38220, 1.827001, 51.9906464, 4.3768153
38255, -0.056002, 51.9906464, 4.3768158
38290, -0.063999, 51.9906464, 4.3768163
38325, -0.080999, 51.9906464, 4.3768167
38360, -0.064999, 51.9906502, 4.3768172
38395, -0.067999, 51.9906502, 4.3768182
38430, -0.070001, 51.9906502, 4.3768182
38465, -0.075002, 51.9906502, 4.3768182
38500, -0.085000, 51.9906502, 4.3768182
38535, -0.067998, 51.9906502, 4.3768182
38570, -0.056001, 51.9906502, 4.3768182
38605, -0.067000, 51.9906502, 4.3768182
38640, -0.068999, 51.9906502, 4.3768177
38675, 1.470000, 51.9906502, 4.3768172
38710, -0.064001, 51.9906464, 4.3768167
38745, -0.076998, 51.9906464, 4.3768158
38780, -0.074000, 51.9906464, 4.3768158
38815, 1.813000, 51.9906464, 4.3768144
38850, 1.793002, 51.9906464, 4.3768134
38885, 1.800000, 51.9906464, 4.3768129
38920, 1.792999, 51.9906464, 4.3768120
38955, 1.757000, 51.9906464, 4.3768110
38990, 1.738999, 51.9906464, 4.3768096
39025, 1.457000, 51.9906464, 4.3768082
39060, 0.880999, 51.9906464, 4.3768072
39095, 1.616998, 51.9906425, 4.3768058
39130, 1.486000, 51.9906425, 4.3768044
39165, 0.773001, 51.9906425, 4.3768034
39200, 0.745998, 51.9906425, 4.3768015
39235, 1.759001, 51.9906425, 4.3768010
39270, 1.560001, 51.9906425, 4.3767991
39305, 1.010001, 51.9906425, 4.3767982
39340, -0.093000, 51.9906425, 4.3767967
39375, -0.088999, 51.9906387, 4.3767943
39410, 1.707998, 51.9906387, 4.3767939
39445, 0.131000, 51.9906387, 4.3767920
39480, 0.399001, 51.9906387, 4.3767910
39515, -0.072002, 51.9906387, 4.3767896
39550, 1.011999, 51.9906387, 4.3767881
39585, -0.077000, 51.9906387, 4.3767867
39620, -0.076002, 51.9906387, 4.3767848
39655, -0.085001, 51.9906349, 4.3767834
39690, 0.826998, 51.9906349, 4.3767824
39725, -0.085998, 51.9906349, 4.3767810
39760, 1.419999, 51.9906349, 4.3767796
39795, -0.073000, 51.9906349, 4.3767786
39830, 0.046000, 51.9906349, 4.3767772
39865, -0.076001, 51.9906349, 4.3767762
39900, -0.081000, 51.9906349, 4.3767743
39935, -0.082001, 51.9906349, 4.3767738
39970, 1.788000, 51.9906349, 4.3767719
40005, -0.079999, 51.9906349, 4.3767710
40040, -0.071002, 51.9906349, 4.3767695
40075, 0.919000, 51.9906349, 4.3767681
40110, -0.071999, 51.9906349, 4.3767672
40145, 1.226000, 51.9906349, 4.3767662
40180, -0.075001, 51.9906349, 4.3767648
40215, -0.069002, 51.9906349, 4.3767638
40250, -0.076001, 51.9906311, 4.3767629
40285, -0.070000, 51.9906311, 4.3767619
40320, -0.062999, 51.9906311, 4.3767610
40355, -0.069000, 51.9906311, 4.3767600
40390, -0.058998, 51.9906311, 4.3767586
40425, 0.468000, 51.9906311, 4.3767581
40460, -0.053001, 51.9906311, 4.3767571
40495, 0.678001, 51.9906311, 4.3767562
40530, 1.620999, 51.9906311, 4.3767557
40565, -0.077998, 51.9906311, 4.3767552
40600, -0.075000, 51.9906311, 4.3767543
40635, -0.062000, 51.9906311, 4.3767538
40670, -0.060000, 51.9906311, 4.3767533
40705, 0.733001, 51.9906273, 4.3767524
40740, -0.063000, 51.9906273, 4.3767519
40775, -0.061999, 51.9906273, 4.3767514
40810, -0.061000, 51.9906273, 4.3767514
40845, -0.077998, 51.9906273, 4.3767509
40880, -0.055000, 51.9906273, 4.3767505
40915, 1.373999, 51.9906273, 4.3767505
40950, -0.058999, 51.9906273, 4.3767500
40985, -0.067000, 51.9906273, 4.3767495
41020, 0.969998, 51.9906273, 4.3767495
41055, 1.752000, 51.9906273, 4.3767495
41090, -0.062998, 51.9906273, 4.3767490
41125, -0.067002, 51.9906273, 4.3767490
41160, 1.571999, 51.9906273, 4.3767486
41195, 1.077000, 51.9906273, 4.3767486
41230, -0.061000, 51.9906273, 4.3767486
41265, -0.060000, 51.9906273, 4.3767486
41300, -0.070999, 51.9906273, 4.3767486
41335, 0.434001, 51.9906273, 4.3767486
41370, 0.866001, 51.9906273, 4.3767486
41405, -0.062998, 51.9906273, 4.3767486
41440, 0.907998, 51.9906273, 4.3767486
41475, -0.068001, 51.9906311, 4.3767490
41510, 0.634000, 51.9906311, 4.3767490
41545, -0.061002, 51.9906311, 4.3767490
41580, -0.068000, 51.9906311, 4.3767490
41615, 1.225999, 51.9906311, 4.3767490
41650, -0.066999, 51.9906311, 4.3767495
41720, 0.473998, 51.9906311, 4.3767495
41755, -0.072999, 51.9906311, 4.3767495
41790, -0.069000, 51.9906311, 4.3767500
41825, -0.075000, 51.9906311, 4.3767500
41860, -0.065999, 51.9906311, 4.3767505
41895, -0.070002, 51.9906311, 4.3767505
41930, -0.053000, 51.9906311, 4.3767505
41965, -0.066000, 51.9906311, 4.3767509
42000, -0.086000, 51.9906311, 4.3767509
42035, -0.079001, 51.9906311, 4.3767514
42070, -0.063001, 51.9906311, 4.3767519
42105, 0.724001, 51.9906311, 4.3767519
42140, 1.254998, 51.9906311, 4.3767529
42175, -0.062000, 51.9906349, 4.3767533
42210, 0.807000, 51.9906349, 4.3767538
42245, -0.045999, 51.9906349, 4.3767543
42280, -0.065001, 51.9906349, 4.3767552
42315, 0.276998, 51.9906349, 4.3767562
42350, 1.609001, 51.9906349, 4.3767567
42385, -0.060000, 51.9906349, 4.3767576
42420, -0.110000, 51.9906349, 4.3767586
42455, -0.075000, 51.9906349, 4.3767591
42490, -0.067001, 51.9906349, 4.3767605
42525, -0.069001, 51.9906349, 4.3767614
42560, -0.056998, 51.9906349, 4.3767624
42595, -0.077000, 51.9906349, 4.3767633
42630, -0.074002, 51.9906349, 4.3767643
42665, 1.475000, 51.9906349, 4.3767653
42700, -0.072999, 51.9906349, 4.3767662
42735, -0.084002, 51.9906349, 4.3767672
42770, -0.070001, 51.9906349, 4.3767686
42805, -0.079000, 51.9906349, 4.3767695
42840, -0.076000, 51.9906387, 4.3767710
42875, -0.074998, 51.9906387, 4.3767719
42910, -0.082000, 51.9906387, 4.3767734
42945, -0.079001, 51.9906387, 4.3767743
42980, -0.073998, 51.9906387, 4.3767753
43015, -0.089999, 51.9906387, 4.3767762
43050, -0.069000, 51.9906387, 4.3767776
43085, -0.071000, 51.9906387, 4.3767786
43120, -0.083000, 51.9906425, 4.3767796
43155, -0.076999, 51.9906425, 4.3767810
43190, -0.068998, 51.9906425, 4.3767824
43225, -0.078000, 51.9906425, 4.3767834
43260, 1.786999, 51.9906425, 4.3767848
43295, 1.072001, 51.9906425, 4.3767858
43330, -0.070000, 51.9906425, 4.3767867
43365, -0.089999, 51.9906425, 4.3767881
43400, -0.073001, 51.9906425, 4.3767886
43435, -0.085001, 51.9906425, 4.3767900
43470, -0.098001, 51.9906464, 4.3767910
43505, 1.559999, 51.9906464, 4.3767924
43540, -0.094002, 51.9906464, 4.3767934
43575, -0.088002, 51.9906464, 4.3767943
43610, -0.078999, 51.9906464, 4.3767958
43645, -0.075000, 51.9906464, 4.3767958
43680, -0.095000, 51.9906464, 4.3767972
43715, -0.073001, 51.9906464, 4.3767982
43750, 1.054000, 51.9906464, 4.3767986
43785, 1.800002, 51.9906464, 4.3768001
43820, -0.107000, 51.9906502, 4.3768010
43855, -0.073998, 51.9906502, 4.3768015
43890, -0.088000, 51.9906502, 4.3768029
43925, -0.074000, 51.9906502, 4.3768034
43960, 1.103000, 51.9906502, 4.3768044
43995, 0.162000, 51.9906502, 4.3768053
44030, 1.679001, 51.9906502, 4.3768058
44065, -0.071000, 51.9906502, 4.3768063
44100, -0.068999, 51.9906502, 4.3768072
44135, -0.069000, 51.9906502, 4.3768082
44170, -0.062999, 51.9906502, 4.3768082
44205, -0.086998, 51.9906502, 4.3768091
44240, -0.071000, 51.9906502, 4.3768101
44275, -0.069000, 51.9906502, 4.3768106
44310, -0.065999, 51.9906502, 4.3768110
44345, 1.752999, 51.9906502, 4.3768110
44380, -0.074001, 51.9906540, 4.3768115
44415, -0.061999, 51.9906540, 4.3768120
44450, -0.088000, 51.9906540, 4.3768125
44520, -0.092999, 51.9906540, 4.3768129
44555, -0.068999, 51.9906540, 4.3768134
44590, -0.095001, 51.9906540, 4.3768134
44625, -0.086002, 51.9906540, 4.3768134
44660, -0.086000, 51.9906540, 4.3768134
44695, -0.075998, 51.9906540, 4.3768134
44730, -0.087001, 51.9906540, 4.3768139
44765, -0.101999, 51.9906540, 4.3768139
44800, -0.080998, 51.9906540, 4.3768139
44835, -0.084001, 51.9906540, 4.3768139
44870, -0.084998, 51.9906540, 4.3768139
44905, -0.082999, 51.9906540, 4.3768134
44940, -0.098000, 51.9906540, 4.3768134
44975, 1.203999, 51.9906540, 4.3768134
45010, -0.099002, 51.9906540, 4.3768134
45045, -0.077999, 51.9906540, 4.3768134
45080, -0.099000, 51.9906540, 4.3768134
45115, -0.092998, 51.9906540, 4.3768129
45150, -0.067002, 51.9906540, 4.3768129
45185, -0.102998, 51.9906540, 4.3768125
45220, -0.076998, 51.9906540, 4.3768125
45255, -0.087999, 51.9906540, 4.3768120
45290, 1.054001, 51.9906540, 4.3768120
45325, -0.087998, 51.9906540, 4.3768115
45360, -0.089001, 51.9906540, 4.3768110
45395, -0.103000, 51.9906540, 4.3768110
45430, -0.103998, 51.9906540, 4.3768110
45465, -0.092000, 51.9906540, 4.3768106
45500, -0.100999, 51.9906540, 4.3768106
45535, -0.068999, 51.9906540, 4.3768101
45570, -0.082998, 51.9906540, 4.3768101
45605, -0.097002, 51.9906540, 4.3768096
45640, 0.386999, 51.9906540, 4.3768096
45675, -0.081998, 51.9906540, 4.3768096
45710, -0.090998, 51.9906540, 4.3768086
45745, -0.088001, 51.9906540, 4.3768086
45780, -0.088998, 51.9906540, 4.3768082
45815, 1.711001, 51.9906540, 4.3768077
45850, 1.795001, 51.9906540, 4.3768072
45885, -0.096001, 51.9906540, 4.3768063
45920, 1.335002, 51.9906540, 4.3768058
45955, -0.082999, 51.9906540, 4.3768053
45990, -0.104000, 51.9906540, 4.3768048
46025, -0.088998, 51.9906540, 4.3768039
46060, -0.075000, 51.9906540, 4.3768034
46095, 1.865001, 51.9906540, 4.3768024
46130, -0.092002, 51.9906540, 4.3768015
46165, 1.590999, 51.9906502, 4.3768005
46200, -0.084001, 51.9906502, 4.3767996
46235, -0.080000, 51.9906502, 4.3767986
46270, 1.303000, 51.9906502, 4.3767972
46305, -0.079999, 51.9906502, 4.3767962
46340, 0.758000, 51.9906502, 4.3767953
46375, -0.075998, 51.9906502, 4.3767943
46410, 0.984998, 51.9906502, 4.3767934
46445, 1.829998, 51.9906502, 4.3767920
46480, -0.076999, 51.9906464, 4.3767910
46515, 1.765999, 51.9906464, 4.3767896
46550, 1.783001, 51.9906464, 4.3767886
46585, 1.755000, 51.9906464, 4.3767872
46620, 1.759999, 51.9906464, 4.3767862
46655, 1.754000, 51.9906464, 4.3767848
46690, 1.753002, 51.9906464, 4.3767838
46725, 1.753001, 51.9906464, 4.3767829
46760, 1.716001, 51.9906425, 4.3767815
46795, 1.697001, 51.9906425, 4.3767810
46830, 0.530002, 51.9906425, 4.3767791
46865, 1.775998, 51.9906425, 4.3767781
46900, 0.592998, 51.9906425, 4.3767767
46935, -0.067999, 51.9906425, 4.3767762
46970, -0.077002, 51.9906425, 4.3767748
47005, 0.690999, 51.9906425, 4.3767738
47040, -0.064000, 51.9906387, 4.3767729
47075, -0.076002, 51.9906387, 4.3767715
47110, -0.062998, 51.9906387, 4.3767705
47145, 1.950998, 51.9906387, 4.3767686
47180, -0.083000, 51.9906387, 4.3767676
47215, 1.693998, 51.9906387, 4.3767667
47250, -0.076000, 51.9906387, 4.3767657
47285, -0.072999, 51.9906387, 4.3767648
47320, 1.745001, 51.9906349, 4.3767638
47355, -0.078998, 51.9906349, 4.3767629
47390, -0.127998, 51.9906349, 4.3767614
47425, 0.137002, 51.9906349, 4.3767610
47460, -0.089998, 51.9906349, 4.3767600
47495, 1.977002, 51.9906349, 4.3767591
47530, -0.064002, 51.9906349, 4.3767581
47565, -0.076001, 51.9906349, 4.3767567
47600, -0.082999, 51.9906349, 4.3767562
47635, -0.086002, 51.9906349, 4.3767552
47670, -0.094000, 51.9906349, 4.3767543
47705, -0.097998, 51.9906349, 4.3767538
47740, 1.853999, 51.9906349, 4.3767529
47775, -0.074999, 51.9906349, 4.3767519
47810, -0.075001, 51.9906349, 4.3767514
47845, -0.069999, 51.9906349, 4.3767509
47880, 1.259000, 51.9906349, 4.3767500
47915, -0.066002, 51.9906349, 4.3767495
47950, -0.082000, 51.9906349, 4.3767486
47985, -0.088001, 51.9906349, 4.3767481
48020, -0.064998, 51.9906349, 4.3767476
48055, -0.067999, 51.9906349, 4.3767471
48090, 1.025000, 51.9906349, 4.3767471
48125, 1.539000, 51.9906349, 4.3767462
48160, 1.312000, 51.9906349, 4.3767462
48195, -0.069001, 51.9906349, 4.3767462
48230, 1.435001, 51.9906349, 4.3767457
48265, 0.215999, 51.9906349, 4.3767452
48300, -0.074998, 51.9906349, 4.3767452
48335, -0.081998, 51.9906349, 4.3767447
48370, -0.061001, 51.9906349, 4.3767447
48405, -0.075000, 51.9906349, 4.3767443
48440, 1.188001, 51.9906349, 4.3767443
48475, -0.069999, 51.9906349, 4.3767443
48510, -0.068000, 51.9906349, 4.3767438
48545, -0.071999, 51.9906349, 4.3767438
48580, -0.072998, 51.9906349, 4.3767438
48615, -0.073001, 51.9906349, 4.3767438
48650, 0.581002, 51.9906349, 4.3767438
48685, 0.390001, 51.9906349, 4.3767438
48720, -0.091001, 51.9906349, 4.3767438
48755, -0.085999, 51.9906349, 4.3767438
48790, 1.163000, 51.9906349, 4.3767438
48825, -0.079001, 51.9906349, 4.3767443
48860, -0.093001, 51.9906349, 4.3767443
48895, -0.089000, 51.9906349, 4.3767443
48930, 1.034001, 51.9906349, 4.3767443
48965, 1.402999, 51.9906349, 4.3767447
49000, 0.307002, 51.9906349, 4.3767447
49035, 1.089000, 51.9906349, 4.3767447
49070, -0.082998, 51.9906349, 4.3767447
49105, 0.609000, 51.9906349, 4.3767452
49140, 1.677999, 51.9906349, 4.3767452
49175, -0.082000, 51.9906349, 4.3767452
49210, -0.095002, 51.9906349, 4.3767452
49245, -0.087000, 51.9906349, 4.3767457
49280, -0.084001, 51.9906349, 4.3767457
49315, -0.076999, 51.9906349, 4.3767457
49350, 1.263998, 51.9906349, 4.3767462
49385, 1.724999, 51.9906349, 4.3767462
49420, 1.742998, 51.9906349, 4.3767467
49455, 1.760001, 51.9906349, 4.3767471
49490, 1.761000, 51.9906349, 4.3767471
49525, 1.744999, 51.9906349, 4.3767481
49560, 1.751001, 51.9906349, 4.3767486
49595, 1.751000, 51.9906349, 4.3767490
49630, 1.749998, 51.9906349, 4.3767500
49665, 1.750999, 51.9906349, 4.3767514
49700, 1.754001, 51.9906387, 4.3767519
49735, 1.751000, 51.9906387, 4.3767529
49770, 1.759002, 51.9906387, 4.3767538
49805, 1.743000, 51.9906387, 4.3767543
49840, -0.086998, 51.9906387, 4.3767552
49875, -0.114001, 51.9906387, 4.3767562
49910, -0.099001, 51.9906387, 4.3767562
49945, -0.095999, 51.9906387, 4.3767586
49980, -0.080999, 51.9906387, 4.3767591
50015, -0.081999, 51.9906425, 4.3767605
50050, -0.077002, 51.9906425, 4.3767614
50085, -0.079000, 51.9906425, 4.3767624
50120, 1.098998, 51.9906425, 4.3767638
50155, -0.095001, 51.9906425, 4.3767653
50190, -0.092001, 51.9906425, 4.3767662
50225, -0.095000, 51.9906425, 4.3767676
50260, -0.098999, 51.9906464, 4.3767686
50295, 0.948998, 51.9906464, 4.3767700
50330, 1.445000, 51.9906464, 4.3767710
50365, -0.087002, 51.9906464, 4.3767719
50400, -0.093000, 51.9906464, 4.3767734
50435, -0.090999, 51.9906464, 4.3767743
50470, -0.081002, 51.9906464, 4.3767757
50505, -0.085999, 51.9906464, 4.3767772
50540, -0.074002, 51.9906502, 4.3767786
50575, 1.040999, 51.9906502, 4.3767796
50610, 1.725999, 51.9906502, 4.3767810
50645, -0.083000, 51.9906502, 4.3767819
50680, 1.742001, 51.9906502, 4.3767834
50715, 1.754002, 51.9906502, 4.3767843
50750, 1.733000, 51.9906502, 4.3767853
50785, -0.097999, 51.9906502, 4.3767862
50820, 1.255000, 51.9906502, 4.3767877
50855, -0.092002, 51.9906540, 4.3767886
50890, -0.079000, 51.9906540, 4.3767905
50925, -0.095000, 51.9906540, 4.3767910
50960, -0.083001, 51.9906540, 4.3767920
50995, -0.080999, 51.9906540, 4.3767934
51030, -0.088000, 51.9906540, 4.3767943
51065, -0.064999, 51.9906540, 4.3767953
51100, -0.083001, 51.9906540, 4.3767962
51135, -0.083001, 51.9906540, 4.3767972
51170, -0.087001, 51.9906540, 4.3767982
51205, 1.539001, 51.9906578, 4.3767991
51240, -0.095000, 51.9906578, 4.3768001
51275, -0.087001, 51.9906578, 4.3768010
51310, -0.089000, 51.9906578, 4.3768020
51345, -0.078001, 51.9906578, 4.3768029
51380, -0.079998, 51.9906578, 4.3768034
51415, 1.965001, 51.9906578, 4.3768044
51450, 1.926998, 51.9906578, 4.3768048
51485, 1.032000, 51.9906578, 4.3768058
51520, 1.796000, 51.9906578, 4.3768063
51555, -0.089000, 51.9906578, 4.3768067
51590, 0.213001, 51.9906578, 4.3768072
51625, 0.858998, 51.9906578, 4.3768082
51660, 1.633001, 51.9906578, 4.3768082
51695, -0.043998, 51.9906578, 4.3768091
51730, -0.050999, 51.9906578, 4.3768096
51765, -0.029998, 51.9906578, 4.3768096
51800, -0.055000, 51.9906578, 4.3768101
51835, -0.054000, 51.9906578, 4.3768106
51870, -0.035000, 51.9906578, 4.3768110
51905, 0.454998, 51.9906578, 4.3768110
51940, -0.044999, 51.9906578, 4.3768110
51975, 0.961999, 51.9906578, 4.3768110
52010, -0.006000, 51.9906540, 4.3768110
52080, -0.028999, 51.9906540, 4.3768115
52115, -0.015001, 51.9906540, 4.3768115
52150, -0.008999, 51.9906540, 4.3768115
52185, 2.204998, 51.9906502, 4.3768115
52220, -0.008000, 51.9906502, 4.3768115
52255, 1.689000, 51.9906502, 4.3768115
52290, 1.852001, 51.9906502, 4.3768110
52325, -0.006001, 51.9906502, 4.3768110
52360, -0.011002, 51.9906464, 4.3768110
52395, 1.876999, 51.9906464, 4.3768110
52430, 2.121999, 51.9906464, 4.3768110
52465, 2.607001, 51.9906464, 4.3768110
52500, 1.854000, 51.9906425, 4.3768110
52535, 2.372999, 51.9906425, 4.3768110
52570, 2.805999, 51.9906425, 4.3768106
52605, 1.864999, 51.9906425, 4.3768106
52640, 2.286999, 51.9906387, 4.3768106
52675, 2.580001, 51.9906387, 4.3768106
52710, 1.877999, 51.9906387, 4.3768101
52745, 1.022002, 51.9906387, 4.3768096
52780, 1.021001, 51.9906349, 4.3768096
52815, 1.231001, 51.9906349, 4.3768096
52850, 0.008001, 51.9906349, 4.3768096
52885, 2.505001, 51.9906349, 4.3768091
52920, 1.238000, 51.9906349, 4.3768091
52955, 0.000000, 51.9906349, 4.3768086
52990, 0.012002, 51.9906349, 4.3768086
53025, -0.014001, 51.9906349, 4.3768086
53060, 0.018000, 51.9906349, 4.3768082
53095, 0.012000, 51.9906349, 4.3768082
53130, 1.194001, 51.9906349, 4.3768082
53165, -0.016999, 51.9906349, 4.3768082
53200, -0.014999, 51.9906349, 4.3768082
53235, 0.006001, 51.9906349, 4.3768082
53270, 2.544001, 51.9906349, 4.3768082
53340, 1.993001, 51.9906349, 4.3768082
53375, 0.023001, 51.9906349, 4.3768082
53410, 0.006001, 51.9906349, 4.3768082
53445, 0.020001, 51.9906349, 4.3768082
53480, 1.910002, 51.9906311, 4.3768063
53515, 2.024001, 51.9906311, 4.3768063
53550, 2.687000, 51.9906311, 4.3768058
53585, 2.581002, 51.9906311, 4.3768058
53620, 0.677000, 51.9906311, 4.3768058
53655, 2.583002, 51.9906311, 4.3768058
53690, 2.682999, 51.9906273, 4.3768058
53725, 0.018000, 51.9906273, 4.3768058
53760, 0.663001, 51.9906273, 4.3768053
53795, 2.748002, 51.9906273, 4.3768048
53830, 0.021999, 51.9906273, 4.3768048
53865, 0.018000, 51.9906273, 4.3768048
53900, -0.002999, 51.9906273, 4.3768048
53935, 0.003001, 51.9906273, 4.3768048
53970, 0.006001, 51.9906273, 4.3768048
54005, 1.709000, 51.9906273, 4.3768044
54040, 0.011999, 51.9906273, 4.3768044
54075, 0.011999, 51.9906273, 4.3768044
54110, 1.522001, 51.9906311, 4.3768044
54180, 0.007999, 51.9906311, 4.3768044
54215, 0.011999, 51.9906311, 4.3768044
54250, 0.025000, 51.9906311, 4.3768044
54285, 0.017000, 51.9906311, 4.3768044
54320, 0.027000, 51.9906311, 4.3768048
54355, 0.003000, 51.9906311, 4.3768048
54390, 0.008999, 51.9906311, 4.3768048
54425, 0.019001, 51.9906311, 4.3768048
54460, 0.028001, 51.9906311, 4.3768048
54495, 0.001999, 51.9906311, 4.3768048
54530, 0.005998, 51.9906311, 4.3768048
54565, 0.027002, 51.9906311, 4.3768048
54600, 0.014000, 51.9906311, 4.3768048
54635, 1.399998, 51.9906311, 4.3768048
54670, 0.024998, 51.9906311, 4.3768048
54740, 0.063998, 51.9906311, 4.3768048
54775, 0.117998, 51.9906311, 4.3768048
54810, 0.018002, 51.9906349, 4.3768053
54845, 0.014000, 51.9906349, 4.3768053
54880, -0.014998, 51.9906349, 4.3768058
54915, -0.003998, 51.9906349, 4.3768058
54950, -0.030001, 51.9906349, 4.3768058
54985, -0.021999, 51.9906349, 4.3768058
55055, -0.044999, 51.9906349, 4.3768058
55090, 1.604999, 51.9906349, 4.3768058
55125, -0.030999, 51.9906349, 4.3768058
55160, -0.049000, 51.9906349, 4.3768063
55195, 1.295999, 51.9906349, 4.3768063
55230, -0.056001, 51.9906349, 4.3768063
55265, -0.067002, 51.9906349, 4.3768063
55300, -0.088001, 51.9906349, 4.3768063
55335, -0.097002, 51.9906349, 4.3768063
55370, -0.092999, 51.9906349, 4.3768063
55405, -0.122000, 51.9906349, 4.3768067
55440, -0.111000, 51.9906349, 4.3768067
55475, 0.338999, 51.9906349, 4.3768067
55510, -0.077001, 51.9906349, 4.3768067
55545, -0.110002, 51.9906349, 4.3768067
55580, -0.123998, 51.9906349, 4.3768067
55615, -0.129998, 51.9906349, 4.3768067
55650, -0.160002, 51.9906349, 4.3768072
55685, 0.348000, 51.9906349, 4.3768067
55720, -0.146000, 51.9906349, 4.3768067
55755, 0.798000, 51.9906349, 4.3768067
55790, -0.033999, 51.9906349, 4.3768067
55825, -0.150000, 51.9906349, 4.3768067
55860, 0.617000, 51.9906349, 4.3768067
55895, -0.164998, 51.9906349, 4.3768063
55930, -0.150001, 51.9906349, 4.3768063
55965, -0.227000, 51.9906349, 4.3768063
56000, -0.213002, 51.9906349, 4.3768063
56035, -0.193000, 51.9906349, 4.3768063
56070, -0.193001, 51.9906349, 4.3768058
56105, -0.226001, 51.9906349, 4.3768058
56140, -0.212002, 51.9906349, 4.3768058
56175, -0.201002, 51.9906349, 4.3768058
56210, -0.227999, 51.9906349, 4.3768058
56245, -0.216999, 51.9906349, 4.3768058
56280, -0.205999, 51.9906349, 4.3768058
56315, -0.265999, 51.9906349, 4.3768053
56350, -0.288999, 51.9906349, 4.3768053
56385, -0.479000, 51.9906349, 4.3768053
56420, -0.506001, 51.9906349, 4.3768048
56455, -0.602001, 51.9906349, 4.3768048
56490, -0.648001, 51.9906349, 4.3768048
56560, -0.767000, 51.9906349, 4.3768044
56595, -0.698999, 51.9906349, 4.3768044
56770, -0.580001, 51.9906349, 4.3768039
56910, -0.583000, 51.9906349, 4.3768039
