0.034999, 0.034999, 51.9906044, 4.3767815
1.863001, 0.034999, 51.9906006, 4.3767810
-0.018001, 0.034999, 51.9906006, 4.3767810
-0.005999, -0.005999, 51.9906006, 4.3767805
1.156001, -0.005999, 51.9906006, 4.3767800
-0.014000, -0.000001, 51.9906006, 4.3767800
-0.000001, -0.000001, 51.9906006, 4.3767800
0.000998, -0.014000, 51.9906006, 4.3767800
-0.036002, -0.000001, 51.9906006, 4.3767800
-0.023998, 0.000998, 51.9906006, 4.3767800
0.010998, 0.003998, 51.9906006, 4.3767805
1.638002, 0.010998, 51.9906006, 4.3767810
0.003998, 0.017001, 51.9906006, 4.3767815
0.017001, 0.017001, 51.9906006, 4.3767819
0.326000, 0.017001, 51.9906006, 4.3767824
0.017001, 0.326000, 51.9906006, 4.3767834
1.316001, 1.316001, 51.9906006, 4.3767838
1.898001, 1.891000, 51.9906006, 4.3767848
1.893000, 1.891000, 51.9906044, 4.3767858
1.891000, 1.891000, 51.9906044, 4.3767862
1.881000, 1.886000, 51.9906044, 4.3767872
1.886000, 1.881000, 51.9906044, 4.3767881
1.870001, 1.870001, 51.9906044, 4.3767891
1.024001, 1.024001, 51.9906044, 4.3767900
-0.010001, 1.005000, 51.9906044, 4.3767910
1.005000, -0.000998, 51.9906044, 4.3767929
-0.000998, -0.006000, 51.9906082, 4.3767934
-0.006000, -0.006000, 51.9906082, 4.3767948
-0.008998, -0.007001, 51.9906082, 4.3767958
-0.007001, -0.007001, 51.9906082, 4.3767967
-0.011001, -0.008998, 51.9906082, 4.3767986
-0.006000, -0.010000, 51.9906082, 4.3767991
-0.014000, -0.010000, 51.9906082, 4.3768010
-0.010000, -0.010000, 51.9906120, 4.3768015
-0.006000, -0.014000, 51.9906120, 4.3768034
-0.017000, -0.010000, 51.9906120, 4.3768048
-0.018000, -0.009000, 51.9906120, 4.3768058
-0.009000, -0.009000, 51.9906120, 4.3768067
1.335999, -0.007998, 51.9906120, 4.3768082
-0.007998, -0.007998, 51.9906120, 4.3768091
-0.006998, -0.006998, 51.9906120, 4.3768096
-0.017000, -0.007998, 51.9906158, 4.3768110
-0.005002, -0.017000, 51.9906158, 4.3768129
-0.018999, -0.017000, 51.9906158, 4.3768139
-0.020000, -0.005002, 51.9906158, 4.3768153
0.003002, 0.003002, 51.9906158, 4.3768163
1.141000, 0.003002, 51.9906158, 4.3768177
1.926998, 0.010999, 51.9906158, 4.3768182
-0.012999, 0.010999, 51.9906158, 4.3768196
0.010999, -0.012999, 51.9906158, 4.3768206
-0.018000, -0.018000, 51.9906158, 4.3768215
-0.020999, -0.018999, 51.9906158, 4.3768234
-0.018999, -0.020999, 51.9906158, 4.3768244
-0.041002, -0.020999, 51.9906158, 4.3768253
-0.035001, -0.018999, 51.9906158, 4.3768263
-0.012000, -0.012000, 51.9906158, 4.3768272
0.000001, -0.009001, 51.9906197, 4.3768282
0.756002, -0.009001, 51.9906197, 4.3768296
-0.009001, -0.009001, 51.9906197, 4.3768306
-0.013001, -0.010999, 51.9906197, 4.3768320
-0.010999, -0.013001, 51.9906197, 4.3768330
-0.013002, -0.013001, 51.9906197, 4.3768339
-0.014001, -0.010999, 51.9906197, 4.3768353
-0.008000, -0.013002, 51.9906197, 4.3768358
-0.009001, -0.014001, 51.9906235, 4.3768368
-0.020999, -0.014998, 51.9906235, 4.3768377
-0.016001, -0.014998, 51.9906235, 4.3768382
-0.014998, -0.016001, 51.9906235, 4.3768392
-0.010999, -0.014998, 51.9906235, 4.3768396
-0.016999, -0.010999, 51.9906235, 4.3768406
0.000001, -0.007001, 51.9906235, 4.3768411
-0.007001, -0.007001, 51.9906235, 4.3768415
-0.002999, -0.007001, 51.9906235, 4.3768425
-0.011001, -0.009000, 51.9906235, 4.3768430
-0.009000, -0.009000, 51.9906235, 4.3768435
-0.025001, -0.009000, 51.9906235, 4.3768439
-0.005000, -0.005000, 51.9906235, 4.3768449
1.251001, -0.005000, 51.9906235, 4.3768449
-0.003001, -0.005000, 51.9906235, 4.3768458
-0.014999, -0.003001, 51.9906235, 4.3768458
-0.012000, -0.012000, 51.9906273, 4.3768458
0.009002, -0.012000, 51.9906273, 4.3768458
-0.031000, -0.010998, 51.9906273, 4.3768463
-0.010998, -0.007001, 51.9906273, 4.3768463
-0.004001, -0.009999, 51.9906273, 4.3768463
-0.007001, -0.009999, 51.9906273, 4.3768463
-0.009999, -0.009999, 51.9906273, 4.3768468
-0.011000, -0.009999, 51.9906273, 4.3768468
-0.021001, -0.011000, 51.9906273, 4.3768468
-0.008999, -0.021000, 51.9906273, 4.3768468
-0.025001, -0.021000, 51.9906273, 4.3768468
-0.021000, -0.018001, 51.9906273, 4.3768468
1.899002, -0.018001, 51.9906273, 4.3768468
-0.018001, -0.018001, 51.9906273, 4.3768468
0.321998, -0.012000, 51.9906273, 4.3768463
-0.019999, -0.018001, 51.9906273, 4.3768463
-0.012000, -0.019999, 51.9906273, 4.3768463
-0.030002, -0.019999, 51.9906273, 4.3768463
-0.020999, -0.020999, 51.9906273, 4.3768458
-0.014000, -0.020999, 51.9906273, 4.3768458
-0.024001, -0.020999, 51.9906273, 4.3768458
-0.009002, -0.024001, 51.9906273, 4.3768458
-0.028999, -0.024001, 51.9906273, 4.3768458
-0.035002, -0.026999, 51.9906273, 4.3768454
-0.007001, -0.028999, 51.9906273, 4.3768449
-0.026999, -0.035002, 51.9906273, 4.3768449
-0.039002, -0.033001, 51.9906273, 4.3768449
-0.035999, -0.033001, 51.9906273, 4.3768444
-0.033001, -0.033001, 51.9906273, 4.3768439
-0.029999, -0.031998, 51.9906273, 4.3768439
-0.020001, -0.029999, 51.9906273, 4.3768439
-0.031998, -0.026000, 51.9906273, 4.3768435
-0.026000, -0.024999, 51.9906273, 4.3768430
-0.024999, -0.024999, 51.9906273, 4.3768430
-0.013002, -0.013002, 51.9906273, 4.3768430
0.138999, -0.013002, 51.9906273, 4.3768425
1.401999, 0.005998, 51.9906273, 4.3768425
-0.016001, 0.005998, 51.9906273, 4.3768425
0.005998, -0.005998, 51.9906273, 4.3768420
-0.005998, -0.014002, 51.9906273, 4.3768415
-0.023998, -0.005998, 51.9906273, 4.3768415
-0.014002, -0.014002, 51.9906273, 4.3768406
1.164998, -0.014002, 51.9906273, 4.3768406
-0.022001, -0.014002, 51.9906273, 4.3768401
-0.007000, -0.007000, 51.9906273, 4.3768392
-0.022000, -0.007000, 51.9906273, 4.3768387
1.297001, -0.007000, 51.9906273, 4.3768382
0.417002, -0.013001, 51.9906273, 4.3768373
-0.013001, -0.013001, 51.9906273, 4.3768368
-0.019999, -0.013001, 51.9906273, 4.3768358
-0.024000, -0.013001, 51.9906273, 4.3768344
1.440998, -0.019999, 51.9906235, 4.3768339
-0.011999, -0.012999, 51.9906235, 4.3768330
-0.023001, -0.011999, 51.9906235, 4.3768320
-0.012999, -0.012999, 51.9906235, 4.3768311
1.044999, -0.012999, 51.9906235, 4.3768306
-0.019999, -0.012999, 51.9906235, 4.3768291
-0.011001, -0.019999, 51.9906235, 4.3768282
-0.022998, -0.020001, 51.9906235, 4.3768272
-0.020001, -0.020001, 51.9906235, 4.3768268
-0.021002, -0.020002, 51.9906197, 4.3768249
0.012000, -0.020001, 51.9906197, 4.3768239
-0.020002, -0.012001, 51.9906197, 4.3768229
1.336999, 0.012000, 51.9906197, 4.3768215
-0.012001, 1.336999, 51.9906197, 4.3768206
1.985999, 1.982001, 51.9906197, 4.3768196
1.999999, 1.985999, 51.9906197, 4.3768182
1.982001, 1.988999, 51.9906197, 4.3768177
1.988999, 1.988999, 51.9906158, 4.3768158
1.992000, 1.986001, 51.9906158, 4.3768148
1.986001, 1.986001, 51.9906158, 4.3768134
1.980002, 1.980002, 51.9906158, 4.3768129
1.957999, 1.957999, 51.9906158, 4.3768120
-0.022001, -0.018999, 51.9906158, 4.3768110
-0.042000, -0.022001, 51.9906158, 4.3768096
-0.018999, -0.022001, 51.9906158, 4.3768086
-0.022001, -0.022001, 51.9906158, 4.3768077
-0.020001, -0.020001, 51.9906158, 4.3768058
-0.022999, -0.022001, 51.9906158, 4.3768053
-0.008001, -0.020001, 51.9906158, 4.3768039
-0.031001, -0.022999, 51.9906158, 4.3768034
-0.011000, -0.017999, 51.9906158, 4.3768024
-0.036999, -0.017999, 51.9906158, 4.3768010
-0.017999, -0.011000, 51.9906120, 4.3768001
1.850999, -0.017999, 51.9906120, 4.3767991
1.068000, -0.017001, 51.9906120, 4.3767982
-0.025998, 1.068000, 51.9906120, 4.3767967
-0.017001, -0.016998, 51.9906120, 4.3767958
2.026000, -0.016998, 51.9906120, 4.3767948
-0.016998, 0.181001, 51.9906120, 4.3767939
0.837000, 0.837000, 51.9906120, 4.3767934
0.181001, 0.837000, 51.9906120, 4.3767920
0.877999, 0.877999, 51.9906082, 4.3767910
1.686000, 0.918002, 51.9906082, 4.3767905
0.918002, 0.941001, 51.9906082, 4.3767896
0.949999, 0.949999, 51.9906082, 4.3767886
0.941001, 0.949999, 51.9906082, 4.3767872
0.971002, 0.971002, 51.9906082, 4.3767862
0.988002, 0.988002, 51.9906082, 4.3767862
1.375002, 1.367000, 51.9906082, 4.3767848
1.367000, 1.375002, 51.9906082, 4.3767843
1.841999, 1.841999, 51.9906082, 4.3767834
1.862999, 1.862999, 51.9906082, 4.3767829
1.869000, 1.869000, 51.9906082, 4.3767819
1.874000, 1.869000, 51.9906044, 4.3767815
1.877000, 1.869000, 51.9906044, 4.3767810
1.864001, 1.867000, 51.9906044, 4.3767800
1.867000, 1.867000, 51.9906044, 4.3767791
1.865002, 1.867000, 51.9906044, 4.3767786
1.869000, 1.869000, 51.9906044, 4.3767786
1.881998, 1.869000, 51.9906044, 4.3767776
1.882001, 1.869000, 51.9906044, 4.3767772
0.009000, 0.009000, 51.9906044, 4.3767767
-0.020001, -0.010001, 51.9906044, 4.3767762
-0.010001, -0.020000, 51.9906044, 4.3767762
-0.020000, -0.020000, 51.9906044, 4.3767762
-0.025000, -0.010001, 51.9906044, 4.3767757
-0.006001, -0.006001, 51.9906044, 4.3767757
1.810998, 0.006998, 51.9906044, 4.3767757
0.006998, 0.895001, 51.9906044, 4.3767757
0.895001, 0.895001, 51.9906044, 4.3767762
1.861000, 0.006998, 51.9906044, 4.3767762
-0.005001, 0.895001, 51.9906044, 4.3767762
-0.005999, 1.861000, 51.9906044, 4.3767767
1.885999, 1.885999, 51.9906044, 4.3767776
1.888001, 1.885999, 51.9906044, 4.3767786
1.888000, 1.885999, 51.9906044, 4.3767786
1.871999, 1.875999, 51.9906044, 4.3767796
1.875999, 1.871999, 51.9906082, 4.3767805
1.865002, 1.865002, 51.9906082, 4.3767810
1.859000, 1.859000, 51.9906082, 4.3767819
0.912999, 1.001000, 51.9906082, 4.3767829
1.001000, 1.001000, 51.9906082, 4.3767838
0.995001, 0.995001, 51.9906082, 4.3767848
1.109998, 0.995001, 51.9906082, 4.3767858
-0.005000, 0.908001, 51.9906120, 4.3767877
0.908001, 0.866001, 51.9906120, 4.3767886
0.866001, 0.067001, 51.9906120, 4.3767900
-0.002999, 0.067001, 51.9906120, 4.3767910
0.067001, -0.002999, 51.9906120, 4.3767920
-0.017998, -0.012000, 51.9906120, 4.3767934
-0.018998, -0.012000, 51.9906120, 4.3767943
-0.012000, -0.012000, 51.9906120, 4.3767953
-0.005001, -0.012000, 51.9906158, 4.3767967
-0.008001, -0.010002, 51.9906158, 4.3767982
-0.016000, -0.008001, 51.9906158, 4.3767991
-0.010002, -0.008001, 51.9906158, 4.3768005
0.000002, -0.010002, 51.9906158, 4.3768024
-0.001001, -0.003998, 51.9906158, 4.3768034
-0.022002, -0.003998, 51.9906158, 4.3768048
-0.003998, -0.008002, 51.9906158, 4.3768058
-0.008002, -0.013001, 51.9906158, 4.3768072
-0.013001, -0.013001, 51.9906158, 4.3768082
-0.019000, -0.013001, 51.9906158, 4.3768091
-0.028999, -0.013001, 51.9906158, 4.3768106
-0.010002, -0.010002, 51.9906197, 4.3768110
1.999999, 1.995000, 51.9906197, 4.3768129
1.995000, 1.995000, 51.9906197, 4.3768139
2.003002, 1.995000, 51.9906197, 4.3768153
1.972999, 1.985001, 51.9906197, 4.3768163
1.985001, 1.972999, 51.9906197, 4.3768177
-0.010000, -0.010000, 51.9906235, 4.3768182
-0.026000, -0.026000, 51.9906235, 4.3768196
-0.035000, -0.029999, 51.9906235, 4.3768206
-0.029999, -0.029999, 51.9906235, 4.3768215
-0.030999, -0.029999, 51.9906235, 4.3768229
-0.018999, -0.018999, 51.9906235, 4.3768234
-0.015999, -0.018999, 51.9906235, 4.3768249
1.454999, -0.018999, 51.9906235, 4.3768258
-0.029001, -0.024999, 51.9906273, 4.3768272
-0.030002, -0.029001, 51.9906273, 4.3768282
-0.024999, -0.029001, 51.9906273, 4.3768287
-0.038999, -0.024999, 51.9906273, 4.3768301
-0.018999, -0.019002, 51.9906273, 4.3768306
-0.019002, -0.019002, 51.9906273, 4.3768311
-0.017001, -0.019002, 51.9906273, 4.3768320
-0.033998, -0.033998, 51.9906273, 4.3768330
-0.034001, -0.034001, 51.9906273, 4.3768339
-0.035999, -0.035999, 51.9906311, 4.3768349
-0.037002, -0.035999, 51.9906311, 4.3768353
-0.042000, -0.037002, 51.9906311, 4.3768358
1.479000, -0.037002, 51.9906311, 4.3768368
-0.037999, -0.014999, 51.9906311, 4.3768373
-0.013999, -0.014999, 51.9906311, 4.3768377
-0.014999, -0.035000, 51.9906311, 4.3768382
-0.035000, -0.025000, 51.9906311, 4.3768382
-0.039002, -0.025000, 51.9906311, 4.3768387
-0.025000, -0.029000, 51.9906311, 4.3768392
-0.020001, -0.025000, 51.9906311, 4.3768392
-0.029000, -0.020001, 51.9906311, 4.3768392
0.716000, 0.716000, 51.9906311, 4.3768392
1.826001, 0.716000, 51.9906311, 4.3768387
1.879001, 0.877001, 51.9906311, 4.3768382
0.106001, 0.877001, 51.9906311, 4.3768382
0.877001, 0.106001, 51.9906311, 4.3768377
-0.027999, -0.000002, 51.9906311, 4.3768368
-0.019999, -0.000002, 51.9906311, 4.3768363
-0.000002, -0.006000, 51.9906311, 4.3768358
1.963999, -0.006000, 51.9906311, 4.3768349
-0.006000, -0.006000, 51.9906311, 4.3768344
-0.034002, -0.006000, 51.9906273, 4.3768330
-0.025000, -0.006000, 51.9906273, 4.3768320
1.749999, -0.025000, 51.9906273, 4.3768311
0.250999, -0.019999, 51.9906273, 4.3768301
-0.033002, -0.019999, 51.9906273, 4.3768287
-0.019999, -0.019999, 51.9906273, 4.3768277
-0.027000, -0.027000, 51.9906273, 4.3768263
0.838002, -0.019999, 51.9906273, 4.3768258
-0.043000, -0.022001, 51.9906273, 4.3768239
0.939002, -0.022001, 51.9906235, 4.3768225
-0.022001, -0.022001, 51.9906235, 4.3768215
-0.038999, 0.939002, 51.9906235, 4.3768201
1.820999, -0.022001, 51.9906235, 4.3768187
1.963000, 0.589000, 51.9906235, 4.3768177
-0.024000, 0.589000, 51.9906235, 4.3768158
0.589000, 0.589000, 51.9906235, 4.3768148
-0.017001, -0.017001, 51.9906235, 4.3768134
1.502999, 0.589000, 51.9906197, 4.3768129
-0.044001, 0.643002, 51.9906197, 4.3768110
1.757998, 1.405001, 51.9906197, 4.3768096
0.643002, 0.643002, 51.9906197, 4.3768086
1.405001, 0.643002, 51.9906197, 4.3768063
-0.032001, 0.540001, 51.9906197, 4.3768058
0.540001, -0.022999, 51.9906197, 4.3768039
-0.022999, -0.022999, 51.9906158, 4.3768029
-0.037999, 0.175001, 51.9906158, 4.3768015
0.175001, -0.022999, 51.9906158, 4.3768005
0.698999, -0.027001, 51.9906158, 4.3767991
-0.041000, 0.175001, 51.9906158, 4.3767977
-0.027001, -0.027001, 51.9906158, 4.3767958
1.263999, -0.033001, 51.9906158, 4.3767953
-0.033001, -0.028002, 51.9906158, 4.3767939
-0.034000, -0.028002, 51.9906158, 4.3767929
-0.028002, -0.028002, 51.9906158, 4.3767915
1.905000, -0.028002, 51.9906158, 4.3767905
-0.021001, -0.028002, 51.9906158, 4.3767891
-0.034001, -0.021001, 51.9906158, 4.3767877
-0.033001, -0.032001, 51.9906158, 4.3767862
1.832999, -0.032001, 51.9906158, 4.3767853
-0.032001, -0.023001, 51.9906158, 4.3767843
-0.023001, 0.089998, 51.9906158, 4.3767834
0.089998, 0.089998, 51.9906158, 4.3767824
0.856001, 0.122999, 51.9906120, 4.3767815
0.122999, 0.856001, 51.9906120, 4.3767805
1.010001, 0.856001, 51.9906120, 4.3767796
2.034999, 0.122999, 51.9906120, 4.3767786
-0.031999, -0.019001, 51.9906120, 4.3767781
-0.019001, -0.019001, 51.9906120, 4.3767772
-0.020999, -0.019001, 51.9906120, 4.3767762
0.870000, -0.018001, 51.9906120, 4.3767753
1.633000, -0.017001, 51.9906120, 4.3767743
-0.018001, 0.199002, 51.9906120, 4.3767738
-0.017001, 0.199002, 51.9906120, 4.3767734
0.199002, -0.017001, 51.9906120, 4.3767729
1.048001, -0.017001, 51.9906120, 4.3767719
-0.018000, -0.018000, 51.9906120, 4.3767715
-0.023001, -0.018000, 51.9906082, 4.3767710
-0.023999, -0.018000, 51.9906082, 4.3767710
0.398000, -0.012998, 51.9906082, 4.3767705
1.368000, -0.001001, 51.9906082, 4.3767700
-0.012998, 0.398000, 51.9906082, 4.3767695
-0.001001, -0.001001, 51.9906082, 4.3767695
1.641998, -0.012998, 51.9906082, 4.3767700
-0.032000, -0.001001, 51.9906082, 4.3767700
-0.019002, -0.018001, 51.9906082, 4.3767705
0.876001, -0.018001, 51.9906120, 4.3767710
-0.018001, -0.011000, 51.9906120, 4.3767710
0.965002, -0.011000, 51.9906120, 4.3767715
-0.011000, -0.015002, 51.9906120, 4.3767719
-0.015002, -0.014001, 51.9906120, 4.3767729
-0.019000, -0.014001, 51.9906120, 4.3767738
-0.014001, -0.014001, 51.9906120, 4.3767743
1.533001, -0.014000, 51.9906120, 4.3767753
0.008999, 0.008999, 51.9906120, 4.3767762
-0.014000, 0.008999, 51.9906120, 4.3767772
0.964998, -0.014000, 51.9906120, 4.3767781
-0.019001, -0.014000, 51.9906158, 4.3767791
-0.022000, -0.012002, 51.9906158, 4.3767800
0.108000, -0.019001, 51.9906158, 4.3767815
-0.012002, -0.022000, 51.9906158, 4.3767829
-0.022000, -0.019999, 51.9906158, 4.3767838
-0.026001, -0.019999, 51.9906158, 4.3767848
-0.019999, -0.019999, 51.9906158, 4.3767862
-0.009000, -0.019999, 51.9906158, 4.3767872
-0.013998, -0.019999, 51.9906158, 4.3767886
-0.021000, -0.021000, 51.9906158, 4.3767896
-0.022998, -0.022998, 51.9906158, 4.3767910
-0.025000, -0.022998, 51.9906158, 4.3767920
-0.024001, -0.022998, 51.9906158, 4.3767934
-0.013000, -0.024001, 51.9906197, 4.3767953
-0.021000, -0.021999, 51.9906197, 4.3767962
-0.028000, -0.021999, 51.9906197, 4.3767977
-0.021999, -0.022000, 51.9906197, 4.3767986
-0.022001, -0.022000, 51.9906197, 4.3768001
-0.022000, -0.022000, 51.9906197, 4.3768010
-0.020000, -0.022000, 51.9906197, 4.3768024
-0.025998, -0.022000, 51.9906197, 4.3768034
-0.018002, -0.025998, 51.9906235, 4.3768044
-0.030000, -0.026000, 51.9906235, 4.3768058
-0.026000, -0.026000, 51.9906235, 4.3768072
-0.030999, -0.029998, 51.9906235, 4.3768082
1.541001, -0.026000, 51.9906235, 4.3768096
-0.029998, -0.028999, 51.9906235, 4.3768106
1.337001, -0.028000, 51.9906273, 4.3768115
-0.028999, -0.028000, 51.9906273, 4.3768129
-0.028000, -0.028000, 51.9906273, 4.3768139
-0.022001, -0.028999, 51.9906273, 4.3768153
-0.031001, -0.028000, 51.9906273, 4.3768158
-0.035001, -0.031001, 51.9906273, 4.3768172
-0.021999, -0.031001, 51.9906273, 4.3768187
-0.031001, -0.031001, 51.9906311, 4.3768196
-0.033999, -0.031001, 51.9906311, 4.3768206
-0.023000, -0.031001, 51.9906311, 4.3768215
-0.034002, -0.030002, 51.9906311, 4.3768225
-0.028000, -0.030002, 51.9906311, 4.3768234
-0.030002, -0.030002, 51.9906311, 4.3768244
-0.043000, -0.029002, 51.9906311, 4.3768258
0.156001, -0.030002, 51.9906311, 4.3768268
-0.029002, -0.033000, 51.9906311, 4.3768277
-0.033000, -0.033000, 51.9906349, 4.3768282
-0.042999, -0.033001, 51.9906349, 4.3768291
-0.033001, -0.033001, 51.9906349, 4.3768301
-0.037000, -0.033001, 51.9906349, 4.3768306
-0.030002, -0.033001, 51.9906349, 4.3768311
-0.009999, -0.030002, 51.9906349, 4.3768320
-0.057001, -0.026998, 51.9906349, 4.3768325
-0.026998, -0.026998, 51.9906349, 4.3768330
0.356000, -0.026998, 51.9906349, 4.3768334
-0.040001, 0.356000, 51.9906349, 4.3768339
1.187000, 0.356000, 51.9906349, 4.3768344
2.105998, -0.027002, 51.9906349, 4.3768349
-0.028000, -0.027002, 51.9906349, 4.3768353
-0.027002, -0.028000, 51.9906349, 4.3768358
-0.030999, -0.030999, 51.9906349, 4.3768358
-0.061001, -0.033998, 51.9906349, 4.3768358
-0.033998, -0.033998, 51.9906349, 4.3768358
-0.034000, -0.034000, 51.9906349, 4.3768358
-0.033998, -0.034000, 51.9906349, 4.3768363
-0.047000, -0.047000, 51.9906349, 4.3768363
-0.051998, -0.048000, 51.9906349, 4.3768363
-0.048000, -0.048000, 51.9906349, 4.3768363
-0.052999, -0.048000, 51.9906349, 4.3768368
-0.008002, -0.048000, 51.9906349, 4.3768363
-0.040000, -0.040000, 51.9906349, 4.3768363
-0.051002, -0.039999, 51.9906349, 4.3768363
-0.039999, -0.039999, 51.9906349, 4.3768358
-0.029000, -0.039999, 51.9906349, 4.3768358
0.928999, -0.029000, 51.9906349, 4.3768358
-0.050002, -0.029000, 51.9906349, 4.3768358
1.296001, -0.050001, 51.9906349, 4.3768358
-0.050001, -0.050002, 51.9906349, 4.3768358
-0.059999, -0.050001, 51.9906349, 4.3768358
-0.063002, -0.050001, 51.9906349, 4.3768353
-0.044000, -0.059999, 51.9906349, 4.3768353
-0.042999, -0.052000, 51.9906349, 4.3768353
-0.066999, -0.052000, 51.9906349, 4.3768349
-0.052000, -0.052000, 51.9906349, 4.3768349
-0.064001, -0.052000, 51.9906349, 4.3768344
1.787998, -0.052000, 51.9906349, 4.3768344
-0.048000, -0.048000, 51.9906349, 4.3768344
-0.054999, -0.048000, 51.9906349, 4.3768339
-0.037999, -0.048000, 51.9906349, 4.3768334
-0.054001, -0.050999, 51.9906349, 4.3768334
0.856000, -0.043000, 51.9906349, 4.3768330
-0.050999, -0.043000, 51.9906349, 4.3768330
-0.043000, -0.035998, 51.9906349, 4.3768330
0.881999, -0.043000, 51.9906349, 4.3768330
-0.035998, -0.043000, 51.9906349, 4.3768330
-0.045999, -0.041999, 51.9906349, 4.3768330
-0.043999, -0.041999, 51.9906349, 4.3768325
-0.041999, -0.041999, 51.9906349, 4.3768325
-0.031001, -0.041999, 51.9906349, 4.3768320
0.841999, -0.031001, 51.9906349, 4.3768320
-0.050001, 0.841999, 51.9906349, 4.3768320
1.246999, 0.841999, 51.9906349, 4.3768315
1.904001, -0.023000, 51.9906349, 4.3768315
-0.033998, 0.069000, 51.9906349, 4.3768315
-0.023000, -0.021001, 51.9906349, 4.3768311
0.069000, -0.021001, 51.9906349, 4.3768311
-0.021001, -0.021001, 51.9906349, 4.3768311
0.797002, 0.069000, 51.9906349, 4.3768311
-0.042000, 0.206001, 51.9906349, 4.3768311
1.931001, 0.206001, 51.9906349, 4.3768311
0.206001, 0.206001, 51.9906349, 4.3768311
-0.047999, 0.206001, 51.9906349, 4.3768306
1.538001, -0.019000, 51.9906349, 4.3768306
-0.019000, -0.019000, 51.9906349, 4.3768306
-0.036001, -0.019000, 51.9906349, 4.3768306
1.073002, -0.019000, 51.9906349, 4.3768301
-0.037000, -0.036001, 51.9906349, 4.3768296
1.617000, -0.035000, 51.9906349, 4.3768287
-0.053000, -0.035000, 51.9906349, 4.3768282
-0.035000, -0.035000, 51.9906349, 4.3768282
1.444000, -0.035000, 51.9906349, 4.3768272
-0.045000, -0.029999, 51.9906349, 4.3768268
0.606999, 0.606999, 51.9906349, 4.3768263
-0.029999, -0.029999, 51.9906349, 4.3768253
1.157999, 0.606999, 51.9906349, 4.3768244
-0.038999, -0.021001, 51.9906349, 4.3768234
2.020998, 1.157999, 51.9906349, 4.3768229
-0.021001, -0.021001, 51.9906349, 4.3768220
1.529000, 1.425000, 51.9906349, 4.3768206
-0.044999, 1.425000, 51.9906311, 4.3768201
1.425000, 1.425000, 51.9906311, 4.3768191
1.585000, -0.028001, 51.9906311, 4.3768182
-0.036999, -0.025998, 51.9906311, 4.3768172
-0.028001, -0.025998, 51.9906311, 4.3768158
-0.025998, -0.025998, 51.9906311, 4.3768148
1.299002, -0.025998, 51.9906311, 4.3768134
-0.017999, -0.017999, 51.9906311, 4.3768129
-0.041001, 0.204999, 51.9906311, 4.3768115
0.204999, 0.204999, 51.9906273, 4.3768110
0.854002, 0.204999, 51.9906273, 4.3768096
1.649001, 0.854002, 51.9906273, 4.3768082
-0.028999, 0.854002, 51.9906273, 4.3768072
1.181001, -0.028999, 51.9906273, 4.3768063
-0.043998, -0.028999, 51.9906273, 4.3768053
-0.038001, -0.035999, 51.9906273, 4.3768044
2.143000, -0.035999, 51.9906235, 4.3768024
-0.035999, 0.103000, 51.9906235, 4.3768015
0.103000, 0.103000, 51.9906235, 4.3768005
1.399999, 0.103000, 51.9906235, 4.3767991
-0.026999, 0.103000, 51.9906235, 4.3767986
0.872000, -0.013000, 51.9906235, 4.3767972
-0.013998, -0.013000, 51.9906235, 4.3767958
-0.013000, -0.013000, 51.9906235, 4.3767953
2.158998, -0.013000, 51.9906235, 4.3767939
-0.026998, -0.013000, 51.9906197, 4.3767929
2.171001, -0.019998, 51.9906197, 4.3767920
-0.023999, -0.019998, 51.9906197, 4.3767910
-0.019998, 1.611999, 51.9906197, 4.3767896
1.611999, -0.019998, 51.9906197, 4.3767886
2.143999, -0.005000, 51.9906197, 4.3767877
-0.020001, 1.596000, 51.9906197, 4.3767862
-0.005000, 1.596000, 51.9906197, 4.3767858
1.596000, -0.005000, 51.9906158, 4.3767843
2.143000, -0.005000, 51.9906158, 4.3767834
-0.021000, -0.019998, 51.9906158, 4.3767824
-0.020000, -0.019998, 51.9906158, 4.3767819
-0.019998, -0.020000, 51.9906158, 4.3767800
1.760999, -0.019998, 51.9906158, 4.3767791
-0.028000, -0.015000, 51.9906158, 4.3767786
-0.015000, -0.015000, 51.9906158, 4.3767772
1.209000, -0.015000, 51.9906158, 4.3767767
-0.029000, -0.015000, 51.9906158, 4.3767757
1.183001, -0.015001, 51.9906158, 4.3767748
-0.015001, -0.024999, 51.9906158, 4.3767738
-0.024999, -0.015001, 51.9906158, 4.3767729
-0.039001, -0.015001, 51.9906158, 4.3767719
1.963001, -0.021000, 51.9906158, 4.3767715
-0.001001, -0.008999, 51.9906158, 4.3767710
-0.021000, -0.008999, 51.9906158, 4.3767705
-0.008999, -0.008999, 51.9906158, 4.3767695
-0.027001, -0.008999, 51.9906158, 4.3767686
1.167000, -0.008999, 51.9906158, 4.3767686
2.145000, -0.027001, 51.9906158, 4.3767681
-0.030000, -0.010998, 51.9906158, 4.3767672
-0.031999, -0.028000, 51.9906120, 4.3767667
-0.010998, -0.030000, 51.9906120, 4.3767662
-0.028000, -0.031999, 51.9906120, 4.3767657
-0.033998, -0.028000, 51.9906120, 4.3767657
-0.038000, -0.031000, 51.9906120, 4.3767653
1.559001, -0.031000, 51.9906120, 4.3767648
-0.031000, -0.012999, 51.9906120, 4.3767643
-0.012999, -0.008002, 51.9906120, 4.3767638
-0.008002, -0.012999, 51.9906120, 4.3767638
1.910000, -0.012999, 51.9906120, 4.3767633
-0.018002, -0.014998, 51.9906120, 4.3767633
-0.014998, -0.018002, 51.9906120, 4.3767629
-0.023002, -0.018002, 51.9906120, 4.3767629
-0.033000, -0.014998, 51.9906120, 4.3767624
1.388001, -0.020998, 51.9906120, 4.3767624
-0.009000, -0.009000, 51.9906120, 4.3767624
-0.020998, 1.340000, 51.9906120, 4.3767624
1.340000, -0.009000, 51.9906120, 4.3767619
1.675999, -0.020998, 51.9906120, 4.3767619
-0.034002, 0.721001, 51.9906120, 4.3767619
-0.034000, -0.033002, 51.9906120, 4.3767619
0.721001, -0.033002, 51.9906120, 4.3767619
-0.033002, -0.033002, 51.9906158, 4.3767619
-0.028001, -0.028001, 51.9906158, 4.3767619
-0.033002, -0.033002, 51.9906158, 4.3767624
-0.021999, -0.028001, 51.9906158, 4.3767624
-0.033999, -0.021999, 51.9906158, 4.3767624
0.190000, -0.005001, 51.9906158, 4.3767624
2.046000, -0.005001, 51.9906158, 4.3767624
-0.005001, -0.005001, 51.9906158, 4.3767624
-0.045001, -0.023999, 51.9906158, 4.3767629
-0.039002, -0.023999, 51.9906158, 4.3767629
-0.023999, -0.035000, 51.9906158, 4.3767633
-0.020001, -0.023999, 51.9906158, 4.3767633
-0.035000, -0.020001, 51.9906158, 4.3767633
1.516001, -0.020001, 51.9906158, 4.3767638
1.531002, -0.035000, 51.9906158, 4.3767638
-0.037999, 1.014002, 51.9906158, 4.3767638
-0.045999, -0.037999, 51.9906158, 4.3767638
1.014002, -0.037999, 51.9906158, 4.3767638
-0.042001, -0.032001, 51.9906158, 4.3767643
-0.032001, -0.032001, 51.9906158, 4.3767648
1.371999, -0.033001, 51.9906158, 4.3767653
-0.033001, -0.033001, 51.9906158, 4.3767657
-0.039002, -0.033001, 51.9906158, 4.3767662
-0.051001, -0.033001, 51.9906158, 4.3767667
1.773000, -0.032999, 51.9906158, 4.3767672
-0.032999, -0.020000, 51.9906158, 4.3767681
-0.020000, -0.009001, 51.9906158, 4.3767686
-0.009001, -0.009001, 51.9906158, 4.3767695
1.990998, 1.990998, 51.9906158, 4.3767705
2.013998, 1.990998, 51.9906197, 4.3767715
2.000998, 1.990998, 51.9906197, 4.3767724
1.980998, 2.000998, 51.9906197, 4.3767734
1.989999, 1.989999, 51.9906197, 4.3767743
2.126998, 1.986998, 51.9906197, 4.3767753
1.986998, 1.986998, 51.9906197, 4.3767762
1.969001, 1.969001, 51.9906197, 4.3767767
-0.032999, -0.032999, 51.9906197, 4.3767781
-0.038000, -0.032999, 51.9906235, 4.3767786
-0.041000, -0.037000, 51.9906235, 4.3767800
-0.032999, -0.037000, 51.9906235, 4.3767810
-0.037000, -0.032999, 51.9906235, 4.3767829
-0.032000, -0.032999, 51.9906235, 4.3767838
-0.031001, -0.032000, 51.9906235, 4.3767853
-0.044001, -0.031001, 51.9906235, 4.3767862
0.454999, -0.031001, 51.9906235, 4.3767872
-0.027002, -0.039998, 51.9906235, 4.3767886
-0.050002, -0.039998, 51.9906273, 4.3767896
-0.039998, -0.041001, 51.9906273, 4.3767905
-0.052999, -0.041001, 51.9906273, 4.3767915
-0.041001, -0.039998, 51.9906273, 4.3767934
-0.036002, -0.036999, 51.9906273, 4.3767943
-0.035999, -0.036002, 51.9906273, 4.3767953
-0.036999, -0.035999, 51.9906273, 4.3767977
-0.029000, -0.035999, 51.9906311, 4.3767986
-0.031000, -0.036999, 51.9906311, 4.3767996
-0.041001, -0.031000, 51.9906311, 4.3768005
-0.043002, -0.031000, 51.9906311, 4.3768015
1.831001, -0.039998, 51.9906311, 4.3768024
0.242002, -0.037000, 51.9906311, 4.3768053
-0.039998, -0.037000, 51.9906311, 4.3768058
-0.037000, -0.039998, 51.9906349, 4.3768082
-0.044001, -0.041001, 51.9906349, 4.3768086
-0.043999, -0.041001, 51.9906349, 4.3768101
-0.041001, -0.043999, 51.9906349, 4.3768110
-0.033999, -0.042001, 51.9906349, 4.3768120
-0.052000, -0.041001, 51.9906349, 4.3768129
-0.042001, -0.042001, 51.9906349, 4.3768134
2.167001, -0.042001, 51.9906349, 4.3768153
-0.049001, -0.042001, 51.9906349, 4.3768158
0.455001, -0.046000, 51.9906349, 4.3768167
-0.051000, -0.046000, 51.9906349, 4.3768182
-0.046000, -0.043999, 51.9906349, 4.3768187
-0.034001, -0.043999, 51.9906349, 4.3768196
-0.043999, -0.039999, 51.9906349, 4.3768206
-0.039999, -0.034001, 51.9906349, 4.3768210
-0.034000, -0.034000, 51.9906349, 4.3768220
-0.019001, -0.034000, 51.9906349, 4.3768229
-0.032998, -0.034000, 51.9906349, 4.3768239
-0.040999, -0.032998, 51.9906349, 4.3768239
-0.043999, -0.037000, 51.9906349, 4.3768258
0.469000, -0.037001, 51.9906387, 4.3768258
-0.037000, -0.037000, 51.9906387, 4.3768263
-0.037001, -0.032001, 51.9906387, 4.3768272
-0.032001, -0.032001, 51.9906387, 4.3768277
1.987000, -0.032001, 51.9906387, 4.3768282
0.205001, 0.205001, 51.9906387, 4.3768282
-0.035000, 0.205001, 51.9906387, 4.3768287
2.047001, -0.026998, 51.9906387, 4.3768287
-0.026998, -0.029001, 51.9906387, 4.3768287
-0.029001, -0.029001, 51.9906387, 4.3768287
-0.031000, -0.029001, 51.9906387, 4.3768282
-0.046000, -0.029001, 51.9906387, 4.3768282
-0.016999, -0.016999, 51.9906387, 4.3768277
1.318999, 1.318999, 51.9906387, 4.3768268
1.455000, 1.318999, 51.9906387, 4.3768258
2.127001, 1.318999, 51.9906387, 4.3768258
-0.006001, 1.455000, 51.9906349, 4.3768239
-0.047999, 1.014999, 51.9906349, 4.3768229
1.456001, -0.006001, 51.9906349, 4.3768215
1.014999, 0.945000, 51.9906349, 4.3768210
-0.038000, 0.945000, 51.9906349, 4.3768196
0.945000, 0.945000, 51.9906349, 4.3768182
0.747999, 0.747999, 51.9906349, 4.3768172
1.103999, 0.747999, 51.9906349, 4.3768158
-0.025001, -0.025001, 51.9906349, 4.3768148
-0.061000, -0.025001, 51.9906349, 4.3768134
-0.039000, -0.039000, 51.9906349, 4.3768120
1.861002, -0.048999, 51.9906349, 4.3768110
-0.048999, -0.039000, 51.9906349, 4.3768091
-0.049998, -0.037000, 51.9906349, 4.3768082
1.962999, -0.048999, 51.9906311, 4.3768067
-0.037000, -0.037000, 51.9906311, 4.3768053
-0.049000, -0.037000, 51.9906311, 4.3768029
1.930999, -0.042999, 51.9906311, 4.3768015
-0.042999, -0.049000, 51.9906311, 4.3768005
-0.066002, -0.042999, 51.9906311, 4.3767986
-0.055999, -0.042999, 51.9906273, 4.3767977
-0.041000, -0.041000, 51.9906273, 4.3767958
1.500998, -0.041000, 51.9906273, 4.3767943
-0.034000, -0.034000, 51.9906273, 4.3767934
-0.047001, -0.034000, 51.9906273, 4.3767920
2.050000, -0.040998, 51.9906273, 4.3767910
-0.045001, -0.040998, 51.9906273, 4.3767896
-0.040998, -0.038999, 51.9906273, 4.3767886
-0.038999, -0.038999, 51.9906235, 4.3767872
-0.012998, -0.038999, 51.9906235, 4.3767858
1.610999, -0.012998, 51.9906235, 4.3767838
-0.039001, 1.524002, 51.9906235, 4.3767834
1.524002, 1.610999, 51.9906235, 4.3767819
1.680001, 1.524002, 51.9906235, 4.3767810
1.900999, 1.680001, 51.9906235, 4.3767791
-0.045000, 1.841001, 51.9906235, 4.3767786
1.841001, 1.900999, 51.9906235, 4.3767776
1.971999, 1.971999, 51.9906235, 4.3767762
1.994000, 1.978999, 51.9906197, 4.3767753
1.991002, 1.987001, 51.9906197, 4.3767743
1.978999, 1.991002, 51.9906197, 4.3767729
1.987001, 1.990000, 51.9906197, 4.3767719
1.995001, 1.990000, 51.9906197, 4.3767710
1.990000, 1.990000, 51.9906197, 4.3767700
1.994000, 1.990000, 51.9906197, 4.3767691
1.976000, 1.976000, 51.9906197, 4.3767681
-0.039000, -0.013999, 51.9906197, 4.3767676
-0.013999, -0.039000, 51.9906197, 4.3767667
-0.059998, -0.041000, 51.9906197, 4.3767662
-0.041000, -0.041002, 51.9906197, 4.3767657
-0.041002, -0.041002, 51.9906158, 4.3767648
-0.044999, -0.041000, 51.9906158, 4.3767638
-0.039999, -0.039999, 51.9906158, 4.3767638
1.871000, -0.035000, 51.9906158, 4.3767629
-0.035000, 0.760999, 51.9906158, 4.3767619
0.760999, 0.760999, 51.9906158, 4.3767614
1.884998, -0.034000, 51.9906158, 4.3767614
-0.039999, -0.034000, 51.9906158, 4.3767610
-0.034000, -0.034000, 51.9906158, 4.3767605
-0.041001, -0.034000, 51.9906158, 4.3767600
1.648999, -0.033001, 51.9906158, 4.3767591
1.985001, -0.033001, 51.9906158, 4.3767591
-0.033001, -0.033001, 51.9906158, 4.3767586
-0.047999, -0.033001, 51.9906158, 4.3767586
-0.042001, -0.037999, 51.9906158, 4.3767586
1.333000, -0.042001, 51.9906158, 4.3767586
-0.037999, -0.042001, 51.9906158, 4.3767586
-0.051998, -0.051998, 51.9906158, 4.3767581
-0.055002, -0.051998, 51.9906158, 4.3767581
-0.055999, -0.051998, 51.9906158, 4.3767576
-0.025999, -0.025999, 51.9906158, 4.3767576
-0.024000, -0.025999, 51.9906158, 4.3767576
0.533999, -0.025999, 51.9906158, 4.3767576
-0.039998, -0.039998, 51.9906158, 4.3767576
-0.052000, -0.039998, 51.9906158, 4.3767576
-0.040001, -0.039998, 51.9906158, 4.3767576
-0.031999, -0.037001, 51.9906158, 4.3767576
-0.037001, -0.034000, 51.9906158, 4.3767576
-0.033002, -0.034000, 51.9906197, 4.3767576
-0.034000, -0.034000, 51.9906197, 4.3767576
-0.038000, -0.034000, 51.9906197, 4.3767576
1.309999, -0.034000, 51.9906197, 4.3767576
-0.043002, -0.030999, 51.9906197, 4.3767581
1.352001, -0.030999, 51.9906197, 4.3767581
-0.030999, -0.043000, 51.9906197, 4.3767581
-0.043000, -0.030999, 51.9906197, 4.3767581
-0.080000, -0.030999, 51.9906197, 4.3767586
-0.024001, -0.024001, 51.9906197, 4.3767586
1.949001, -0.024001, 51.9906197, 4.3767591
1.135000, -0.024001, 51.9906197, 4.3767591
-0.045001, -0.045001, 51.9906197, 4.3767600
-0.106999, -0.048001, 51.9906197, 4.3767600
-0.055000, -0.048001, 51.9906197, 4.3767610
-0.048001, -0.048001, 51.9906197, 4.3767614
-0.026999, -0.039999, 51.9906197, 4.3767619
-0.039999, -0.039999, 51.9906235, 4.3767633
-0.035999, -0.039999, 51.9906235, 4.3767638
-0.045999, -0.044999, 51.9906235, 4.3767648
-0.079999, -0.045999, 51.9906235, 4.3767657
-0.044999, -0.058000, 51.9906235, 4.3767662
-0.067999, -0.058000, 51.9906235, 4.3767672
-0.058000, -0.048998, 51.9906235, 4.3767686
1.433000, -0.048998, 51.9906235, 4.3767691
-0.048998, -0.048998, 51.9906235, 4.3767705
1.205002, 1.205002, 51.9906273, 4.3767715
-0.060001, -0.045998, 51.9906273, 4.3767729
1.752002, -0.030998, 51.9906273, 4.3767738
-0.045998, -0.045998, 51.9906273, 4.3767753
-0.030998, -0.045998, 51.9906273, 4.3767762
-0.046002, -0.046002, 51.9906273, 4.3767772
-0.049001, -0.049001, 51.9906273, 4.3767786
-0.050000, -0.049001, 51.9906273, 4.3767791
-0.056999, -0.050000, 51.9906311, 4.3767810
-0.047001, -0.050000, 51.9906311, 4.3767815
-0.051000, -0.051000, 51.9906311, 4.3767829
-0.048002, -0.048002, 51.9906311, 4.3767843
-0.054000, -0.048002, 51.9906311, 4.3767858
1.518999, -0.048002, 51.9906311, 4.3767867
-0.041999, -0.049998, 51.9906311, 4.3767881
-0.052001, -0.041999, 51.9906311, 4.3767891
-0.049998, -0.044999, 51.9906349, 4.3767905
1.912999, -0.044999, 51.9906349, 4.3767910
-0.044999, -0.044999, 51.9906349, 4.3767934
-0.044999, -0.043999, 51.9906349, 4.3767943
-0.040999, -0.044999, 51.9906349, 4.3767958
-0.043999, -0.043999, 51.9906349, 4.3767972
-0.045999, -0.040999, 51.9906349, 4.3767986
-0.040999, -0.043999, 51.9906349, 4.3767991
1.541000, -0.045999, 51.9906349, 4.3768001
-0.046000, -0.045001, 51.9906349, 4.3768010
-0.067000, -0.045001, 51.9906349, 4.3768024
-0.045001, -0.046000, 51.9906349, 4.3768034
-0.042001, -0.045002, 51.9906349, 4.3768044
-0.051000, -0.045001, 51.9906349, 4.3768058
-0.045002, -0.042001, 51.9906349, 4.3768067
0.932000, 0.932000, 51.9906349, 4.3768082
1.498001, 0.958998, 51.9906387, 4.3768086
0.958998, 1.498001, 51.9906387, 4.3768096
1.544999, 1.544999, 51.9906387, 4.3768110
1.822000, 1.560000, 51.9906387, 4.3768110
1.560000, 1.819000, 51.9906387, 4.3768129
1.839000, 1.822000, 51.9906387, 4.3768134
1.819000, 1.830999, 51.9906387, 4.3768144
1.833001, 1.830999, 51.9906387, 4.3768158
1.830999, 1.827001, 51.9906387, 4.3768163
1.827001, 1.827001, 51.9906425, 4.3768167
1.792998, 1.792998, 51.9906425, 4.3768182
-0.058001, 0.945001, 51.9906425, 4.3768187
0.945001, -0.040000, 51.9906425, 4.3768191
-0.040000, -0.048001, 51.9906425, 4.3768201
-0.048001, -0.048001, 51.9906425, 4.3768206
-0.067002, -0.048001, 51.9906425, 4.3768215
-0.059999, -0.048001, 51.9906425, 4.3768220
-0.044999, -0.047000, 51.9906425, 4.3768225
-0.047000, -0.044999, 51.9906425, 4.3768234
0.261001, -0.027002, 51.9906425, 4.3768234
1.955001, -0.027002, 51.9906425, 4.3768239
-0.027002, -0.027002, 51.9906425, 4.3768239
-0.052001, -0.040000, 51.9906425, 4.3768239
-0.049000, -0.049000, 51.9906425, 4.3768239
-0.040000, -0.049000, 51.9906425, 4.3768239
-0.054002, -0.040000, 51.9906425, 4.3768234
0.516999, 0.516999, 51.9906425, 4.3768225
1.169000, 0.516999, 51.9906425, 4.3768215
1.169001, 0.516999, 51.9906425, 4.3768210
-0.039002, -0.039002, 51.9906425, 4.3768206
-0.062001, -0.049001, 51.9906425, 4.3768196
-0.054999, -0.049001, 51.9906425, 4.3768182
-0.049001, -0.049001, 51.9906425, 4.3768172
1.837002, 1.837002, 51.9906387, 4.3768163
2.115999, 1.838999, 51.9906387, 4.3768153
1.850002, 1.848001, 51.9906387, 4.3768139
1.838999, 1.848001, 51.9906387, 4.3768129
1.848001, 1.838999, 51.9906387, 4.3768120
1.808999, 1.808999, 51.9906387, 4.3768106
1.541002, 1.541002, 51.9906387, 4.3768091
0.945998, 0.945998, 51.9906387, 4.3768082
-0.039999, 0.945998, 51.9906349, 4.3768063
-0.049999, 0.111001, 51.9906349, 4.3768048
1.650001, 0.111001, 51.9906349, 4.3768034
0.111001, 1.650001, 51.9906349, 4.3768024
2.014000, 1.650001, 51.9906349, 4.3768010
2.071999, 0.111001, 51.9906349, 4.3767991
0.102001, 0.102001, 51.9906349, 4.3767986
-0.047998, -0.038999, 51.9906349, 4.3767967
-0.038999, -0.038999, 51.9906349, 4.3767953
-0.049000, -0.038999, 51.9906349, 4.3767934
1.227998, -0.038999, 51.9906349, 4.3767924
1.976000, -0.048001, 51.9906349, 4.3767910
-0.048001, 1.227998, 51.9906349, 4.3767896
-0.063999, 0.727002, 51.9906349, 4.3767886
1.750002, 0.727002, 51.9906349, 4.3767872
0.727002, 1.352998, 51.9906311, 4.3767862
1.444002, 1.352998, 51.9906311, 4.3767848
1.352998, 1.352998, 51.9906311, 4.3767829
-0.041998, 1.352998, 51.9906311, 4.3767815
2.067000, 0.437001, 51.9906311, 4.3767805
-0.044000, -0.041998, 51.9906311, 4.3767791
0.437001, -0.038000, 51.9906311, 4.3767781
-0.047002, -0.038000, 51.9906311, 4.3767767
-0.038000, -0.036998, 51.9906311, 4.3767757
-0.036998, -0.038000, 51.9906311, 4.3767743
1.005000, -0.038000, 51.9906273, 4.3767738
-0.049001, -0.037001, 51.9906273, 4.3767724
-0.057001, -0.037001, 51.9906273, 4.3767710
-0.037001, -0.042002, 51.9906273, 4.3767695
1.875999, -0.037001, 51.9906273, 4.3767686
-0.042002, -0.037001, 51.9906273, 4.3767681
1.572001, 1.572001, 51.9906273, 4.3767672
-0.037001, -0.037001, 51.9906273, 4.3767662
1.841001, 1.572001, 51.9906273, 4.3767653
-0.044000, -0.037001, 51.9906273, 4.3767643
2.134999, -0.044000, 51.9906273, 4.3767638
-0.048001, -0.048001, 51.9906273, 4.3767629
-0.054000, -0.048001, 51.9906235, 4.3767614
-0.060999, -0.048001, 51.9906235, 4.3767614
0.369999, -0.039999, 51.9906235, 4.3767605
0.184000, -0.039999, 51.9906235, 4.3767600
-0.039999, 0.184000, 51.9906235, 4.3767591
-0.057002, -0.039999, 51.9906235, 4.3767586
1.499000, -0.046001, 51.9906235, 4.3767586
-0.046001, -0.046001, 51.9906235, 4.3767576
-0.051001, -0.046001, 51.9906235, 4.3767571
0.051998, -0.049998, 51.9906235, 4.3767567
-0.049998, -0.049998, 51.9906235, 4.3767567
-0.068000, 0.051998, 51.9906235, 4.3767562
2.112999, -0.049000, 51.9906235, 4.3767562
2.005002, -0.045998, 51.9906235, 4.3767562
-0.049000, 1.258999, 51.9906235, 4.3767567
-0.045998, -0.020999, 51.9906235, 4.3767567
1.258999, -0.035001, 51.9906235, 4.3767571
-0.020999, -0.020999, 51.9906235, 4.3767576
-0.035001, -0.020999, 51.9906235, 4.3767581
0.058001, -0.020999, 51.9906235, 4.3767586
-0.036000, -0.025999, 51.9906235, 4.3767605
0.968001, -0.025999, 51.9906273, 4.3767614
-0.025999, -0.030999, 51.9906273, 4.3767614
-0.030999, -0.030999, 51.9906273, 4.3767629
-0.044998, -0.037002, 51.9906273, 4.3767638
-0.037002, -0.044998, 51.9906273, 4.3767643
-0.046002, -0.046002, 51.9906273, 4.3767657
-0.052000, -0.046999, 51.9906273, 4.3767681
-0.046999, -0.046999, 51.9906311, 4.3767691
-0.056998, -0.052000, 51.9906311, 4.3767705
1.244999, -0.046999, 51.9906311, 4.3767710
-0.054000, -0.049999, 51.9906311, 4.3767724
2.059001, -0.047999, 51.9906311, 4.3767738
-0.049999, -0.049999, 51.9906311, 4.3767748
-0.047999, -0.047999, 51.9906311, 4.3767762
-0.067002, -0.049999, 51.9906349, 4.3767772
0.746999, -0.048999, 51.9906349, 4.3767791
-0.053000, -0.053000, 51.9906349, 4.3767800
-0.048999, -0.048999, 51.9906349, 4.3767810
-0.054999, -0.053000, 51.9906349, 4.3767824
1.338000, -0.054999, 51.9906349, 4.3767834
-0.067000, -0.057998, 51.9906349, 4.3767848
-0.059001, -0.057998, 51.9906349, 4.3767862
-0.057998, -0.057998, 51.9906349, 4.3767872
-0.056000, -0.056000, 51.9906349, 4.3767886
-0.049001, -0.051998, 51.9906349, 4.3767900
-0.051998, -0.051998, 51.9906349, 4.3767910
-0.047000, -0.051998, 51.9906349, 4.3767920
-0.056002, -0.051998, 51.9906387, 4.3767934
-0.055000, -0.055000, 51.9906387, 4.3767943
2.046001, -0.055000, 51.9906387, 4.3767958
-0.063000, -0.055000, 51.9906387, 4.3767967
0.280001, 0.016002, 51.9906387, 4.3767977
-0.056000, 0.016002, 51.9906387, 4.3767986
0.016002, 0.280001, 51.9906387, 4.3768001
0.776000, 0.776000, 51.9906425, 4.3768015
0.783999, 0.783999, 51.9906425, 4.3768024
0.825998, 0.825998, 51.9906425, 4.3768034
0.859998, 0.859998, 51.9906425, 4.3768044
0.899002, 0.899002, 51.9906425, 4.3768058
1.263002, 0.917001, 51.9906425, 4.3768063
0.917001, 0.917001, 51.9906425, 4.3768072
1.766001, 1.263002, 51.9906425, 4.3768082
-0.063999, 1.766001, 51.9906464, 4.3768086
1.793001, 1.793001, 51.9906464, 4.3768096
1.812999, 1.812999, 51.9906464, 4.3768110
1.819000, 1.819000, 51.9906464, 4.3768115
1.832000, 1.819002, 51.9906464, 4.3768125
1.819002, 1.819002, 51.9906464, 4.3768134
1.819998, 1.819998, 51.9906464, 4.3768139
1.814998, 1.819002, 51.9906464, 4.3768144
1.831998, 1.816999, 51.9906464, 4.3768153
1.816999, 1.814998, 51.9906464, 4.3768158
-0.080001, 0.572999, 51.9906464, 4.3768163
0.572999, -0.051001, 51.9906464, 4.3768167
-0.051001, -0.051001, 51.9906502, 4.3768172
-0.064000, -0.038000, 51.9906502, 4.3768177
-0.038000, -0.051001, 51.9906502, 4.3768177
1.487000, -0.060999, 51.9906502, 4.3768177
-0.065000, -0.038000, 51.9906502, 4.3768177
-0.060999, 1.487000, 51.9906502, 4.3768177
1.944000, 0.452001, 51.9906502, 4.3768172
1.647001, 1.647001, 51.9906502, 4.3768167
0.452001, 1.817000, 51.9906464, 4.3768158
1.817000, 1.817000, 51.9906464, 4.3768153
1.842002, 1.827001, 51.9906464, 4.3768144
1.836000, 1.831002, 51.9906464, 4.3768139
1.827001, 1.831002, 51.9906464, 4.3768134
1.831002, 1.827001, 51.9906464, 4.3768125
1.825999, 1.825999, 51.9906464, 4.3768115
1.799999, 1.799999, 51.9906464, 4.3768106
0.972000, 1.799999, 51.9906464, 4.3768086
1.373001, 1.415001, 51.9906464, 4.3768082
2.053998, 1.415001, 51.9906464, 4.3768067
1.415001, 1.415001, 51.9906425, 4.3768058
1.873001, 1.518000, 51.9906425, 4.3768044
1.167001, 1.415001, 51.9906425, 4.3768034
1.518000, 1.167001, 51.9906425, 4.3768024
-0.058000, 0.008001, 51.9906425, 4.3768010
0.008001, -0.052999, 51.9906425, 4.3767996
-0.052999, -0.052999, 51.9906425, 4.3767986
-0.055000, -0.052999, 51.9906425, 4.3767967
-0.039000, -0.055000, 51.9906425, 4.3767953
-0.081000, -0.058001, 51.9906387, 4.3767939
-0.058001, -0.058001, 51.9906387, 4.3767929
-0.060999, -0.060999, 51.9906387, 4.3767915
0.354001, -0.060999, 51.9906387, 4.3767905
-0.063002, -0.062001, 51.9906387, 4.3767886
-0.066002, -0.062001, 51.9906387, 4.3767877
-0.062001, -0.063002, 51.9906387, 4.3767858
-0.059000, -0.066002, 51.9906349, 4.3767843
-0.078999, -0.062001, 51.9906349, 4.3767834
-0.067002, -0.067002, 51.9906349, 4.3767819
-0.053002, -0.067002, 51.9906349, 4.3767810
-0.070002, -0.067002, 51.9906349, 4.3767796
-0.064999, -0.064999, 51.9906349, 4.3767786
-0.069000, -0.064999, 51.9906349, 4.3767767
-0.058998, -0.063000, 51.9906349, 4.3767757
-0.063000, -0.058998, 51.9906349, 4.3767743
-0.056999, -0.056999, 51.9906349, 4.3767729
-0.051998, -0.056999, 51.9906349, 4.3767715
1.311999, -0.056999, 51.9906349, 4.3767705
-0.058000, -0.051998, 51.9906349, 4.3767691
-0.063999, -0.053001, 51.9906349, 4.3767686
1.114002, -0.053001, 51.9906349, 4.3767672
-0.053001, -0.053001, 51.9906349, 4.3767662
0.112000, 0.112000, 51.9906349, 4.3767653
-0.063001, 0.112000, 51.9906349, 4.3767638
1.752001, 0.211999, 51.9906311, 4.3767633
0.622001, 0.211999, 51.9906311, 4.3767619
0.211999, 0.211999, 51.9906311, 4.3767610
-0.069002, 0.211999, 51.9906311, 4.3767600
-0.058000, 0.211999, 51.9906311, 4.3767586
0.312999, -0.058000, 51.9906311, 4.3767586
1.613001, -0.058000, 51.9906311, 4.3767576
-0.068000, -0.064998, 51.9906311, 4.3767567
-0.064998, -0.064998, 51.9906311, 4.3767562
-0.075999, -0.064998, 51.9906311, 4.3767552
-0.043000, -0.048001, 51.9906311, 4.3767548
-0.048001, -0.043000, 51.9906311, 4.3767543
1.908002, -0.041999, 51.9906273, 4.3767538
2.027001, -0.041999, 51.9906273, 4.3767529
-0.041999, 1.432001, 51.9906273, 4.3767524
-0.054999, -0.041999, 51.9906273, 4.3767519
1.432001, -0.047999, 51.9906273, 4.3767519
-0.069999, -0.054999, 51.9906273, 4.3767514
-0.047999, -0.047999, 51.9906273, 4.3767514
-0.055998, -0.053000, 51.9906273, 4.3767509
0.937999, -0.047999, 51.9906273, 4.3767505
-0.053000, -0.045000, 51.9906273, 4.3767505
-0.045000, -0.042999, 51.9906273, 4.3767500
1.228001, -0.042999, 51.9906273, 4.3767500
-0.042999, -0.042999, 51.9906273, 4.3767495
1.063999, 1.063999, 51.9906273, 4.3767495
-0.057000, -0.042999, 51.9906273, 4.3767490
1.688001, 1.063999, 51.9906273, 4.3767490
-0.055002, -0.055002, 51.9906273, 4.3767490
1.926998, -0.055002, 51.9906273, 4.3767486
-0.080002, -0.055002, 51.9906273, 4.3767486
-0.058999, -0.051000, 51.9906273, 4.3767486
-0.051000, -0.051000, 51.9906273, 4.3767490
-0.050001, -0.051000, 51.9906273, 4.3767490
-0.038000, -0.050001, 51.9906273, 4.3767490
-0.055998, -0.050001, 51.9906273, 4.3767490
1.648002, -0.048999, 51.9906311, 4.3767490
-0.059000, -0.050001, 51.9906311, 4.3767495
-0.048999, -0.048999, 51.9906311, 4.3767490
-0.050001, -0.050001, 51.9906311, 4.3767490
-0.048999, -0.048999, 51.9906311, 4.3767495
-0.056002, -0.050001, 51.9906311, 4.3767495
-0.040001, -0.050998, 51.9906311, 4.3767495
-0.075000, -0.051001, 51.9906311, 4.3767495
-0.050998, -0.050998, 51.9906311, 4.3767495
-0.051001, -0.050998, 51.9906311, 4.3767500
-0.047001, -0.047001, 51.9906311, 4.3767500
-0.046001, -0.047001, 51.9906311, 4.3767500
-0.045999, -0.046001, 51.9906311, 4.3767505
-0.056001, -0.045999, 51.9906311, 4.3767505
-0.039998, -0.045999, 51.9906311, 4.3767505
-0.041000, -0.045999, 51.9906311, 4.3767509
-0.045999, -0.045999, 51.9906311, 4.3767514
-0.051001, -0.045999, 51.9906311, 4.3767514
-0.115001, -0.051001, 51.9906311, 4.3767519
-0.041999, -0.051001, 51.9906311, 4.3767519
-0.096001, -0.048001, 51.9906311, 4.3767529
-0.034999, -0.048001, 51.9906349, 4.3767533
-0.048001, -0.048001, 51.9906349, 4.3767538
-0.050999, -0.048001, 51.9906349, 4.3767543
-0.045000, -0.048001, 51.9906349, 4.3767552
-0.050999, -0.045001, 51.9906349, 4.3767562
-0.044002, -0.045000, 51.9906349, 4.3767567
-0.045001, -0.045001, 51.9906349, 4.3767576
0.024000, -0.044002, 51.9906349, 4.3767586
-0.121998, -0.045001, 51.9906349, 4.3767605
2.094000, -0.045001, 51.9906349, 4.3767614
-0.045001, -0.048998, 51.9906349, 4.3767624
-0.048998, -0.045001, 51.9906349, 4.3767633
-0.052999, -0.045001, 51.9906349, 4.3767638
-0.032999, -0.048998, 51.9906349, 4.3767653
-0.044001, -0.047999, 51.9906349, 4.3767662
-0.051002, -0.044001, 51.9906349, 4.3767672
-0.047999, -0.044001, 51.9906349, 4.3767681
1.329002, 1.124001, 51.9906349, 4.3767705
1.135001, 1.124001, 51.9906387, 4.3767715
1.124001, 1.124001, 51.9906387, 4.3767729
-0.062000, -0.050999, 51.9906387, 4.3767738
-0.050999, -0.051999, 51.9906387, 4.3767762
-0.051999, -0.053002, 51.9906387, 4.3767776
-0.053002, -0.051999, 51.9906387, 4.3767786
-0.058001, -0.051999, 51.9906387, 4.3767796
-0.050998, -0.050998, 51.9906425, 4.3767810
-0.047999, -0.050998, 51.9906425, 4.3767815
-0.050001, -0.050998, 51.9906425, 4.3767829
-0.052998, -0.052998, 51.9906425, 4.3767838
-0.060999, -0.059000, 51.9906425, 4.3767848
-0.059000, -0.059000, 51.9906425, 4.3767862
-0.060000, -0.059000, 51.9906425, 4.3767877
-0.042001, -0.059000, 51.9906425, 4.3767886
1.761001, -0.042001, 51.9906425, 4.3767896
-0.087001, -0.028001, 51.9906464, 4.3767910
1.539001, -0.028001, 51.9906464, 4.3767920
-0.028001, -0.079999, 51.9906464, 4.3767929
-0.079999, -0.028001, 51.9906464, 4.3767934
-0.084001, -0.059000, 51.9906464, 4.3767948
1.792000, -0.059000, 51.9906464, 4.3767958
-0.059000, -0.058000, 51.9906464, 4.3767967
-0.057000, -0.057000, 51.9906464, 4.3767986
-0.058000, -0.057001, 51.9906502, 4.3767991
-0.054001, -0.057001, 51.9906502, 4.3768005
-0.057001, -0.058000, 51.9906502, 4.3768010
-0.061001, -0.057001, 51.9906502, 4.3768020
-0.066001, -0.057001, 51.9906502, 4.3768034
-0.055001, -0.055001, 51.9906502, 4.3768039
-0.047000, -0.053000, 51.9906502, 4.3768048
-0.053000, -0.047000, 51.9906502, 4.3768058
2.130999, -0.047000, 51.9906502, 4.3768067
1.215001, -0.053000, 51.9906502, 4.3768077
-0.078000, -0.061002, 51.9906502, 4.3768082
-0.061002, -0.061002, 51.9906502, 4.3768086
-0.067000, -0.061002, 51.9906502, 4.3768096
-0.061001, -0.061002, 51.9906540, 4.3768106
-0.056999, -0.067000, 51.9906540, 4.3768110
-0.068000, -0.061001, 51.9906540, 4.3768110
-0.072000, -0.068000, 51.9906540, 4.3768120
1.270001, -0.068000, 51.9906540, 4.3768129
-0.068999, 1.233000, 51.9906540, 4.3768134
1.887998, 1.233000, 51.9906540, 4.3768134
1.233000, 1.162999, 51.9906540, 4.3768134
1.162999, 1.162999, 51.9906540, 4.3768139
-0.071998, 1.162999, 51.9906540, 4.3768144
-0.076000, 0.740002, 51.9906540, 4.3768144
1.257001, 0.740002, 51.9906540, 4.3768148
0.740002, 0.740002, 51.9906540, 4.3768153
1.098002, 0.740002, 51.9906540, 4.3768153
-0.068001, -0.068001, 51.9906540, 4.3768153
-0.074998, -0.068001, 51.9906540, 4.3768153
-0.078998, -0.069999, 51.9906540, 4.3768153
0.837001, -0.069999, 51.9906540, 4.3768153
-0.069999, -0.069999, 51.9906540, 4.3768153
-0.056998, -0.068999, 51.9906540, 4.3768153
-0.071001, -0.068999, 51.9906540, 4.3768153
-0.068999, -0.068999, 51.9906540, 4.3768153
0.984999, -0.068999, 51.9906540, 4.3768148
-0.068999, -0.068999, 51.9906540, 4.3768144
-0.080000, -0.071000, 51.9906540, 4.3768144
-0.081002, -0.071000, 51.9906540, 4.3768144
-0.071000, -0.071000, 51.9906540, 4.3768144
1.328999, -0.065000, 51.9906540, 4.3768139
1.843001, -0.062001, 51.9906540, 4.3768134
-0.065000, -0.062001, 51.9906540, 4.3768134
-0.062001, -0.065000, 51.9906540, 4.3768134
-0.075998, -0.075998, 51.9906540, 4.3768134
-0.084000, -0.075998, 51.9906540, 4.3768129
-0.084002, -0.075998, 51.9906540, 4.3768129
0.074999, 0.074999, 51.9906540, 4.3768129
1.863000, 0.074999, 51.9906540, 4.3768120
0.799000, 0.074999, 51.9906540, 4.3768120
-0.070999, -0.070999, 51.9906540, 4.3768120
-0.085998, -0.072002, 51.9906540, 4.3768115
-0.086998, -0.072002, 51.9906540, 4.3768110
-0.072002, -0.072002, 51.9906540, 4.3768110
1.669999, -0.072002, 51.9906540, 4.3768110
1.812999, -0.072002, 51.9906540, 4.3768106
-0.073000, -0.072999, 51.9906540, 4.3768106
-0.072999, -0.072999, 51.9906540, 4.3768106
-0.077000, -0.072999, 51.9906540, 4.3768101
-0.057001, -0.072999, 51.9906540, 4.3768101
1.931998, -0.057001, 51.9906540, 4.3768096
-0.073000, -0.057001, 51.9906540, 4.3768091
1.220999, -0.063999, 51.9906540, 4.3768086
-0.063999, -0.063999, 51.9906540, 4.3768082
-0.074001, 1.220999, 51.9906540, 4.3768082
1.362001, 1.015000, 51.9906540, 4.3768077
1.695001, 1.015000, 51.9906540, 4.3768072
1.015000, 1.015000, 51.9906540, 4.3768063
-0.084000, 0.981999, 51.9906540, 4.3768058
-0.065999, -0.065999, 51.9906540, 4.3768048
0.981999, -0.074999, 51.9906540, 4.3768039
-0.074999, -0.072999, 51.9906540, 4.3768034
-0.078001, -0.074999, 51.9906540, 4.3768024
-0.072999, -0.074999, 51.9906502, 4.3768015
-0.084001, -0.078001, 51.9906502, 4.3768010
1.207001, -0.072999, 51.9906502, 4.3767996
-0.096001, -0.072002, 51.9906502, 4.3767986
-0.072002, 0.788002, 51.9906502, 4.3767977
0.788002, -0.071998, 51.9906502, 4.3767967
0.816001, -0.071998, 51.9906502, 4.3767958
-0.071998, 0.662001, 51.9906502, 4.3767943
-0.077000, 0.229001, 51.9906502, 4.3767934
0.662001, 0.229001, 51.9906464, 4.3767924
0.229001, 0.662001, 51.9906464, 4.3767910
1.769000, 1.769000, 51.9906464, 4.3767905
1.781001, 1.769000, 51.9906464, 4.3767891
1.867998, 1.769000, 51.9906464, 4.3767881
1.756999, 1.762001, 51.9906464, 4.3767867
1.762001, 1.762001, 51.9906464, 4.3767858
1.761002, 1.761002, 51.9906464, 4.3767848
1.764001, 1.762001, 51.9906425, 4.3767834
1.706002, 1.761002, 51.9906425, 4.3767819
1.952999, 1.764001, 51.9906425, 4.3767810
1.654000, 1.706002, 51.9906425, 4.3767800
1.940000, 1.940000, 51.9906425, 4.3767786
-0.074999, 1.907001, 51.9906425, 4.3767776
2.037001, 1.907001, 51.9906425, 4.3767767
1.907001, 0.924000, 51.9906425, 4.3767748
0.924000, 0.924000, 51.9906387, 4.3767738
-0.058000, 0.479000, 51.9906387, 4.3767729
-0.060001, 0.479000, 51.9906387, 4.3767715
0.479000, -0.053000, 51.9906387, 4.3767710
2.028999, -0.053000, 51.9906387, 4.3767695
-0.053000, 0.479000, 51.9906387, 4.3767686
-0.067999, -0.053000, 51.9906387, 4.3767676
1.796998, -0.053000, 51.9906387, 4.3767662
-0.055998, -0.053001, 51.9906387, 4.3767653
-0.050002, -0.053001, 51.9906349, 4.3767638
-0.053001, -0.053001, 51.9906349, 4.3767633
-0.055000, -0.053001, 51.9906349, 4.3767624
1.745002, -0.055000, 51.9906349, 4.3767614
-0.096001, -0.055000, 51.9906349, 4.3767605
-0.064000, -0.047001, 51.9906349, 4.3767595
0.933001, -0.047001, 51.9906349, 4.3767586
-0.047001, 0.933001, 51.9906349, 4.3767576
2.117000, 0.933001, 51.9906349, 4.3767567
1.373999, 1.272999, 51.9906349, 4.3767562
-0.068001, 1.373999, 51.9906349, 4.3767552
1.272999, 1.272999, 51.9906349, 4.3767543
1.906998, 1.272999, 51.9906349, 4.3767538
-0.069999, 1.272999, 51.9906349, 4.3767529
1.278001, 1.278001, 51.9906349, 4.3767519
-0.048999, 1.278001, 51.9906349, 4.3767514
1.970999, 1.278001, 51.9906349, 4.3767514
1.553001, -0.048999, 51.9906349, 4.3767505
-0.063002, -0.053000, 51.9906349, 4.3767500
-0.053000, -0.054000, 51.9906349, 4.3767495
-0.068998, -0.054000, 51.9906349, 4.3767490
-0.054000, -0.054000, 51.9906349, 4.3767486
1.321000, -0.062998, 51.9906349, 4.3767481
-0.062998, -0.054000, 51.9906349, 4.3767476
-0.089001, 1.302999, 51.9906349, 4.3767471
1.707999, -0.061001, 51.9906349, 4.3767467
1.302999, 1.302999, 51.9906349, 4.3767462
-0.061001, 1.302999, 51.9906349, 4.3767462
1.445999, 0.290002, 51.9906349, 4.3767462
-0.057000, -0.048002, 51.9906349, 4.3767462
0.290002, -0.048002, 51.9906349, 4.3767462
-0.048002, -0.048002, 51.9906349, 4.3767457
-0.056001, 0.290002, 51.9906349, 4.3767452
0.650001, -0.048002, 51.9906349, 4.3767447
1.246999, 0.650001, 51.9906349, 4.3767447
-0.063000, 0.650001, 51.9906349, 4.3767447
1.537000, 1.246999, 51.9906349, 4.3767447
-0.073002, -0.060000, 51.9906349, 4.3767447
1.882000, 1.394000, 51.9906349, 4.3767447
-0.060000, 0.747002, 51.9906349, 4.3767447
1.394000, 0.747002, 51.9906349, 4.3767447
0.747002, 0.747002, 51.9906349, 4.3767447
-0.065000, 0.747002, 51.9906349, 4.3767447
1.981001, -0.065000, 51.9906349, 4.3767447
-0.080000, -0.065000, 51.9906349, 4.3767447
-0.067000, -0.050001, 51.9906349, 4.3767447
-0.050001, -0.067000, 51.9906349, 4.3767447
1.438998, -0.050001, 51.9906349, 4.3767447
-0.084000, -0.050001, 51.9906349, 4.3767447
0.517002, 0.517002, 51.9906349, 4.3767447
-0.066000, -0.050002, 51.9906349, 4.3767452
1.149000, 0.517002, 51.9906349, 4.3767452
-0.050002, 1.149000, 51.9906349, 4.3767452
1.754001, 1.149000, 51.9906349, 4.3767457
1.751001, 1.751001, 51.9906349, 4.3767457
-0.057998, 1.751001, 51.9906349, 4.3767457
1.751001, 1.751001, 51.9906349, 4.3767457
1.763002, 1.751001, 51.9906349, 4.3767462
-0.062998, 1.763002, 51.9906349, 4.3767462
1.786000, 1.782998, 51.9906349, 4.3767471
1.786001, 1.786000, 51.9906349, 4.3767476
1.782998, 1.786000, 51.9906349, 4.3767481
2.133999, 1.786001, 51.9906349, 4.3767486
1.775001, 1.782998, 51.9906349, 4.3767490
1.789998, 1.789998, 51.9906349, 4.3767500
1.773999, 1.779000, 51.9906349, 4.3767509
2.183000, 1.788999, 51.9906387, 4.3767514
1.779000, 1.784000, 51.9906387, 4.3767529
1.788999, 1.784000, 51.9906387, 4.3767533
1.784000, 1.779000, 51.9906387, 4.3767543
1.764999, 1.784000, 51.9906387, 4.3767552
-0.074999, 1.764999, 51.9906387, 4.3767562
2.044999, 1.764999, 51.9906387, 4.3767571
-0.051999, -0.049998, 51.9906387, 4.3767586
1.881999, -0.049998, 51.9906387, 4.3767591
-0.049998, -0.051999, 51.9906425, 4.3767600
-0.067000, -0.054998, 51.9906425, 4.3767614
-0.093001, -0.060999, 51.9906425, 4.3767624
-0.054998, -0.063999, 51.9906425, 4.3767638
-0.060999, -0.063999, 51.9906425, 4.3767648
-0.063999, -0.062001, 51.9906425, 4.3767662
-0.064001, -0.062001, 51.9906425, 4.3767672
-0.062001, -0.062001, 51.9906425, 4.3767686
-0.060998, -0.060998, 51.9906464, 4.3767695
1.944000, -0.058998, 51.9906464, 4.3767705
-0.058998, -0.058998, 51.9906464, 4.3767719
-0.057000, -0.058998, 51.9906464, 4.3767729
-0.061999, -0.061999, 51.9906464, 4.3767743
-0.076001, -0.061999, 51.9906464, 4.3767757
-0.072999, -0.061999, 51.9906464, 4.3767767
0.366999, -0.058001, 51.9906464, 4.3767781
1.749002, 0.366999, 51.9906502, 4.3767791
-0.058001, 1.749002, 51.9906502, 4.3767805
1.777001, 1.775999, 51.9906502, 4.3767810
1.775999, 1.775999, 51.9906502, 4.3767834
1.784001, 1.775999, 51.9906502, 4.3767838
1.773999, 1.773999, 51.9906502, 4.3767858
1.765999, 1.765999, 51.9906502, 4.3767862
-0.073001, -0.058000, 51.9906502, 4.3767877
-0.058000, -0.058001, 51.9906540, 4.3767886
-0.063999, -0.063999, 51.9906540, 4.3767896
-0.058001, -0.058001, 51.9906540, 4.3767910
-0.063999, -0.058001, 51.9906540, 4.3767920
0.459000, -0.058001, 51.9906540, 4.3767934
2.248000, -0.063999, 51.9906540, 4.3767943
-0.067000, -0.061001, 51.9906540, 4.3767958
-0.068001, -0.064001, 51.9906540, 4.3767967
-0.061001, -0.067000, 51.9906578, 4.3767977
-0.064001, -0.064001, 51.9906578, 4.3767986
-0.068001, -0.061001, 51.9906578, 4.3767991
-0.055001, -0.055001, 51.9906578, 4.3768005
2.135000, -0.055001, 51.9906578, 4.3768010
-0.051001, -0.055001, 51.9906578, 4.3768024
-0.065999, -0.055999, 51.9906578, 4.3768034
-0.066001, -0.065999, 51.9906578, 4.3768039
-0.055999, -0.066001, 51.9906578, 4.3768044
-0.073001, -0.066001, 51.9906578, 4.3768053
-0.066001, -0.066001, 51.9906578, 4.3768058
-0.053002, -0.066001, 51.9906578, 4.3768063
-0.066998, -0.063001, 51.9906578, 4.3768067
-0.063001, -0.063001, 51.9906578, 4.3768072
-0.052000, -0.066998, 51.9906578, 4.3768082
-0.074001, -0.063001, 51.9906578, 4.3768082
-0.070000, -0.052000, 51.9906578, 4.3768086
1.232000, -0.052000, 51.9906578, 4.3768091
0.101002, -0.052000, 51.9906578, 4.3768096
-0.052000, -0.052000, 51.9906578, 4.3768096
-0.059999, -0.052000, 51.9906578, 4.3768101
-0.063001, -0.059999, 51.9906578, 4.3768101
1.969001, -0.059999, 51.9906540, 4.3768101
-0.067002, 0.536999, 51.9906540, 4.3768106
0.536999, 1.398000, 51.9906540, 4.3768106
2.091999, 1.398000, 51.9906540, 4.3768106
1.398000, 1.585001, 51.9906540, 4.3768106
1.893999, 1.585001, 51.9906502, 4.3768106
1.585001, 1.398000, 51.9906502, 4.3768106
0.953000, 0.953000, 51.9906502, 4.3768106
-0.048998, 0.953000, 51.9906502, 4.3768106
0.804000, 0.953000, 51.9906502, 4.3768106
1.520001, 0.969001, 51.9906464, 4.3768106
0.969001, 1.520001, 51.9906464, 4.3768106
1.786000, 1.520001, 51.9906464, 4.3768106
1.791001, 1.500001, 51.9906425, 4.3768101
0.966999, 1.598999, 51.9906425, 4.3768101
1.500001, 1.500001, 51.9906425, 4.3768101
1.598999, 0.966999, 51.9906425, 4.3768101
0.964001, 1.051999, 51.9906387, 4.3768101
0.956001, 0.964001, 51.9906387, 4.3768096
1.051999, 0.964001, 51.9906387, 4.3768096
0.952001, 0.964999, 51.9906387, 4.3768096
0.964999, 0.964999, 51.9906349, 4.3768096
1.959001, 0.964999, 51.9906349, 4.3768096
-0.056998, 0.964999, 51.9906349, 4.3768096
1.974002, 0.455002, 51.9906349, 4.3768091
0.455002, 0.330001, 51.9906349, 4.3768096
0.330001, 0.330001, 51.9906349, 4.3768091
-0.044001, -0.044001, 51.9906349, 4.3768091
-0.052998, -0.044001, 51.9906349, 4.3768091
-0.045000, -0.044001, 51.9906311, 4.3768091
-0.039001, -0.043999, 51.9906311, 4.3768091
-0.043999, -0.043999, 51.9906311, 4.3768091
1.186001, -0.039001, 51.9906311, 4.3768091
-0.048999, 0.198002, 51.9906311, 4.3768091
0.198002, 0.198002, 51.9906273, 4.3768096
0.293000, 0.198002, 51.9906273, 4.3768096
-0.028999, 0.293000, 51.9906273, 4.3768096
1.740000, 1.547001, 51.9906273, 4.3768096
2.034000, 1.547001, 51.9906273, 4.3768096
1.547001, 1.547001, 51.9906273, 4.3768096
1.510999, 1.510999, 51.9906235, 4.3768096
-0.050001, -0.050001, 51.9906235, 4.3768096
-0.063001, -0.063000, 51.9906235, 4.3768096
-0.066000, -0.063001, 51.9906235, 4.3768101
-0.063000, -0.063001, 51.9906235, 4.3768101
-0.068000, -0.063000, 51.9906235, 4.3768101
-0.045001, -0.057000, 51.9906235, 4.3768101
-0.055999, -0.057000, 51.9906235, 4.3768101
-0.057000, -0.055999, 51.9906235, 4.3768101
-0.062001, -0.057000, 51.9906197, 4.3768101
1.468000, -0.062001, 51.9906197, 4.3768101
-0.112999, -0.080002, 51.9906197, 4.3768101
-0.080002, -0.092001, 51.9906197, 4.3768106
-0.092001, -0.112999, 51.9906197, 4.3768106
-0.112999, -0.092001, 51.9906197, 4.3768106
-0.117001, -0.092001, 51.9906197, 4.3768106
-0.062999, -0.062999, 51.9906197, 4.3768106
0.807999, -0.062999, 51.9906197, 4.3768106
-0.062000, -0.062000, 51.9906197, 4.3768106
-0.144002, -0.062000, 51.9906197, 4.3768106
0.259000, -0.062002, 51.9906197, 4.3768106
-0.062002, -0.144002, 51.9906197, 4.3768106
-0.157001, -0.148001, 51.9906197, 4.3768106
-0.148001, -0.157001, 51.9906197, 4.3768106
-0.178001, -0.157001, 51.9906197, 4.3768101
-0.163000, -0.163000, 51.9906197, 4.3768106
-0.144999, -0.163000, 51.9906197, 4.3768106
-0.178000, -0.163000, 51.9906197, 4.3768101
-0.161001, -0.173002, 51.9906197, 4.3768106
-0.194001, -0.178000, 51.9906197, 4.3768101
-0.173002, -0.194001, 51.9906197, 4.3768101
-0.210000, -0.194001, 51.9906197, 4.3768101
-0.201001, -0.183999, 51.9906197, 4.3768101
-0.183999, -0.201001, 51.9906197, 4.3768101
-0.044999, -0.199000, 51.9906197, 4.3768101
-0.212001, -0.199000, 51.9906197, 4.3768101
-0.199000, -0.212001, 51.9906197, 4.3768096
-0.409001, -0.330999, 51.9906197, 4.3768096
-0.330999, -0.409001, 51.9906197, 4.3768096
-0.445999, -0.445999, 51.9906197, 4.3768096
-0.653000, -0.600001, 51.9906197, 4.3768096
-0.626999, -0.626999, 51.9906197, 4.3768096
-0.600001, -0.653000, 51.9906235, 4.3768091
-1.398999, -0.667001, 51.9906235, 4.3768091
