0, 1.869002, 51.9906006, 4.3767824
35, -0.046002, 51.9906006, 4.3767824
70, -0.018001, 51.9906006, 4.3767819
105, 1.360001, 51.9906006, 4.3767819
140, -0.035002, 51.9906006, 4.3767819
175, -0.037001, 51.9905968, 4.3767819
210, -0.019000, 51.9905968, 4.3767819
245, 1.839001, 51.9905968, 4.3767824
280, -0.023002, 51.9905968, 4.3767824
315, 1.541000, 51.9905968, 4.3767829
350, -0.013999, 51.9905968, 4.3767834
385, -0.010999, 51.9905968, 4.3767834
420, -0.013998, 51.9905968, 4.3767838
455, -0.031002, 51.9905968, 4.3767848
490, -0.025001, 51.9905968, 4.3767858
525, 1.525998, 51.9905968, 4.3767862
560, -0.017998, 51.9905968, 4.3767867
595, -0.016999, 51.9905968, 4.3767877
630, -0.026999, 51.9906006, 4.3767881
665, -0.029000, 51.9906006, 4.3767891
700, -0.019999, 51.9906006, 4.3767896
735, -0.033999, 51.9906006, 4.3767910
770, -0.019001, 51.9906006, 4.3767920
805, 1.850000, 51.9906006, 4.3767934
840, 1.375002, 51.9906006, 4.3767939
875, -0.037001, 51.9906006, 4.3767953
910, 1.072000, 51.9906044, 4.3767962
945, -0.037999, 51.9906044, 4.3767977
980, 1.307001, 51.9906044, 4.3767986
1015, 1.867998, 51.9906044, 4.3767996
1050, -0.026998, 51.9906044, 4.3768010
1085, 1.753001, 51.9906044, 4.3768020
1120, -0.033000, 51.9906082, 4.3768034
1155, -0.025000, 51.9906082, 4.3768044
1190, -0.014998, 51.9906082, 4.3768063
1225, -0.024998, 51.9906082, 4.3768077
1260, -0.026001, 51.9906082, 4.3768086
1295, 1.877999, 51.9906120, 4.3768096
1330, -0.020001, 51.9906120, 4.3768110
1365, -0.032001, 51.9906120, 4.3768125
1400, -0.033000, 51.9906120, 4.3768134
1435, 1.534999, 51.9906120, 4.3768148
1470, -0.039000, 51.9906120, 4.3768158
1505, -0.020001, 51.9906158, 4.3768172
1540, 0.867000, 51.9906158, 4.3768182
1575, -0.017998, 51.9906158, 4.3768206
1610, -0.027002, 51.9906158, 4.3768215
1645, -0.032000, 51.9906158, 4.3768225
1680, -0.027999, 51.9906158, 4.3768239
1715, -0.029001, 51.9906158, 4.3768249
1750, -0.026001, 51.9906158, 4.3768258
1785, 1.341001, 51.9906158, 4.3768272
1820, 1.803000, 51.9906158, 4.3768282
1855, -0.023001, 51.9906158, 4.3768296
1890, 0.431001, 51.9906158, 4.3768311
1925, -0.034001, 51.9906197, 4.3768325
1960, -0.024998, 51.9906197, 4.3768330
1995, -0.024999, 51.9906197, 4.3768344
2030, -0.028999, 51.9906197, 4.3768358
2065, 1.276001, 51.9906197, 4.3768368
2100, 1.731001, 51.9906197, 4.3768377
2135, -0.021999, 51.9906197, 4.3768382
2170, -0.023001, 51.9906197, 4.3768396
2205, -0.025000, 51.9906197, 4.3768406
2240, -0.013998, 51.9906235, 4.3768411
2275, -0.008000, 51.9906235, 4.3768420
2310, -0.010001, 51.9906235, 4.3768430
2345, -0.028001, 51.9906235, 4.3768439
2380, -0.017999, 51.9906235, 4.3768449
2415, -0.012000, 51.9906235, 4.3768458
2450, -0.028001, 51.9906235, 4.3768458
2485, -0.013999, 51.9906235, 4.3768463
2520, -0.008001, 51.9906235, 4.3768473
2555, 1.867999, 51.9906235, 4.3768482
2590, -0.029001, 51.9906235, 4.3768482
2625, -0.034998, 51.9906235, 4.3768487
2660, -0.022999, 51.9906273, 4.3768487
2695, -0.021999, 51.9906273, 4.3768492
2730, 1.179001, 51.9906273, 4.3768497
2765, -0.026000, 51.9906273, 4.3768497
2800, -0.014998, 51.9906273, 4.3768497
2835, -0.032001, 51.9906273, 4.3768501
2870, 0.887999, 51.9906273, 4.3768501
2905, -0.022001, 51.9906273, 4.3768501
2940, -0.033999, 51.9906273, 4.3768501
2975, -0.012999, 51.9906273, 4.3768501
3010, -0.044000, 51.9906273, 4.3768501
3045, 0.903999, 51.9906273, 4.3768497
3080, 0.813001, 51.9906273, 4.3768497
3115, -0.036000, 51.9906273, 4.3768497
3150, -0.038001, 51.9906273, 4.3768492
3185, 1.746998, 51.9906273, 4.3768492
3220, -0.029998, 51.9906273, 4.3768487
3255, -0.034000, 51.9906273, 4.3768487
3290, 0.314000, 51.9906273, 4.3768482
3325, 1.742999, 51.9906273, 4.3768482
3360, -0.037001, 51.9906273, 4.3768482
3395, 1.761998, 51.9906273, 4.3768477
3430, -0.031998, 51.9906273, 4.3768473
3465, -0.053999, 51.9906273, 4.3768473
3500, -0.048000, 51.9906273, 4.3768468
3535, -0.044001, 51.9906273, 4.3768463
3570, -0.036001, 51.9906273, 4.3768463
3605, 0.325998, 51.9906273, 4.3768458
3640, 1.429002, 51.9906273, 4.3768458
3675, 0.762001, 51.9906273, 4.3768458
3710, -0.053000, 51.9906273, 4.3768454
3745, -0.044999, 51.9906273, 4.3768449
3780, 1.060002, 51.9906273, 4.3768449
3815, -0.043000, 51.9906273, 4.3768444
3850, 1.266001, 51.9906273, 4.3768439
3885, -0.043998, 51.9906273, 4.3768439
3920, 0.961999, 51.9906273, 4.3768435
3955, 1.576002, 51.9906273, 4.3768430
3990, -0.030998, 51.9906273, 4.3768430
4025, -0.037999, 51.9906273, 4.3768430
4060, 0.898000, 51.9906273, 4.3768425
4095, 1.780000, 51.9906273, 4.3768415
4130, -0.028001, 51.9906273, 4.3768411
4165, 0.945999, 51.9906273, 4.3768406
4200, -0.056998, 51.9906273, 4.3768401
4235, -0.045999, 51.9906235, 4.3768396
4270, -0.033999, 51.9906235, 4.3768387
4305, -0.039999, 51.9906235, 4.3768382
4340, -0.033999, 51.9906235, 4.3768368
4375, -0.021999, 51.9906235, 4.3768358
4410, -0.029000, 51.9906235, 4.3768358
4445, -0.036000, 51.9906235, 4.3768344
4480, -0.032000, 51.9906235, 4.3768334
4515, -0.032000, 51.9906235, 4.3768325
4550, -0.040000, 51.9906235, 4.3768315
4585, -0.049000, 51.9906197, 4.3768306
4620, -0.034001, 51.9906197, 4.3768291
4655, -0.026001, 51.9906197, 4.3768282
4690, -0.060998, 51.9906197, 4.3768272
4725, 1.040001, 51.9906197, 4.3768258
4760, -0.062999, 51.9906197, 4.3768253
4795, -0.064000, 51.9906197, 4.3768239
4830, -0.042000, 51.9906197, 4.3768234
4865, 1.761000, 51.9906158, 4.3768220
4900, 1.325999, 51.9906158, 4.3768206
4935, -0.056001, 51.9906158, 4.3768191
4970, -0.047001, 51.9906158, 4.3768182
5005, -0.042001, 51.9906158, 4.3768172
5040, 1.615999, 51.9906158, 4.3768158
5075, -0.042001, 51.9906158, 4.3768153
5110, 0.409999, 51.9906158, 4.3768134
5145, -0.057998, 51.9906158, 4.3768129
5180, -0.040998, 51.9906158, 4.3768115
5215, 1.516001, 51.9906158, 4.3768101
5250, 1.072001, 51.9906158, 4.3768096
5285, -0.030000, 51.9906158, 4.3768082
5320, 1.150998, 51.9906158, 4.3768067
5355, 0.869001, 51.9906120, 4.3768058
5390, 1.603999, 51.9906120, 4.3768048
5425, -0.046999, 51.9906120, 4.3768039
5460, 1.383000, 51.9906120, 4.3768024
5495, -0.040002, 51.9906120, 4.3768015
5530, -0.041998, 51.9906120, 4.3768005
5565, -0.034999, 51.9906120, 4.3767991
5600, 0.090001, 51.9906120, 4.3767982
5635, 1.009001, 51.9906120, 4.3767967
5670, 1.772002, 51.9906082, 4.3767962
5705, 0.852001, 51.9906082, 4.3767953
5740, 1.833001, 51.9906082, 4.3767939
5775, 1.551000, 51.9906082, 4.3767934
5810, -0.045001, 51.9906082, 4.3767929
5845, 1.810001, 51.9906082, 4.3767910
5880, -0.040001, 51.9906082, 4.3767905
5915, 1.095001, 51.9906082, 4.3767896
5950, -0.043001, 51.9906082, 4.3767886
5985, 1.110000, 51.9906044, 4.3767881
6020, 1.832998, 51.9906044, 4.3767872
6055, 0.989001, 51.9906044, 4.3767862
6090, 0.979000, 51.9906044, 4.3767853
6125, 1.421999, 51.9906044, 4.3767848
6160, 1.009999, 51.9906044, 4.3767834
6195, 0.987998, 51.9906044, 4.3767834
6230, 1.291001, 51.9906044, 4.3767824
6265, 1.852000, 51.9906044, 4.3767819
6300, 1.866000, 51.9906044, 4.3767810
6335, 1.865000, 51.9906044, 4.3767805
6370, 1.847000, 51.9906044, 4.3767800
6405, 1.855000, 51.9906044, 4.3767796
6440, 1.860000, 51.9906044, 4.3767791
6475, 1.860002, 51.9906044, 4.3767786
6510, 1.859998, 51.9906006, 4.3767781
6545, 1.854999, 51.9906006, 4.3767776
6580, 1.847000, 51.9906006, 4.3767776
6615, 1.853998, 51.9906006, 4.3767772
6650, 1.859001, 51.9906006, 4.3767767
6685, 1.857998, 51.9906006, 4.3767762
6720, 1.867000, 51.9906006, 4.3767762
6755, 1.871001, 51.9906006, 4.3767762
6790, 1.870999, 51.9906006, 4.3767757
6825, 1.862000, 51.9906006, 4.3767753
6860, 1.865001, 51.9906006, 4.3767753
6895, 1.871002, 51.9906006, 4.3767753
6930, 1.175999, 51.9906006, 4.3767748
6965, 1.868000, 51.9906006, 4.3767748
7000, 1.853002, 51.9906006, 4.3767743
7035, 1.846000, 51.9906044, 4.3767743
7070, 1.847001, 51.9906044, 4.3767743
7105, 1.501999, 51.9906044, 4.3767743
7140, 1.502000, 51.9906044, 4.3767743
7175, 1.492002, 51.9906044, 4.3767743
7210, 1.484999, 51.9906044, 4.3767743
7245, 1.491000, 51.9906044, 4.3767743
7280, 1.787001, 51.9906044, 4.3767743
7315, 1.392001, 51.9906044, 4.3767748
7350, 1.201002, 51.9906044, 4.3767748
7385, 1.791002, 51.9906044, 4.3767748
7420, 1.791999, 51.9906044, 4.3767748
7455, 1.748999, 51.9906044, 4.3767753
7490, 1.790999, 51.9906044, 4.3767753
7525, 1.800999, 51.9906044, 4.3767753
7560, 1.386999, 51.9906044, 4.3767757
7595, 1.772999, 51.9906044, 4.3767762
7630, 1.793998, 51.9906044, 4.3767762
7665, 1.370002, 51.9906044, 4.3767767
7700, 1.707002, 51.9906044, 4.3767772
7735, 0.964001, 51.9906082, 4.3767781
7770, 0.959000, 51.9906082, 4.3767786
7805, 1.309999, 51.9906082, 4.3767791
7840, 1.088998, 51.9906082, 4.3767800
7875, 0.919001, 51.9906082, 4.3767810
7910, 0.904000, 51.9906082, 4.3767815
7945, 1.803002, 51.9906082, 4.3767824
7980, 0.877000, 51.9906082, 4.3767834
8015, 0.111002, 51.9906082, 4.3767843
8050, -0.057001, 51.9906120, 4.3767858
8085, -0.034998, 51.9906120, 4.3767862
8120, -0.050001, 51.9906120, 4.3767881
8155, -0.049000, 51.9906120, 4.3767886
8190, 1.182998, 51.9906120, 4.3767900
8225, -0.052999, 51.9906120, 4.3767910
8260, -0.054002, 51.9906120, 4.3767920
8295, -0.064000, 51.9906120, 4.3767934
8330, 1.077002, 51.9906158, 4.3767943
8365, -0.044001, 51.9906158, 4.3767958
8400, 1.604000, 51.9906158, 4.3767977
8435, -0.039998, 51.9906158, 4.3767986
8470, -0.028001, 51.9906158, 4.3767996
8505, -0.047999, 51.9906158, 4.3768005
8540, 0.080001, 51.9906158, 4.3768024
8575, -0.056002, 51.9906158, 4.3768034
8610, -0.047001, 51.9906158, 4.3768048
8645, -0.059002, 51.9906158, 4.3768058
8680, -0.051001, 51.9906158, 4.3768077
8715, 1.951001, 51.9906158, 4.3768086
8750, 1.483000, 51.9906158, 4.3768086
8785, 1.955001, 51.9906158, 4.3768106
8820, 1.963002, 51.9906197, 4.3768120
8855, -0.053000, 51.9906197, 4.3768129
8890, 1.973002, 51.9906197, 4.3768139
8925, 1.958000, 51.9906197, 4.3768153
8960, 1.370002, 51.9906197, 4.3768158
8995, 1.890000, 51.9906197, 4.3768172
9030, -0.043998, 51.9906197, 4.3768182
9065, -0.044000, 51.9906197, 4.3768191
9100, -0.036998, 51.9906197, 4.3768201
9135, -0.040000, 51.9906235, 4.3768215
9170, 0.662002, 51.9906235, 4.3768225
9205, -0.031000, 51.9906235, 4.3768234
9240, -0.050001, 51.9906235, 4.3768249
9275, -0.035998, 51.9906235, 4.3768258
9310, -0.053999, 51.9906235, 4.3768263
9345, -0.035000, 51.9906235, 4.3768277
9380, -0.037999, 51.9906235, 4.3768282
9415, -0.030999, 51.9906235, 4.3768287
9450, -0.049000, 51.9906235, 4.3768301
9485, -0.053999, 51.9906273, 4.3768311
9520, -0.022999, 51.9906273, 4.3768320
9555, 0.279002, 51.9906273, 4.3768325
9590, -0.048998, 51.9906273, 4.3768330
9625, -0.032001, 51.9906273, 4.3768334
9660, -0.029999, 51.9906273, 4.3768344
9695, 0.329002, 51.9906273, 4.3768353
9730, 1.060999, 51.9906273, 4.3768358
9765, 1.335002, 51.9906273, 4.3768368
9800, -0.043000, 51.9906273, 4.3768368
9835, -0.031999, 51.9906273, 4.3768377
9870, -0.030001, 51.9906273, 4.3768382
9905, -0.036999, 51.9906273, 4.3768382
9940, 0.424999, 51.9906273, 4.3768387
9975, -0.044000, 51.9906311, 4.3768387
10010, -0.003999, 51.9906311, 4.3768392
10045, -0.043001, 51.9906311, 4.3768392
10080, -0.028000, 51.9906311, 4.3768392
10115, -0.025998, 51.9906311, 4.3768392
10150, -0.053000, 51.9906311, 4.3768392
10185, -0.024001, 51.9906311, 4.3768392
10220, 1.174001, 51.9906311, 4.3768387
10255, 1.917000, 51.9906273, 4.3768382
10290, 1.779999, 51.9906273, 4.3768377
10325, 1.741000, 51.9906273, 4.3768368
10360, -0.033001, 51.9906273, 4.3768358
10395, 1.222998, 51.9906273, 4.3768353
10430, 1.070001, 51.9906273, 4.3768349
10465, -0.044000, 51.9906273, 4.3768334
10500, -0.046000, 51.9906273, 4.3768330
10535, -0.047001, 51.9906273, 4.3768320
10570, -0.041001, 51.9906273, 4.3768306
10605, -0.045001, 51.9906273, 4.3768296
10640, 0.335002, 51.9906235, 4.3768282
10675, -0.041999, 51.9906235, 4.3768268
10710, -0.042001, 51.9906235, 4.3768258
10745, -0.051999, 51.9906235, 4.3768244
10780, -0.046002, 51.9906235, 4.3768234
10815, -0.057000, 51.9906235, 4.3768215
10850, 0.335001, 51.9906235, 4.3768206
10885, -0.039999, 51.9906235, 4.3768191
10920, 1.177002, 51.9906197, 4.3768177
10955, -0.056998, 51.9906197, 4.3768167
10990, 0.230002, 51.9906197, 4.3768153
11025, 1.269001, 51.9906197, 4.3768139
11060, 1.795001, 51.9906197, 4.3768129
11095, -0.060998, 51.9906197, 4.3768110
11130, 1.457000, 51.9906158, 4.3768096
11165, 0.920001, 51.9906158, 4.3768082
11200, 1.454999, 51.9906158, 4.3768067
11235, 0.794000, 51.9906158, 4.3768058
11270, 0.783998, 51.9906158, 4.3768044
11305, 1.182000, 51.9906158, 4.3768034
11340, 1.765002, 51.9906158, 4.3768015
11375, -0.050000, 51.9906158, 4.3768010
11410, 1.518998, 51.9906158, 4.3767991
11445, 0.437001, 51.9906158, 4.3767986
11480, -0.046002, 51.9906158, 4.3767967
11515, -0.038999, 51.9906158, 4.3767953
11550, 0.553000, 51.9906158, 4.3767943
11585, 1.209999, 51.9906158, 4.3767934
11620, 0.853002, 51.9906158, 4.3767920
11655, -0.048000, 51.9906158, 4.3767910
11690, -0.048001, 51.9906120, 4.3767896
11725, -0.047999, 51.9906120, 4.3767886
11760, 1.286001, 51.9906120, 4.3767881
11795, 1.669000, 51.9906120, 4.3767862
11830, 1.202999, 51.9906120, 4.3767858
11865, 0.724999, 51.9906120, 4.3767848
11900, -0.037001, 51.9906120, 4.3767834
11935, 0.803999, 51.9906120, 4.3767829
11970, -0.034000, 51.9906120, 4.3767815
12005, -0.056999, 51.9906120, 4.3767810
12040, 1.695999, 51.9906120, 4.3767800
12075, 1.237000, 51.9906082, 4.3767791
12110, 0.999998, 51.9906082, 4.3767786
12145, 1.205000, 51.9906082, 4.3767776
12180, 0.148001, 51.9906082, 4.3767772
12215, 1.836000, 51.9906082, 4.3767762
12250, 0.144999, 51.9906082, 4.3767757
12285, 0.157998, 51.9906082, 4.3767748
12320, 0.174000, 51.9906082, 4.3767743
12355, 0.952998, 51.9906082, 4.3767738
12390, 0.951999, 51.9906082, 4.3767738
12425, 0.196001, 51.9906082, 4.3767729
12460, 1.078998, 51.9906082, 4.3767724
12495, 1.702999, 51.9906082, 4.3767719
12530, 1.225002, 51.9906082, 4.3767715
12565, -0.020001, 51.9906082, 4.3767710
12600, 1.488000, 51.9906082, 4.3767710
12635, -0.027000, 51.9906082, 4.3767705
12670, -0.034999, 51.9906082, 4.3767705
12705, 0.974001, 51.9906082, 4.3767700
12740, -0.029999, 51.9906082, 4.3767695
12775, -0.004999, 51.9906082, 4.3767695
12845, 1.072001, 51.9906082, 4.3767686
12880, -0.034999, 51.9906082, 4.3767686
12915, -0.040999, 51.9906082, 4.3767686
12950, -0.053999, 51.9906082, 4.3767686
12985, -0.034999, 51.9906082, 4.3767686
13020, 1.707001, 51.9906082, 4.3767686
13055, -0.041998, 51.9906082, 4.3767686
13090, -0.036998, 51.9906082, 4.3767681
13125, -0.019998, 51.9906082, 4.3767681
13160, 0.873001, 51.9906082, 4.3767681
13195, -0.016999, 51.9906082, 4.3767681
13230, 0.846000, 51.9906082, 4.3767681
13265, -0.033000, 51.9906082, 4.3767681
13300, -0.019001, 51.9906082, 4.3767681
13335, -0.029002, 51.9906082, 4.3767681
13370, -0.033998, 51.9906082, 4.3767681
13405, -0.022998, 51.9906082, 4.3767681
13440, -0.033999, 51.9906082, 4.3767686
13475, 0.176001, 51.9906082, 4.3767686
13510, -0.022999, 51.9906082, 4.3767686
13545, -0.030999, 51.9906082, 4.3767686
13580, -0.041998, 51.9906120, 4.3767686
13615, -0.026002, 51.9906120, 4.3767686
13650, 1.566999, 51.9906120, 4.3767686
13685, -0.036000, 51.9906120, 4.3767691
13720, -0.039000, 51.9906120, 4.3767695
13755, 1.370000, 51.9906120, 4.3767695
13790, 0.935000, 51.9906120, 4.3767705
13825, 1.574001, 51.9906120, 4.3767710
13860, 1.246000, 51.9906120, 4.3767715
13895, -0.048000, 51.9906120, 4.3767724
13930, 0.693000, 51.9906120, 4.3767729
13965, -0.036001, 51.9906120, 4.3767738
14000, 0.947999, 51.9906120, 4.3767748
14035, -0.046002, 51.9906158, 4.3767757
14070, -0.053998, 51.9906158, 4.3767762
14105, 1.440001, 51.9906158, 4.3767776
14140, -0.055000, 51.9906158, 4.3767786
14175, -0.064998, 51.9906158, 4.3767800
14210, -0.053999, 51.9906158, 4.3767810
14245, 1.024999, 51.9906158, 4.3767824
14280, -0.065998, 51.9906158, 4.3767834
14315, 0.489000, 51.9906158, 4.3767843
14350, -0.058001, 51.9906158, 4.3767858
14385, -0.057002, 51.9906158, 4.3767867
14420, 1.522002, 51.9906158, 4.3767881
14455, -0.045999, 51.9906158, 4.3767891
14490, -0.044999, 51.9906158, 4.3767905
14525, -0.042000, 51.9906158, 4.3767915
14560, -0.040001, 51.9906158, 4.3767934
14595, -0.053001, 51.9906197, 4.3767943
14630, -0.066002, 51.9906197, 4.3767958
14665, -0.057998, 51.9906197, 4.3767967
14700, -0.062000, 51.9906197, 4.3767982
14735, -0.040001, 51.9906197, 4.3767991
14770, -0.056998, 51.9906197, 4.3768005
14805, -0.053000, 51.9906197, 4.3768015
14840, -0.061002, 51.9906235, 4.3768024
14875, -0.063000, 51.9906235, 4.3768039
14910, -0.056998, 51.9906235, 4.3768048
14945, -0.050001, 51.9906235, 4.3768058
14980, 1.774001, 51.9906235, 4.3768072
15015, -0.053001, 51.9906235, 4.3768082
15050, 0.099999, 51.9906235, 4.3768096
15085, -0.061000, 51.9906235, 4.3768110
15120, -0.043998, 51.9906235, 4.3768120
15155, -0.060000, 51.9906273, 4.3768134
15190, -0.056999, 51.9906273, 4.3768139
15225, -0.060001, 51.9906273, 4.3768153
15260, -0.057999, 51.9906273, 4.3768158
15295, 1.878999, 51.9906273, 4.3768172
15330, -0.055999, 51.9906273, 4.3768182
15365, 0.577000, 51.9906273, 4.3768191
15400, -0.056999, 51.9906273, 4.3768206
15435, -0.055000, 51.9906273, 4.3768215
15470, 1.158000, 51.9906311, 4.3768225
15505, 0.487999, 51.9906311, 4.3768234
15540, -0.062001, 51.9906311, 4.3768244
15575, -0.045001, 51.9906311, 4.3768253
15610, 1.506999, 51.9906311, 4.3768258
15645, -0.062001, 51.9906311, 4.3768268
15680, -0.062000, 51.9906311, 4.3768277
15715, -0.057000, 51.9906311, 4.3768282
15750, 0.580000, 51.9906311, 4.3768287
15785, 1.902001, 51.9906311, 4.3768296
15820, -0.040002, 51.9906311, 4.3768306
15855, -0.066998, 51.9906311, 4.3768311
15890, -0.061999, 51.9906311, 4.3768320
15925, -0.049000, 51.9906349, 4.3768325
15960, -0.049000, 51.9906349, 4.3768330
15995, -0.048001, 51.9906349, 4.3768334
16030, -0.062001, 51.9906349, 4.3768334
16065, -0.044001, 51.9906349, 4.3768344
16100, 0.576999, 51.9906349, 4.3768344
16135, -0.051001, 51.9906349, 4.3768349
16170, 1.612999, 51.9906349, 4.3768349
16205, -0.059001, 51.9906349, 4.3768353
16240, -0.051001, 51.9906349, 4.3768353
16275, -0.061000, 51.9906349, 4.3768353
16310, 0.542999, 51.9906349, 4.3768358
16345, -0.071001, 51.9906349, 4.3768358
16380, -0.062000, 51.9906349, 4.3768358
16415, -0.064001, 51.9906349, 4.3768358
16450, -0.069000, 51.9906349, 4.3768358
16485, -0.070001, 51.9906349, 4.3768358
16520, -0.046001, 51.9906349, 4.3768358
16555, -0.068998, 51.9906349, 4.3768353
16590, 1.228000, 51.9906349, 4.3768353
16625, -0.076000, 51.9906349, 4.3768353
16660, -0.056998, 51.9906349, 4.3768353
16695, -0.081000, 51.9906349, 4.3768353
16730, 1.540999, 51.9906349, 4.3768353
16765, -0.070999, 51.9906349, 4.3768349
16800, -0.062001, 51.9906349, 4.3768349
16835, -0.071999, 51.9906349, 4.3768344
16870, -0.058001, 51.9906349, 4.3768344
16905, -0.060001, 51.9906349, 4.3768344
16940, -0.050001, 51.9906349, 4.3768344
16975, 1.565999, 51.9906349, 4.3768344
17010, 1.080000, 51.9906349, 4.3768344
17045, 1.761001, 51.9906349, 4.3768339
17080, 1.123999, 51.9906349, 4.3768339
17115, -0.061000, 51.9906349, 4.3768334
17150, 1.277001, 51.9906349, 4.3768334
17185, 1.760002, 51.9906349, 4.3768334
17220, 0.011998, 51.9906349, 4.3768330
17255, -0.065002, 51.9906349, 4.3768330
17290, -0.053002, 51.9906349, 4.3768330
17325, 1.615002, 51.9906349, 4.3768330
17360, -0.061999, 51.9906349, 4.3768330
17395, 1.468001, 51.9906349, 4.3768325
17430, -0.057000, 51.9906349, 4.3768320
17465, 1.388999, 51.9906349, 4.3768315
17500, -0.068001, 51.9906349, 4.3768311
17535, -0.071999, 51.9906349, 4.3768306
17570, 1.384000, 51.9906349, 4.3768301
17605, 1.251999, 51.9906349, 4.3768296
17640, 1.456999, 51.9906349, 4.3768287
17675, -0.057999, 51.9906349, 4.3768282
17710, -0.075999, 51.9906349, 4.3768272
17745, 1.033000, 51.9906349, 4.3768263
17780, 0.940999, 51.9906349, 4.3768258
17815, 1.478001, 51.9906349, 4.3768244
17850, -0.071001, 51.9906349, 4.3768234
17885, -0.063999, 51.9906311, 4.3768229
17920, -0.068001, 51.9906311, 4.3768210
17955, 1.507000, 51.9906311, 4.3768201
17990, 1.313999, 51.9906311, 4.3768191
18025, 0.667001, 51.9906311, 4.3768182
18060, 1.507000, 51.9906311, 4.3768167
18095, -0.069998, 51.9906311, 4.3768158
18130, -0.070999, 51.9906311, 4.3768148
18165, -0.050000, 51.9906273, 4.3768134
18200, 0.080002, 51.9906273, 4.3768125
18235, -0.062999, 51.9906273, 4.3768110
18270, 0.270000, 51.9906273, 4.3768101
18305, -0.048999, 51.9906273, 4.3768086
18340, -0.064002, 51.9906273, 4.3768077
18375, -0.061001, 51.9906273, 4.3768063
18410, 1.710000, 51.9906235, 4.3768053
18445, 1.292999, 51.9906235, 4.3768034
18480, -0.050002, 51.9906235, 4.3768024
18515, 1.788998, 51.9906235, 4.3768010
18550, -0.066998, 51.9906235, 4.3768001
18585, 0.716001, 51.9906235, 4.3767986
18620, -0.042000, 51.9906235, 4.3767977
18655, 1.220000, 51.9906235, 4.3767967
18690, 1.796999, 51.9906197, 4.3767958
18725, 1.017001, 51.9906197, 4.3767943
18760, 1.757001, 51.9906197, 4.3767924
18795, 0.083000, 51.9906197, 4.3767915
18830, -0.043998, 51.9906197, 4.3767905
18865, -0.044998, 51.9906197, 4.3767891
18900, -0.051998, 51.9906197, 4.3767881
18935, 1.796998, 51.9906158, 4.3767872
18970, -0.033000, 51.9906158, 4.3767862
19005, -0.037999, 51.9906158, 4.3767853
19040, 0.257000, 51.9906158, 4.3767838
19075, 1.939998, 51.9906158, 4.3767834
19110, 1.474001, 51.9906158, 4.3767819
19145, -0.037001, 51.9906158, 4.3767810
19180, 0.725999, 51.9906158, 4.3767796
19215, -0.049998, 51.9906158, 4.3767786
19250, -0.039000, 51.9906158, 4.3767776
19285, -0.029998, 51.9906158, 4.3767767
19320, 1.799000, 51.9906158, 4.3767762
19355, -0.017001, 51.9906158, 4.3767753
19390, -0.028999, 51.9906158, 4.3767748
19425, 1.482001, 51.9906158, 4.3767738
19460, -0.020998, 51.9906158, 4.3767738
19495, 1.619998, 51.9906158, 4.3767729
19530, 0.791000, 51.9906158, 4.3767719
19565, 1.614002, 51.9906158, 4.3767715
19600, 2.001999, 51.9906158, 4.3767710
19635, -0.054000, 51.9906158, 4.3767705
19670, -0.029002, 51.9906158, 4.3767700
19705, 1.644999, 51.9906120, 4.3767695
19740, 1.303000, 51.9906120, 4.3767691
19775, 1.849000, 51.9906120, 4.3767686
19810, -0.035000, 51.9906120, 4.3767686
19845, -0.016999, 51.9906120, 4.3767681
19880, -0.012998, 51.9906120, 4.3767676
19915, 1.982999, 51.9906120, 4.3767672
19950, 1.732999, 51.9906120, 4.3767672
19985, 1.642001, 51.9906120, 4.3767667
20020, -0.034002, 51.9906120, 4.3767667
20055, -0.035000, 51.9906120, 4.3767662
20090, -0.029002, 51.9906120, 4.3767662
20125, -0.026002, 51.9906120, 4.3767662
20160, 1.195001, 51.9906120, 4.3767662
20195, -0.032999, 51.9906120, 4.3767662
20230, -0.023000, 51.9906120, 4.3767662
20265, 1.837999, 51.9906120, 4.3767662
20300, -0.037001, 51.9906120, 4.3767662
20335, -0.053001, 51.9906120, 4.3767662
20370, 1.213002, 51.9906158, 4.3767662
20405, 1.886000, 51.9906158, 4.3767662
20440, -0.043000, 51.9906158, 4.3767662
20475, -0.042000, 51.9906158, 4.3767662
20510, -0.030000, 51.9906158, 4.3767662
20545, -0.064000, 51.9906158, 4.3767662
20580, -0.050999, 51.9906158, 4.3767662
20615, 0.992001, 51.9906158, 4.3767662
20650, -0.032999, 51.9906158, 4.3767662
20685, 1.552000, 51.9906158, 4.3767662
20720, -0.036000, 51.9906158, 4.3767662
20755, -0.026001, 51.9906158, 4.3767667
20790, -0.034001, 51.9906158, 4.3767672
20825, 1.304001, 51.9906158, 4.3767676
20860, 0.693999, 51.9906158, 4.3767681
20895, -0.058999, 51.9906158, 4.3767686
20930, -0.049001, 51.9906158, 4.3767691
20965, -0.043000, 51.9906158, 4.3767695
21000, -0.051999, 51.9906158, 4.3767705
21035, 0.859999, 51.9906158, 4.3767710
21070, -0.059000, 51.9906158, 4.3767719
21105, -0.063999, 51.9906158, 4.3767734
21140, -0.067998, 51.9906158, 4.3767743
21175, 0.920999, 51.9906158, 4.3767753
21210, -0.064002, 51.9906158, 4.3767762
21245, -0.064002, 51.9906158, 4.3767767
21280, -0.065998, 51.9906197, 4.3767786
21315, 1.814002, 51.9906197, 4.3767791
21350, -0.055999, 51.9906197, 4.3767805
21385, -0.070000, 51.9906197, 4.3767815
21420, -0.068001, 51.9906197, 4.3767829
21455, -0.054999, 51.9906197, 4.3767838
21490, -0.065000, 51.9906235, 4.3767853
21525, 1.483001, 51.9906235, 4.3767862
21560, -0.055001, 51.9906235, 4.3767881
21595, -0.052000, 51.9906235, 4.3767896
21630, -0.057999, 51.9906235, 4.3767910
21665, -0.066001, 51.9906235, 4.3767920
21700, 0.037001, 51.9906235, 4.3767934
21735, -0.057002, 51.9906273, 4.3767943
21770, -0.058000, 51.9906273, 4.3767958
21805, -0.066001, 51.9906273, 4.3767967
21840, -0.049999, 51.9906273, 4.3767986
21875, -0.062002, 51.9906273, 4.3767996
21910, -0.059999, 51.9906273, 4.3768010
21945, -0.055999, 51.9906273, 4.3768020
21980, -0.060998, 51.9906311, 4.3768039
22015, -0.073002, 51.9906311, 4.3768053
22050, -0.058001, 51.9906311, 4.3768063
22085, 0.718999, 51.9906311, 4.3768077
22120, 1.185000, 51.9906311, 4.3768086
22155, -0.054000, 51.9906311, 4.3768101
22190, -0.062999, 51.9906311, 4.3768110
22225, -0.060998, 51.9906349, 4.3768129
22260, -0.061001, 51.9906349, 4.3768134
22295, 0.869999, 51.9906349, 4.3768153
22330, 1.631000, 51.9906349, 4.3768163
22365, -0.050998, 51.9906349, 4.3768177
22400, -0.054000, 51.9906349, 4.3768182
22435, -0.054999, 51.9906349, 4.3768196
22470, -0.057002, 51.9906349, 4.3768206
22505, 1.421000, 51.9906349, 4.3768215
22540, -0.048999, 51.9906349, 4.3768225
22575, -0.062001, 51.9906349, 4.3768234
22610, -0.064999, 51.9906349, 4.3768244
22645, -0.047002, 51.9906349, 4.3768258
22680, -0.058999, 51.9906349, 4.3768268
22715, -0.065001, 51.9906349, 4.3768277
22750, -0.063999, 51.9906349, 4.3768282
22785, 1.076000, 51.9906349, 4.3768291
22820, -0.050001, 51.9906349, 4.3768301
22855, 1.608999, 51.9906387, 4.3768306
22890, -0.054001, 51.9906387, 4.3768311
22925, 1.037998, 51.9906387, 4.3768320
22960, -0.047998, 51.9906387, 4.3768320
22995, -0.040999, 51.9906387, 4.3768320
23030, 1.420000, 51.9906387, 4.3768320
23065, -0.038000, 51.9906387, 4.3768320
23100, -0.053000, 51.9906387, 4.3768320
23135, 0.939999, 51.9906387, 4.3768315
23170, 0.155999, 51.9906387, 4.3768306
23205, -0.045001, 51.9906387, 4.3768306
23240, 1.019999, 51.9906387, 4.3768296
23275, 0.371999, 51.9906349, 4.3768291
23310, -0.037001, 51.9906349, 4.3768287
23345, -0.045999, 51.9906349, 4.3768268
23380, -0.049002, 51.9906349, 4.3768258
23415, -0.060000, 51.9906349, 4.3768249
23450, 0.994002, 51.9906349, 4.3768234
23485, 1.916999, 51.9906349, 4.3768225
23520, -0.050001, 51.9906349, 4.3768210
23555, 0.591001, 51.9906349, 4.3768196
23590, 1.738001, 51.9906349, 4.3768182
23625, 0.907002, 51.9906349, 4.3768167
23660, 1.676998, 51.9906349, 4.3768148
23695, -0.038001, 51.9906349, 4.3768134
23730, 1.585001, 51.9906349, 4.3768120
23765, 0.027998, 51.9906349, 4.3768106
23800, -0.041000, 51.9906311, 4.3768086
23835, -0.042998, 51.9906311, 4.3768077
23870, -0.048000, 51.9906311, 4.3768058
23905, 1.564002, 51.9906311, 4.3768039
23940, 0.810999, 51.9906311, 4.3768029
23975, 1.069001, 51.9906311, 4.3768005
24010, 1.633002, 51.9906273, 4.3767986
24045, 0.916999, 51.9906273, 4.3767972
24080, -0.045999, 51.9906273, 4.3767958
24115, -0.023998, 51.9906273, 4.3767939
24150, 0.341999, 51.9906273, 4.3767929
24185, 0.956001, 51.9906273, 4.3767910
24220, 1.363999, 51.9906235, 4.3767896
24255, 1.830000, 51.9906235, 4.3767886
24290, -0.042999, 51.9906235, 4.3767867
24325, 0.602999, 51.9906235, 4.3767848
24360, 1.524999, 51.9906235, 4.3767838
24395, 1.909000, 51.9906235, 4.3767824
24430, -0.070998, 51.9906235, 4.3767810
24465, -0.060000, 51.9906197, 4.3767796
24500, -0.049999, 51.9906197, 4.3767786
24535, -0.061001, 51.9906197, 4.3767767
24570, -0.062000, 51.9906197, 4.3767762
24605, -0.059001, 51.9906197, 4.3767738
24640, -0.051000, 51.9906197, 4.3767738
24675, -0.052002, 51.9906197, 4.3767719
24710, 0.416000, 51.9906197, 4.3767710
24745, -0.052001, 51.9906197, 4.3767700
24780, 1.891998, 51.9906158, 4.3767686
24815, 0.886001, 51.9906158, 4.3767681
24850, 0.595999, 51.9906158, 4.3767672
24885, -0.036999, 51.9906158, 4.3767662
24920, 1.328999, 51.9906158, 4.3767657
24955, -0.056998, 51.9906158, 4.3767648
24990, -0.040001, 51.9906158, 4.3767643
25025, 1.588001, 51.9906158, 4.3767633
25060, -0.051002, 51.9906158, 4.3767629
25095, 1.045000, 51.9906158, 4.3767624
25130, 0.722000, 51.9906158, 4.3767624
25165, -0.050001, 51.9906158, 4.3767614
25200, -0.040998, 51.9906158, 4.3767610
25235, 0.908002, 51.9906158, 4.3767600
25270, -0.042999, 51.9906158, 4.3767600
25305, 1.589000, 51.9906158, 4.3767595
25340, 1.352000, 51.9906158, 4.3767591
25375, -0.068001, 51.9906158, 4.3767591
25410, -0.045001, 51.9906158, 4.3767586
25445, -0.054998, 51.9906158, 4.3767586
25480, 0.742001, 51.9906158, 4.3767586
25515, -0.072999, 51.9906158, 4.3767586
25550, 1.161001, 51.9906158, 4.3767581
25585, 0.849000, 51.9906158, 4.3767581
25620, -0.068001, 51.9906158, 4.3767576
25655, 0.172002, 51.9906158, 4.3767576
25690, -0.049000, 51.9906158, 4.3767576
25725, -0.061001, 51.9906158, 4.3767576
25760, -0.072998, 51.9906158, 4.3767576
25795, 1.478000, 51.9906158, 4.3767576
25830, -0.058002, 51.9906158, 4.3767576
25865, -0.059001, 51.9906158, 4.3767576
25900, -0.072998, 51.9906158, 4.3767576
25935, -0.066001, 51.9906158, 4.3767581
25970, -0.069999, 51.9906158, 4.3767581
26005, 0.836002, 51.9906158, 4.3767581
26040, 0.965999, 51.9906158, 4.3767586
26075, 1.255999, 51.9906158, 4.3767586
26110, 1.613000, 51.9906158, 4.3767586
26145, 1.606000, 51.9906158, 4.3767586
26180, -0.078000, 51.9906158, 4.3767591
26215, -0.065000, 51.9906197, 4.3767591
26250, -0.069000, 51.9906197, 4.3767600
26285, 1.190999, 51.9906197, 4.3767605
26320, 1.723998, 51.9906197, 4.3767610
26355, 0.817001, 51.9906197, 4.3767614
26390, -0.068000, 51.9906197, 4.3767624
26425, -0.072001, 51.9906197, 4.3767633
26460, -0.079002, 51.9906197, 4.3767638
26495, -0.070999, 51.9906197, 4.3767648
26530, -0.080000, 51.9906197, 4.3767662
26565, -0.079001, 51.9906235, 4.3767672
26600, -0.070998, 51.9906235, 4.3767681
26635, -0.077000, 51.9906235, 4.3767691
26670, 0.314999, 51.9906235, 4.3767700
26705, -0.064000, 51.9906235, 4.3767715
26740, -0.078001, 51.9906235, 4.3767724
26775, -0.069999, 51.9906235, 4.3767738
26810, 1.102999, 51.9906235, 4.3767748
26845, 1.367000, 51.9906273, 4.3767762
26880, -0.080999, 51.9906273, 4.3767776
26915, -0.082001, 51.9906273, 4.3767786
26950, 1.422000, 51.9906273, 4.3767800
26985, -0.076999, 51.9906273, 4.3767815
27020, -0.085998, 51.9906273, 4.3767829
27055, -0.076001, 51.9906273, 4.3767838
27090, 0.053999, 51.9906311, 4.3767853
27125, -0.086000, 51.9906311, 4.3767862
27160, -0.067000, 51.9906311, 4.3767877
27195, -0.085000, 51.9906311, 4.3767886
27230, -0.073000, 51.9906311, 4.3767896
27265, -0.078001, 51.9906311, 4.3767910
27300, -0.075002, 51.9906311, 4.3767924
27335, -0.076001, 51.9906349, 4.3767939
27370, 0.928999, 51.9906349, 4.3767953
27405, -0.080001, 51.9906349, 4.3767967
27440, -0.076001, 51.9906349, 4.3767977
27475, -0.068001, 51.9906349, 4.3767991
27510, -0.074000, 51.9906349, 4.3768001
27545, -0.078999, 51.9906349, 4.3768010
27580, -0.079999, 51.9906349, 4.3768024
27615, -0.076001, 51.9906349, 4.3768039
27650, -0.073000, 51.9906349, 4.3768048
27685, -0.068999, 51.9906349, 4.3768058
27720, 1.942002, 51.9906349, 4.3768077
27755, -0.074001, 51.9906349, 4.3768082
27790, 0.073001, 51.9906349, 4.3768096
27825, 0.812999, 51.9906349, 4.3768106
27860, 0.840000, 51.9906349, 4.3768115
27895, 0.878002, 51.9906349, 4.3768129
27930, 0.908000, 51.9906387, 4.3768134
27965, 0.935002, 51.9906387, 4.3768144
28000, 0.947000, 51.9906387, 4.3768158
28035, 0.964002, 51.9906387, 4.3768167
28070, 1.801001, 51.9906387, 4.3768177
28105, 1.824001, 51.9906387, 4.3768182
28140, 1.823001, 51.9906387, 4.3768191
28175, 1.806001, 51.9906387, 4.3768196
28210, 1.811998, 51.9906387, 4.3768206
28245, 1.821999, 51.9906387, 4.3768210
28280, 1.927999, 51.9906387, 4.3768215
28315, 1.942001, 51.9906425, 4.3768225
28350, 1.796002, 51.9906425, 4.3768234
28385, 1.781999, 51.9906425, 4.3768234
28420, -0.068001, 51.9906425, 4.3768239
28455, 0.730000, 51.9906425, 4.3768244
28490, -0.074999, 51.9906425, 4.3768249
28525, 0.986002, 51.9906425, 4.3768253
28560, -0.049001, 51.9906425, 4.3768258
28595, -0.067000, 51.9906425, 4.3768258
28630, -0.073998, 51.9906425, 4.3768263
28665, 0.756999, 51.9906425, 4.3768263
28700, -0.062000, 51.9906425, 4.3768263
28735, -0.077999, 51.9906425, 4.3768268
28770, -0.084001, 51.9906425, 4.3768268
28805, 1.398000, 51.9906425, 4.3768268
28840, -0.068999, 51.9906425, 4.3768268
28875, -0.072001, 51.9906425, 4.3768268
28910, -0.065999, 51.9906425, 4.3768268
28945, 0.045999, 51.9906425, 4.3768268
28980, -0.055999, 51.9906425, 4.3768268
29015, -0.112002, 51.9906425, 4.3768268
29050, 0.988001, 51.9906425, 4.3768263
29085, 1.555999, 51.9906425, 4.3768263
29120, -0.047999, 51.9906425, 4.3768263
29155, 1.665999, 51.9906425, 4.3768258
29190, -0.057999, 51.9906425, 4.3768258
29225, -0.062000, 51.9906425, 4.3768258
29260, 1.184998, 51.9906425, 4.3768258
29295, 0.169000, 51.9906425, 4.3768253
29330, -0.082998, 51.9906425, 4.3768253
29365, -0.049001, 51.9906425, 4.3768249
29400, 0.809000, 51.9906425, 4.3768249
29435, 1.542998, 51.9906425, 4.3768239
29470, -0.061001, 51.9906425, 4.3768239
29505, 1.461000, 51.9906425, 4.3768239
29540, -0.059998, 51.9906425, 4.3768234
29575, -0.061001, 51.9906425, 4.3768234
29610, 1.210001, 51.9906425, 4.3768234
29645, -0.089001, 51.9906425, 4.3768229
29680, 0.801002, 51.9906425, 4.3768225
29715, -0.087999, 51.9906425, 4.3768225
29750, 1.794999, 51.9906425, 4.3768225
29785, -0.082999, 51.9906425, 4.3768220
29820, -0.098000, 51.9906425, 4.3768215
29855, 1.289999, 51.9906425, 4.3768210
29890, 1.291002, 51.9906425, 4.3768206
29925, 1.264000, 51.9906425, 4.3768206
29960, 1.769001, 51.9906425, 4.3768201
29995, 1.775999, 51.9906425, 4.3768196
30030, 1.797999, 51.9906425, 4.3768187
30065, 1.794999, 51.9906425, 4.3768182
30100, 1.802001, 51.9906425, 4.3768177
30135, 1.795000, 51.9906425, 4.3768163
30170, 1.799999, 51.9906425, 4.3768158
30205, 1.510001, 51.9906425, 4.3768148
30240, 1.769999, 51.9906425, 4.3768139
30275, 0.926002, 51.9906425, 4.3768134
30310, 0.916000, 51.9906387, 4.3768125
30345, 1.232001, 51.9906387, 4.3768110
30380, 0.877999, 51.9906387, 4.3768101
30415, 0.833002, 51.9906387, 4.3768086
30450, 0.788001, 51.9906387, 4.3768082
30485, 0.762000, 51.9906387, 4.3768063
30520, 0.012999, 51.9906387, 4.3768058
30555, -0.078998, 51.9906387, 4.3768044
30590, -0.059998, 51.9906349, 4.3768039
30625, -0.065000, 51.9906349, 4.3768020
30660, 1.186999, 51.9906349, 4.3768010
30695, -0.079002, 51.9906349, 4.3768001
30730, 1.053001, 51.9906349, 4.3767986
30765, 0.682001, 51.9906349, 4.3767977
30800, 1.020000, 51.9906349, 4.3767962
30835, 1.689998, 51.9906349, 4.3767943
30870, 1.491001, 51.9906349, 4.3767934
30905, 1.827999, 51.9906349, 4.3767920
30940, -0.065999, 51.9906349, 4.3767910
30975, 1.815001, 51.9906349, 4.3767900
31010, 1.189998, 51.9906349, 4.3767886
31045, -0.081000, 51.9906349, 4.3767881
31080, 1.576002, 51.9906311, 4.3767862
31115, 0.699999, 51.9906311, 4.3767858
31150, -0.064000, 51.9906311, 4.3767843
31185, -0.060999, 51.9906311, 4.3767834
31220, -0.064000, 51.9906311, 4.3767834
31255, 1.216999, 51.9906311, 4.3767810
31290, 1.504001, 51.9906311, 4.3767796
31325, 0.787999, 51.9906311, 4.3767786
31360, -0.066999, 51.9906311, 4.3767776
31395, -0.055000, 51.9906273, 4.3767767
31430, 1.727999, 51.9906273, 4.3767753
31465, 1.249999, 51.9906273, 4.3767743
31500, 0.683002, 51.9906273, 4.3767734
31535, -0.053998, 51.9906273, 4.3767724
31570, -0.052999, 51.9906273, 4.3767710
31605, 1.924000, 51.9906273, 4.3767695
31640, 1.021999, 51.9906273, 4.3767686
31675, -0.059999, 51.9906235, 4.3767681
31710, -0.053999, 51.9906235, 4.3767672
31745, -0.064999, 51.9906235, 4.3767662
31780, -0.071999, 51.9906235, 4.3767657
31815, -0.051999, 51.9906235, 4.3767648
31850, 1.118001, 51.9906235, 4.3767638
31885, -0.061999, 51.9906235, 4.3767633
31920, 0.925001, 51.9906235, 4.3767624
31955, -0.042998, 51.9906235, 4.3767614
31990, 1.451999, 51.9906235, 4.3767610
32025, 1.371999, 51.9906235, 4.3767605
32060, -0.078000, 51.9906235, 4.3767600
32095, 1.709002, 51.9906235, 4.3767591
32130, -0.050000, 51.9906197, 4.3767586
32165, -0.050001, 51.9906197, 4.3767586
32200, 1.910999, 51.9906197, 4.3767576
32235, -0.054999, 51.9906197, 4.3767571
32270, 1.763000, 51.9906197, 4.3767567
32305, -0.070998, 51.9906197, 4.3767562
32340, -0.071000, 51.9906197, 4.3767562
32375, -0.046001, 51.9906197, 4.3767557
32410, 1.002998, 51.9906197, 4.3767552
32445, -0.075000, 51.9906197, 4.3767552
32480, -0.053001, 51.9906197, 4.3767548
32515, -0.065000, 51.9906197, 4.3767548
32550, 1.196998, 51.9906197, 4.3767543
32585, 1.188001, 51.9906197, 4.3767543
32620, -0.052002, 51.9906197, 4.3767538
32655, -0.072000, 51.9906197, 4.3767538
32725, -0.067001, 51.9906197, 4.3767538
32760, -0.055999, 51.9906197, 4.3767538
32795, -0.061001, 51.9906197, 4.3767533
32830, 0.099999, 51.9906197, 4.3767533
32865, 0.752000, 51.9906197, 4.3767533
32900, -0.066002, 51.9906197, 4.3767533
32935, -0.066000, 51.9906197, 4.3767529
32970, -0.070998, 51.9906197, 4.3767529
33005, -0.064000, 51.9906235, 4.3767529
33040, 1.826002, 51.9906235, 4.3767529
33075, -0.060000, 51.9906235, 4.3767529
33110, -0.068999, 51.9906235, 4.3767533
33145, -0.067998, 51.9906235, 4.3767533
33180, -0.064998, 51.9906235, 4.3767533
33215, -0.063999, 51.9906235, 4.3767533
33250, -0.077999, 51.9906235, 4.3767533
33285, 1.553000, 51.9906235, 4.3767533
33320, -0.049000, 51.9906235, 4.3767533
33355, -0.071000, 51.9906235, 4.3767533
33390, 1.821000, 51.9906235, 4.3767538
33425, -0.068000, 51.9906235, 4.3767538
33460, -0.060000, 51.9906235, 4.3767538
33495, 0.818000, 51.9906235, 4.3767543
33530, 1.166999, 51.9906235, 4.3767548
33565, -0.060998, 51.9906235, 4.3767552
33600, -0.060000, 51.9906235, 4.3767557
33635, -0.080001, 51.9906235, 4.3767562
33670, -0.065998, 51.9906235, 4.3767576
33705, -0.060999, 51.9906273, 4.3767586
33740, -0.067000, 51.9906273, 4.3767586
33775, -0.077000, 51.9906273, 4.3767595
33810, -0.064002, 51.9906273, 4.3767610
33845, 1.607001, 51.9906273, 4.3767614
33880, -0.074000, 51.9906273, 4.3767629
33915, -0.071001, 51.9906273, 4.3767638
33950, -0.072999, 51.9906273, 4.3767657
33985, 1.870999, 51.9906273, 4.3767662
34020, -0.076999, 51.9906311, 4.3767676
34055, -0.066000, 51.9906311, 4.3767686
34090, -0.055999, 51.9906311, 4.3767700
34125, 1.739998, 51.9906311, 4.3767710
34160, -0.081001, 51.9906311, 4.3767724
34195, -0.063001, 51.9906311, 4.3767738
34230, -0.068002, 51.9906311, 4.3767757
34265, -0.078001, 51.9906349, 4.3767767
34300, -0.063000, 51.9906349, 4.3767781
34335, -0.076999, 51.9906349, 4.3767796
34370, -0.074002, 51.9906349, 4.3767810
34405, -0.068001, 51.9906349, 4.3767819
34440, 0.276000, 51.9906349, 4.3767834
34475, 1.810001, 51.9906349, 4.3767843
34510, 1.290999, 51.9906349, 4.3767858
34545, -0.062000, 51.9906349, 4.3767867
34580, -0.059000, 51.9906349, 4.3767886
34615, -0.072998, 51.9906349, 4.3767896
34650, 0.459999, 51.9906349, 4.3767910
34685, -0.069999, 51.9906349, 4.3767920
34720, -0.060001, 51.9906349, 4.3767934
34755, -0.064998, 51.9906349, 4.3767943
34790, -0.076999, 51.9906349, 4.3767958
34825, -0.077000, 51.9906387, 4.3767967
34860, -0.068001, 51.9906387, 4.3767986
34895, -0.073000, 51.9906387, 4.3767996
34930, -0.081001, 51.9906387, 4.3768010
34965, -0.073001, 51.9906387, 4.3768015
35000, -0.069000, 51.9906387, 4.3768029
35035, -0.082000, 51.9906387, 4.3768039
35070, -0.076000, 51.9906387, 4.3768048
35105, 0.795001, 51.9906425, 4.3768058
35140, 0.844001, 51.9906425, 4.3768067
35175, 0.849999, 51.9906425, 4.3768082
35210, 0.880001, 51.9906425, 4.3768091
35245, 0.918002, 51.9906425, 4.3768096
35280, 0.933000, 51.9906425, 4.3768110
35315, 0.944001, 51.9906425, 4.3768115
35350, 0.949002, 51.9906425, 4.3768125
35385, 1.800000, 51.9906425, 4.3768134
35420, 1.817001, 51.9906425, 4.3768139
35455, 1.811002, 51.9906425, 4.3768144
35490, 1.804999, 51.9906425, 4.3768153
35525, 1.807000, 51.9906464, 4.3768158
35560, 1.814001, 51.9906464, 4.3768163
35595, 1.804999, 51.9906464, 4.3768172
35630, 1.084000, 51.9906464, 4.3768177
35665, 1.787001, 51.9906464, 4.3768182
35700, 1.777999, 51.9906464, 4.3768187
35735, 1.288000, 51.9906464, 4.3768191
35770, -0.070999, 51.9906464, 4.3768191
35805, 1.050998, 51.9906464, 4.3768196
35840, 1.283999, 51.9906464, 4.3768201
35875, -0.084001, 51.9906464, 4.3768201
35910, -0.084000, 51.9906464, 4.3768206
35945, 0.850000, 51.9906464, 4.3768206
35980, -0.073999, 51.9906464, 4.3768206
36015, -0.082998, 51.9906464, 4.3768206
36050, 0.722998, 51.9906464, 4.3768206
36085, 1.233999, 51.9906464, 4.3768206
36120, -0.082000, 51.9906464, 4.3768206
36155, -0.091999, 51.9906502, 4.3768206
36190, -0.071999, 51.9906502, 4.3768206
36225, 1.559999, 51.9906502, 4.3768206
36260, -0.095999, 51.9906502, 4.3768206
36295, -0.095001, 51.9906502, 4.3768206
36330, -0.072999, 51.9906502, 4.3768206
36365, -0.075000, 51.9906502, 4.3768206
36400, -0.081999, 51.9906502, 4.3768206
36435, -0.066001, 51.9906502, 4.3768206
36470, -0.093999, 51.9906502, 4.3768201
36505, -0.094001, 51.9906502, 4.3768201
36540, -0.068000, 51.9906502, 4.3768201
36575, -0.080002, 51.9906502, 4.3768201
36610, -0.088000, 51.9906502, 4.3768196
36645, -0.075000, 51.9906502, 4.3768196
36680, -0.090999, 51.9906502, 4.3768191
36715, 0.873999, 51.9906502, 4.3768191
36750, 0.139001, 51.9906502, 4.3768191
36785, -0.088998, 51.9906502, 4.3768191
36820, -0.089001, 51.9906502, 4.3768187
36855, -0.073000, 51.9906502, 4.3768187
36890, 1.109001, 51.9906502, 4.3768182
36925, -0.091999, 51.9906502, 4.3768182
36960, -0.093001, 51.9906502, 4.3768182
36995, -0.100000, 51.9906502, 4.3768182
37030, 0.518001, 51.9906502, 4.3768177
37065, -0.087002, 51.9906502, 4.3768177
37100, 0.275000, 51.9906502, 4.3768177
37135, -0.081999, 51.9906502, 4.3768177
37170, -0.085999, 51.9906502, 4.3768172
37205, -0.083001, 51.9906502, 4.3768172
37240, -0.081000, 51.9906502, 4.3768167
37275, -0.071998, 51.9906502, 4.3768167
37310, -0.077001, 51.9906502, 4.3768167
37345, -0.084000, 51.9906502, 4.3768163
37380, -0.072001, 51.9906502, 4.3768163
37415, 1.177000, 51.9906502, 4.3768163
37450, -0.091999, 51.9906502, 4.3768158
37485, 0.001001, 51.9906502, 4.3768158
37520, -0.083998, 51.9906502, 4.3768158
37555, -0.070998, 51.9906502, 4.3768158
37590, 1.735002, 51.9906502, 4.3768158
37625, 1.213002, 51.9906502, 4.3768158
37660, 1.788002, 51.9906502, 4.3768153
37695, 1.338002, 51.9906502, 4.3768148
37730, -0.072999, 51.9906502, 4.3768144
37765, 1.785001, 51.9906502, 4.3768139
37800, 0.547000, 51.9906502, 4.3768134
37835, 1.803999, 51.9906502, 4.3768134
37870, 1.808001, 51.9906502, 4.3768125
37905, -0.069000, 51.9906502, 4.3768120
37940, 1.811998, 51.9906464, 4.3768110
37975, -0.078999, 51.9906464, 4.3768106
38010, -0.074000, 51.9906464, 4.3768096
38045, -0.100002, 51.9906464, 4.3768086
38080, 0.956002, 51.9906464, 4.3768082
38115, -0.090999, 51.9906464, 4.3768067
38150, 0.608001, 51.9906464, 4.3768058
38185, -0.075999, 51.9906464, 4.3768053
38220, -0.082000, 51.9906464, 4.3768039
38255, 1.766999, 51.9906464, 4.3768034
38290, 1.651000, 51.9906425, 4.3768024
38325, 1.417002, 51.9906425, 4.3768010
38360, 0.808999, 51.9906425, 4.3768001
38395, 0.433000, 51.9906425, 4.3767991
38430, 1.377998, 51.9906425, 4.3767977
38465, -0.053002, 51.9906425, 4.3767962
38500, -0.069001, 51.9906425, 4.3767953
38535, -0.071001, 51.9906387, 4.3767939
38570, 0.980000, 51.9906387, 4.3767929
38605, -0.080999, 51.9906387, 4.3767920
38640, -0.082001, 51.9906387, 4.3767910
38675, 1.041000, 51.9906387, 4.3767896
38710, 1.513000, 51.9906387, 4.3767886
38745, -0.056001, 51.9906387, 4.3767872
38780, -0.083001, 51.9906349, 4.3767858
38815, -0.077999, 51.9906349, 4.3767853
38850, -0.081000, 51.9906349, 4.3767834
38885, -0.076000, 51.9906349, 4.3767824
38920, -0.089999, 51.9906349, 4.3767810
38955, -0.067002, 51.9906349, 4.3767805
38990, -0.070000, 51.9906349, 4.3767791
39025, 1.429999, 51.9906349, 4.3767776
39060, -0.075999, 51.9906349, 4.3767762
39095, 1.375000, 51.9906349, 4.3767753
39130, -0.075000, 51.9906349, 4.3767738
39165, 1.766999, 51.9906349, 4.3767729
39200, 1.766999, 51.9906349, 4.3767719
39235, 1.764000, 51.9906349, 4.3767710
39270, 1.776001, 51.9906349, 4.3767691
39305, 1.764001, 51.9906311, 4.3767681
39340, 1.770001, 51.9906311, 4.3767672
39375, 1.785001, 51.9906311, 4.3767662
39410, 1.792000, 51.9906311, 4.3767653
39445, 1.749000, 51.9906311, 4.3767643
39480, 1.751001, 51.9906311, 4.3767638
39515, 1.649002, 51.9906311, 4.3767624
39550, 1.589000, 51.9906311, 4.3767614
39585, -0.059999, 51.9906311, 4.3767610
39620, 0.983001, 51.9906311, 4.3767600
39655, -0.072998, 51.9906311, 4.3767591
39690, 1.909999, 51.9906273, 4.3767586
39725, 1.638000, 51.9906273, 4.3767576
39760, 1.904001, 51.9906273, 4.3767567
39795, 1.482002, 51.9906273, 4.3767562
39830, 0.949999, 51.9906273, 4.3767562
39865, 1.830001, 51.9906273, 4.3767552
39900, 0.997999, 51.9906273, 4.3767548
39935, -0.059999, 51.9906273, 4.3767543
39970, 1.657002, 51.9906273, 4.3767538
40005, 0.864001, 51.9906273, 4.3767538
40040, -0.060998, 51.9906273, 4.3767533
40075, -0.062000, 51.9906273, 4.3767529
40110, -0.053999, 51.9906273, 4.3767524
40145, 1.131999, 51.9906273, 4.3767519
40180, 0.872998, 51.9906273, 4.3767519
40215, 0.777999, 51.9906273, 4.3767514
40250, 0.586999, 51.9906273, 4.3767514
40285, -0.058002, 51.9906273, 4.3767514
40320, 1.229002, 51.9906273, 4.3767509
40355, 1.335998, 51.9906273, 4.3767509
40390, -0.070002, 51.9906273, 4.3767509
40425, -0.069998, 51.9906273, 4.3767505
40460, 0.948999, 51.9906273, 4.3767505
40495, -0.066001, 51.9906273, 4.3767505
40530, 1.645998, 51.9906273, 4.3767505
40565, -0.062999, 51.9906273, 4.3767505
40600, 1.746001, 51.9906273, 4.3767505
40635, 1.175000, 51.9906273, 4.3767505
40670, -0.075001, 51.9906273, 4.3767505
40705, -0.065001, 51.9906273, 4.3767505
40740, 1.791999, 51.9906273, 4.3767505
40775, -0.081001, 51.9906273, 4.3767505
40810, -0.069001, 51.9906273, 4.3767505
40845, -0.066999, 51.9906273, 4.3767505
40880, -0.084000, 51.9906273, 4.3767505
40915, 0.661998, 51.9906273, 4.3767509
40950, 1.368000, 51.9906273, 4.3767509
40985, -0.067001, 51.9906273, 4.3767509
41020, -0.076999, 51.9906311, 4.3767509
41055, 1.308998, 51.9906311, 4.3767514
41090, -0.076001, 51.9906311, 4.3767514
41125, -0.068999, 51.9906311, 4.3767514
41160, 0.184001, 51.9906311, 4.3767514
41195, -0.070999, 51.9906311, 4.3767514
41230, -0.071999, 51.9906311, 4.3767514
41265, 0.999000, 51.9906311, 4.3767514
41300, 0.962000, 51.9906311, 4.3767519
41335, -0.071001, 51.9906311, 4.3767529
41370, 1.742002, 51.9906311, 4.3767529
41405, -0.084000, 51.9906311, 4.3767538
41440, -0.081001, 51.9906311, 4.3767538
41475, -0.093999, 51.9906311, 4.3767543
41510, -0.074001, 51.9906311, 4.3767557
41545, -0.074002, 51.9906311, 4.3767562
41580, -0.077999, 51.9906311, 4.3767567
41615, 0.646000, 51.9906349, 4.3767576
41650, -0.072001, 51.9906349, 4.3767586
41685, -0.079001, 51.9906349, 4.3767600
41720, -0.081002, 51.9906349, 4.3767610
41755, -0.087999, 51.9906349, 4.3767619
41790, -0.088000, 51.9906349, 4.3767633
41825, 1.750999, 51.9906349, 4.3767638
41860, 0.595001, 51.9906349, 4.3767653
41895, 1.770999, 51.9906349, 4.3767662
41930, 1.758001, 51.9906349, 4.3767672
41965, 1.742002, 51.9906349, 4.3767681
42000, 1.724001, 51.9906349, 4.3767700
42035, 1.802999, 51.9906349, 4.3767710
42070, -0.097001, 51.9906349, 4.3767719
42105, -0.094001, 51.9906349, 4.3767738
42140, -0.093000, 51.9906349, 4.3767743
42175, -0.086998, 51.9906387, 4.3767762
42210, -0.096999, 51.9906387, 4.3767772
42245, 0.859001, 51.9906387, 4.3767786
42280, -0.089002, 51.9906387, 4.3767796
42315, 1.534002, 51.9906387, 4.3767810
42350, -0.090002, 51.9906387, 4.3767819
42385, -0.083001, 51.9906387, 4.3767834
42420, -0.088001, 51.9906387, 4.3767843
42455, 1.201998, 51.9906425, 4.3767862
42490, -0.094001, 51.9906425, 4.3767872
42525, -0.074001, 51.9906425, 4.3767886
42560, 1.049000, 51.9906425, 4.3767891
42595, -0.090999, 51.9906425, 4.3767905
42630, 1.407999, 51.9906425, 4.3767915
42665, 1.090999, 51.9906425, 4.3767924
42700, -0.074999, 51.9906425, 4.3767934
42735, 1.450001, 51.9906425, 4.3767953
42770, 0.075002, 51.9906425, 4.3767958
42805, -0.075000, 51.9906464, 4.3767967
42840, 1.975002, 51.9906464, 4.3767982
42875, -0.065000, 51.9906464, 4.3767991
42910, -0.080002, 51.9906464, 4.3768001
42945, -0.072999, 51.9906464, 4.3768010
42980, -0.076001, 51.9906464, 4.3768020
43015, -0.071001, 51.9906464, 4.3768029
43050, -0.080998, 51.9906464, 4.3768039
43085, -0.085999, 51.9906464, 4.3768048
43120, -0.067999, 51.9906464, 4.3768058
43155, -0.067999, 51.9906464, 4.3768063
43190, -0.087999, 51.9906502, 4.3768072
43225, -0.074999, 51.9906502, 4.3768077
43260, 1.966002, 51.9906502, 4.3768082
43295, -0.066998, 51.9906502, 4.3768086
43330, -0.083002, 51.9906502, 4.3768096
43365, -0.078002, 51.9906502, 4.3768106
43400, -0.057002, 51.9906502, 4.3768110
43435, -0.081001, 51.9906502, 4.3768115
43470, -0.048001, 51.9906502, 4.3768120
43505, 1.023999, 51.9906502, 4.3768125
43540, 1.230001, 51.9906502, 4.3768129
43575, -0.070002, 51.9906502, 4.3768129
43610, 0.759000, 51.9906502, 4.3768134
43645, -0.070998, 51.9906502, 4.3768134
43680, 1.766000, 51.9906502, 4.3768134
43715, -0.065001, 51.9906502, 4.3768139
43750, -0.072000, 51.9906502, 4.3768139
43785, -0.092998, 51.9906502, 4.3768139
43820, 1.343000, 51.9906502, 4.3768139
43855, -0.084001, 51.9906540, 4.3768144
43890, -0.080998, 51.9906540, 4.3768144
43925, -0.080999, 51.9906540, 4.3768144
43960, -0.084001, 51.9906540, 4.3768144
43995, -0.077002, 51.9906540, 4.3768144
44030, -0.083000, 51.9906540, 4.3768139
44065, 0.269998, 51.9906540, 4.3768139
44100, 0.500999, 51.9906540, 4.3768139
44135, 1.176998, 51.9906540, 4.3768134
44170, 1.111999, 51.9906540, 4.3768134
44205, -0.081000, 51.9906540, 4.3768134
44240, -0.098999, 51.9906540, 4.3768134
44275, -0.083001, 51.9906540, 4.3768134
44310, -0.093000, 51.9906540, 4.3768129
44345, 0.730002, 51.9906540, 4.3768129
44380, 0.456999, 51.9906540, 4.3768129
44415, -0.096998, 51.9906540, 4.3768129
44450, 1.100000, 51.9906540, 4.3768125
44485, 1.631999, 51.9906540, 4.3768120
44520, 1.425002, 51.9906540, 4.3768120
44555, -0.086998, 51.9906540, 4.3768120
44590, 0.902001, 51.9906540, 4.3768115
44625, -0.080001, 51.9906540, 4.3768110
44660, -0.080999, 51.9906540, 4.3768110
44695, 0.830999, 51.9906540, 4.3768110
44730, 0.183001, 51.9906540, 4.3768110
44765, -0.079998, 51.9906540, 4.3768106
44800, 1.457000, 51.9906540, 4.3768106
44835, -0.077999, 51.9906540, 4.3768101
44870, -0.079001, 51.9906540, 4.3768096
44905, -0.083999, 51.9906540, 4.3768086
44940, -0.100999, 51.9906540, 4.3768086
44975, -0.076001, 51.9906540, 4.3768082
45010, -0.092000, 51.9906540, 4.3768077
45045, 1.573001, 51.9906540, 4.3768067
45080, -0.080999, 51.9906540, 4.3768058
45115, 0.479000, 51.9906540, 4.3768058
45150, 1.311000, 51.9906540, 4.3768048
45185, -0.090002, 51.9906502, 4.3768039
45220, 0.036001, 51.9906502, 4.3768029
45255, -0.082000, 51.9906502, 4.3768015
45290, -0.087002, 51.9906502, 4.3768010
45325, -0.075999, 51.9906502, 4.3767996
45360, -0.080000, 51.9906502, 4.3767986
45395, -0.084001, 51.9906502, 4.3767977
45430, -0.083999, 51.9906502, 4.3767967
45465, 1.317999, 51.9906502, 4.3767958
45500, -0.082998, 51.9906502, 4.3767943
45535, 0.740001, 51.9906464, 4.3767934
45570, -0.074001, 51.9906464, 4.3767924
45605, 1.592000, 51.9906464, 4.3767910
45640, -0.086002, 51.9906464, 4.3767896
45675, 0.703001, 51.9906464, 4.3767886
45710, 0.863000, 51.9906464, 4.3767877
45745, 1.076999, 51.9906464, 4.3767862
45780, -0.072998, 51.9906425, 4.3767858
45815, -0.068999, 51.9906425, 4.3767843
45850, -0.078999, 51.9906425, 4.3767834
45885, 0.273001, 51.9906425, 4.3767824
45920, 1.837000, 51.9906425, 4.3767810
45955, -0.075000, 51.9906425, 4.3767791
45990, 1.390000, 51.9906425, 4.3767781
46025, -0.074001, 51.9906425, 4.3767772
46060, 1.425002, 51.9906387, 4.3767757
46095, -0.078999, 51.9906387, 4.3767743
46130, -0.088001, 51.9906387, 4.3767738
46165, -0.072998, 51.9906387, 4.3767724
46200, -0.082001, 51.9906387, 4.3767710
46235, -0.072999, 51.9906387, 4.3767700
46270, 0.178999, 51.9906387, 4.3767686
46305, -0.070999, 51.9906387, 4.3767681
46340, 0.070999, 51.9906349, 4.3767662
46375, 0.815999, 51.9906349, 4.3767653
46410, -0.070002, 51.9906349, 4.3767638
46445, -0.077999, 51.9906349, 4.3767633
46480, 1.907000, 51.9906349, 4.3767619
46515, -0.094000, 51.9906349, 4.3767610
46550, 1.209000, 51.9906349, 4.3767600
46585, 1.925000, 51.9906349, 4.3767591
46620, 1.026000, 51.9906349, 4.3767586
46655, 1.913000, 51.9906349, 4.3767567
46690, 1.166000, 51.9906349, 4.3767562
46725, 1.579001, 51.9906349, 4.3767552
46760, -0.085001, 51.9906349, 4.3767543
46795, -0.068000, 51.9906349, 4.3767538
46830, -0.088001, 51.9906349, 4.3767529
46865, -0.082002, 51.9906349, 4.3767524
46900, 0.213000, 51.9906349, 4.3767514
46935, -0.070001, 51.9906349, 4.3767514
46970, -0.070999, 51.9906349, 4.3767505
47005, -0.082001, 51.9906349, 4.3767500
47040, -0.073999, 51.9906311, 4.3767490
47075, -0.061002, 51.9906311, 4.3767486
47110, -0.082001, 51.9906311, 4.3767481
47145, -0.064000, 51.9906311, 4.3767481
47180, -0.092999, 51.9906311, 4.3767471
47215, -0.080998, 51.9906311, 4.3767471
47250, 1.366998, 51.9906311, 4.3767467
47285, -0.066001, 51.9906311, 4.3767462
47320, -0.069000, 51.9906311, 4.3767462
47355, -0.061999, 51.9906311, 4.3767462
47390, 1.870998, 51.9906311, 4.3767457
47425, 0.961001, 51.9906311, 4.3767457
47460, -0.063002, 51.9906311, 4.3767452
47495, -0.054001, 51.9906311, 4.3767452
47530, 1.877001, 51.9906311, 4.3767447
47565, -0.075000, 51.9906311, 4.3767447
47600, -0.068998, 51.9906311, 4.3767447
47635, -0.072000, 51.9906311, 4.3767447
47670, -0.073000, 51.9906311, 4.3767447
47705, -0.068999, 51.9906311, 4.3767447
47740, 0.676000, 51.9906311, 4.3767447
47775, -0.086999, 51.9906311, 4.3767447
47810, -0.089000, 51.9906349, 4.3767447
47845, -0.073999, 51.9906349, 4.3767447
47880, 0.044002, 51.9906349, 4.3767447
47915, -0.079001, 51.9906349, 4.3767447
47950, -0.078001, 51.9906349, 4.3767447
47985, -0.075000, 51.9906349, 4.3767452
48020, -0.076000, 51.9906349, 4.3767452
48055, -0.088000, 51.9906349, 4.3767452
48090, -0.083000, 51.9906349, 4.3767457
48160, -0.083001, 51.9906349, 4.3767462
48195, -0.093998, 51.9906349, 4.3767462
48230, -0.076998, 51.9906349, 4.3767462
48265, -0.081998, 51.9906349, 4.3767462
48300, -0.063998, 51.9906349, 4.3767467
48335, 1.328001, 51.9906349, 4.3767471
48370, -0.080999, 51.9906349, 4.3767476
48405, -0.080000, 51.9906349, 4.3767481
48440, 0.927999, 51.9906349, 4.3767486
48475, -0.082000, 51.9906349, 4.3767495
48510, -0.083998, 51.9906349, 4.3767505
48545, -0.099000, 51.9906349, 4.3767514
48580, 0.939999, 51.9906349, 4.3767519
48615, -0.088999, 51.9906349, 4.3767529
48650, -0.086002, 51.9906349, 4.3767538
48685, -0.086999, 51.9906349, 4.3767543
48720, -0.097002, 51.9906349, 4.3767557
48755, -0.080000, 51.9906349, 4.3767562
48790, 1.337001, 51.9906387, 4.3767581
48825, -0.092002, 51.9906387, 4.3767591
48860, -0.097001, 51.9906387, 4.3767605
48895, 0.017000, 51.9906387, 4.3767614
48930, -0.083002, 51.9906387, 4.3767624
48965, -0.092000, 51.9906387, 4.3767638
49000, -0.090998, 51.9906387, 4.3767648
49035, -0.088000, 51.9906387, 4.3767662
49070, -0.094000, 51.9906425, 4.3767681
49105, -0.100999, 51.9906425, 4.3767691
49140, -0.095001, 51.9906425, 4.3767705
49175, -0.093000, 51.9906425, 4.3767719
49210, 1.779001, 51.9906425, 4.3767729
49245, -0.095001, 51.9906425, 4.3767743
49280, -0.089000, 51.9906425, 4.3767753
49315, -0.079999, 51.9906464, 4.3767767
49350, -0.089001, 51.9906464, 4.3767776
49385, -0.090999, 51.9906464, 4.3767791
49420, -0.081999, 51.9906464, 4.3767810
49455, -0.084001, 51.9906464, 4.3767819
49490, -0.089000, 51.9906464, 4.3767834
49525, -0.095001, 51.9906464, 4.3767843
49560, -0.098999, 51.9906502, 4.3767858
49595, -0.073000, 51.9906502, 4.3767867
49630, -0.090002, 51.9906502, 4.3767881
49665, -0.090999, 51.9906502, 4.3767886
49700, -0.094001, 51.9906502, 4.3767900
49735, -0.094998, 51.9906502, 4.3767910
49770, -0.093999, 51.9906502, 4.3767929
49805, -0.085000, 51.9906502, 4.3767934
49840, -0.087001, 51.9906502, 4.3767948
49875, -0.095001, 51.9906540, 4.3767958
49910, 0.312998, 51.9906540, 4.3767967
49945, -0.086998, 51.9906540, 4.3767977
49980, -0.089999, 51.9906540, 4.3767986
50015, -0.084999, 51.9906540, 4.3767991
50050, -0.079999, 51.9906540, 4.3768005
50085, -0.087999, 51.9906540, 4.3768010
50120, -0.080999, 51.9906540, 4.3768015
50155, -0.087999, 51.9906540, 4.3768029
50190, 0.856002, 51.9906540, 4.3768034
50225, -0.089002, 51.9906540, 4.3768039
50260, -0.072000, 51.9906540, 4.3768048
50295, 1.515001, 51.9906578, 4.3768058
50330, -0.078001, 51.9906578, 4.3768058
50400, 1.325999, 51.9906578, 4.3768067
50435, -0.084999, 51.9906578, 4.3768072
50470, 1.841000, 51.9906578, 4.3768077
50505, -0.082001, 51.9906578, 4.3768082
50540, 0.970001, 51.9906578, 4.3768082
50575, -0.100000, 51.9906578, 4.3768082
50610, 1.910002, 51.9906578, 4.3768082
50645, -0.082999, 51.9906578, 4.3768086
50680, 0.789000, 51.9906578, 4.3768086
50715, -0.087002, 51.9906578, 4.3768086
50750, -0.076000, 51.9906578, 4.3768086
50785, -0.079002, 51.9906578, 4.3768086
50820, 1.575000, 51.9906578, 4.3768086
50855, 1.012999, 51.9906578, 4.3768082
50890, -0.091000, 51.9906578, 4.3768082
50925, -0.089001, 51.9906578, 4.3768082
50960, -0.104999, 51.9906578, 4.3768082
50995, -0.084001, 51.9906578, 4.3768082
51030, -0.087998, 51.9906578, 4.3768082
51065, -0.090001, 51.9906578, 4.3768077
51100, -0.102998, 51.9906578, 4.3768077
51135, -0.089000, 51.9906578, 4.3768077
51170, 0.038999, 51.9906578, 4.3768072
51205, -0.087999, 51.9906578, 4.3768072
51240, -0.104999, 51.9906578, 4.3768063
51275, 1.814000, 51.9906578, 4.3768063
51310, -0.093998, 51.9906578, 4.3768058
51345, -0.093000, 51.9906578, 4.3768058
51380, -0.098001, 51.9906578, 4.3768058
51415, -0.112999, 51.9906578, 4.3768053
51450, -0.099001, 51.9906578, 4.3768053
51485, 1.430001, 51.9906578, 4.3768048
51520, -0.094001, 51.9906578, 4.3768048
51555, -0.080999, 51.9906578, 4.3768039
51590, -0.079001, 51.9906578, 4.3768039
51625, -0.083001, 51.9906578, 4.3768034
51660, -0.090999, 51.9906578, 4.3768024
51695, -0.084998, 51.9906578, 4.3768024
51730, 0.692999, 51.9906578, 4.3768010
51765, -0.091000, 51.9906578, 4.3768010
51800, -0.114999, 51.9906578, 4.3768001
51835, -0.080999, 51.9906578, 4.3767991
51870, -0.098998, 51.9906578, 4.3767977
51905, -0.103998, 51.9906578, 4.3767967
51940, -0.103998, 51.9906578, 4.3767958
51975, -0.106999, 51.9906540, 4.3767953
52010, 1.479000, 51.9906540, 4.3767939
52045, 1.505999, 51.9906540, 4.3767929
52080, 1.717001, 51.9906540, 4.3767920
52115, 1.746999, 51.9906540, 4.3767910
52150, 1.741002, 51.9906540, 4.3767900
52185, 1.741999, 51.9906540, 4.3767886
52220, 1.741001, 51.9906540, 4.3767872
52255, 1.726000, 51.9906540, 4.3767862
52290, 1.751001, 51.9906502, 4.3767858
52325, 1.718000, 51.9906502, 4.3767838
52360, 1.144999, 51.9906502, 4.3767829
52395, 1.444002, 51.9906502, 4.3767815
52430, -0.112000, 51.9906502, 4.3767805
52465, -0.081001, 51.9906502, 4.3767791
52500, 1.586002, 51.9906502, 4.3767781
52535, 0.779001, 51.9906502, 4.3767767
52570, -0.099000, 51.9906464, 4.3767753
52605, 1.875000, 51.9906464, 4.3767738
52640, 0.789999, 51.9906464, 4.3767729
52675, -0.100999, 51.9906464, 4.3767715
52710, -0.097001, 51.9906464, 4.3767705
52745, 1.424002, 51.9906464, 4.3767691
52780, -0.085000, 51.9906464, 4.3767681
52815, 1.570002, 51.9906425, 4.3767667
52850, -0.093000, 51.9906425, 4.3767657
52885, -0.095998, 51.9906425, 4.3767643
52920, -0.093000, 51.9906425, 4.3767633
52955, -0.083998, 51.9906425, 4.3767624
52990, 1.421999, 51.9906425, 4.3767614
53025, 1.009999, 51.9906425, 4.3767591
53060, 1.206001, 51.9906425, 4.3767586
53095, -0.084001, 51.9906387, 4.3767571
53130, -0.081999, 51.9906387, 4.3767562
53165, -0.085000, 51.9906387, 4.3767552
53200, 1.310000, 51.9906387, 4.3767543
53235, 1.708999, 51.9906387, 4.3767538
53270, -0.093001, 51.9906387, 4.3767529
53305, 1.057999, 51.9906387, 4.3767514
53340, -0.085001, 51.9906387, 4.3767509
53375, -0.085001, 51.9906387, 4.3767500
53410, 1.546999, 51.9906349, 4.3767486
53445, 0.741000, 51.9906349, 4.3767481
53480, 1.577001, 51.9906349, 4.3767471
53515, 0.903999, 51.9906349, 4.3767467
53550, -0.098999, 51.9906349, 4.3767462
53585, -0.076000, 51.9906349, 4.3767457
53620, -0.077998, 51.9906349, 4.3767447
53655, -0.070999, 51.9906349, 4.3767438
53690, -0.069998, 51.9906349, 4.3767438
53725, -0.099000, 51.9906349, 4.3767428
53760, 1.606998, 51.9906349, 4.3767424
53795, -0.135002, 51.9906349, 4.3767419
53830, -0.127002, 51.9906349, 4.3767414
53865, -0.098001, 51.9906349, 4.3767414
53900, 0.833001, 51.9906349, 4.3767414
53935, -0.126002, 51.9906349, 4.3767409
53970, -0.101001, 51.9906349, 4.3767409
54005, -0.133000, 51.9906349, 4.3767405
54040, -0.179999, 51.9906349, 4.3767405
54075, -0.174998, 51.9906349, 4.3767405
54110, 0.922999, 51.9906349, 4.3767405
54145, -0.160001, 51.9906349, 4.3767405
54180, -0.183000, 51.9906349, 4.3767405
54215, 0.245000, 51.9906349, 4.3767405
54250, -0.159999, 51.9906349, 4.3767405
54285, -0.188000, 51.9906349, 4.3767409
54320, -0.208999, 51.9906349, 4.3767409
54355, -0.210001, 51.9906349, 4.3767409
54390, -0.192001, 51.9906349, 4.3767414
54425, 0.144000, 51.9906349, 4.3767414
54460, -0.207999, 51.9906349, 4.3767414
54495, -0.191999, 51.9906349, 4.3767419
54530, -0.220999, 51.9906349, 4.3767424
54565, -0.211999, 51.9906349, 4.3767424
54600, -0.210002, 51.9906349, 4.3767428
54635, -0.237001, 51.9906349, 4.3767433
54670, -0.256002, 51.9906349, 4.3767438
54705, -0.212999, 51.9906349, 4.3767438
54740, -0.573998, 51.9906349, 4.3767443
54775, -0.556000, 51.9906349, 4.3767447
54810, -0.462998, 51.9906349, 4.3767447
54845, -0.529000, 51.9906349, 4.3767457
54985, -0.716999, 51.9906349, 4.3767462
55335, -0.633998, 51.9906349, 4.3767476
55405, -0.696002, 51.9906349, 4.3767476
55510, -1.227002, 51.9906349, 4.3767476
55580, -1.346998, 51.9906349, 4.3767476
55615, -2.930002, 51.9906349, 4.3767476
55650, -0.583998, 51.9906349, 4.3767476
55685, -0.769998, 51.9906349, 4.3767476
55720, -0.601998, 51.9906349, 4.3767476
55790, -0.735998, 51.9906349, 4.3767476
55825, -0.839999, 51.9906349, 4.3767476
55895, -0.972998, 51.9906349, 4.3767476
55965, -0.755999, 51.9906349, 4.3767476
56000, -0.694998, 51.9906349, 4.3767476
56105, -0.701998, 51.9906349, 4.3767476
56140, -0.806998, 51.9906349, 4.3767476
56245, -0.838998, 51.9906349, 4.3767476
