-0.046002, 0.000000, 51.9906006, 4.3767824
-0.018001, -0.018001, 51.9906006, 4.3767819
1.360001, -0.035002, 51.9906006, 4.3767819
-0.035002, -0.019000, 51.9906006, 4.3767819
-0.037001, -0.019000, 51.9905968, 4.3767819
-0.019000, -0.023002, 51.9905968, 4.3767819
1.839001, -0.019000, 51.9905968, 4.3767824
-0.023002, -0.013999, 51.9905968, 4.3767824
1.541000, -0.010999, 51.9905968, 4.3767829
-0.013999, -0.013998, 51.9905968, 4.3767834
-0.010999, -0.013998, 51.9905968, 4.3767834
-0.013998, -0.013999, 51.9905968, 4.3767838
-0.031002, -0.013998, 51.9905968, 4.3767848
-0.025001, -0.017998, 51.9905968, 4.3767858
1.525998, -0.017998, 51.9905968, 4.3767862
-0.017998, -0.017998, 51.9905968, 4.3767867
-0.016999, -0.017998, 51.9905968, 4.3767877
-0.026999, -0.019999, 51.9906006, 4.3767881
-0.029000, -0.026999, 51.9906006, 4.3767891
-0.019999, -0.026999, 51.9906006, 4.3767896
-0.033999, -0.019999, 51.9906006, 4.3767910
-0.019001, -0.019001, 51.9906006, 4.3767920
1.850000, -0.019001, 51.9906006, 4.3767934
1.375002, 1.072000, 51.9906006, 4.3767939
-0.037001, 1.072000, 51.9906006, 4.3767953
1.072000, 1.072000, 51.9906044, 4.3767962
-0.037999, 1.072000, 51.9906044, 4.3767977
1.307001, 1.072000, 51.9906044, 4.3767986
1.867998, 1.307001, 51.9906044, 4.3767996
-0.026998, 1.307001, 51.9906044, 4.3768010
1.753001, -0.025000, 51.9906044, 4.3768020
-0.033000, -0.025000, 51.9906082, 4.3768034
-0.025000, -0.024998, 51.9906082, 4.3768044
-0.014998, -0.025000, 51.9906082, 4.3768063
-0.024998, -0.024998, 51.9906082, 4.3768077
-0.026001, -0.020001, 51.9906082, 4.3768086
1.877999, -0.024998, 51.9906120, 4.3768096
-0.020001, -0.026001, 51.9906120, 4.3768110
-0.032001, -0.020001, 51.9906120, 4.3768125
-0.033000, -0.032001, 51.9906120, 4.3768134
1.534999, -0.032001, 51.9906120, 4.3768148
-0.039000, -0.020001, 51.9906120, 4.3768158
-0.020001, -0.017998, 51.9906158, 4.3768172
0.867000, -0.020001, 51.9906158, 4.3768182
-0.017998, -0.020001, 51.9906158, 4.3768206
-0.027002, -0.027002, 51.9906158, 4.3768215
-0.032000, -0.027999, 51.9906158, 4.3768225
-0.027999, -0.027999, 51.9906158, 4.3768239
-0.029001, -0.027999, 51.9906158, 4.3768249
-0.026001, -0.026001, 51.9906158, 4.3768258
1.341001, -0.023001, 51.9906158, 4.3768272
1.803000, 0.431001, 51.9906158, 4.3768282
-0.023001, 0.431001, 51.9906158, 4.3768296
0.431001, -0.023001, 51.9906158, 4.3768311
-0.034001, -0.024998, 51.9906197, 4.3768325
-0.024998, -0.024999, 51.9906197, 4.3768330
-0.024999, -0.024999, 51.9906197, 4.3768344
-0.028999, -0.024998, 51.9906197, 4.3768358
1.276001, -0.021999, 51.9906197, 4.3768368
1.731001, -0.021999, 51.9906197, 4.3768377
-0.021999, -0.021999, 51.9906197, 4.3768382
-0.023001, -0.021999, 51.9906197, 4.3768396
-0.025000, -0.021999, 51.9906197, 4.3768406
-0.013998, -0.013998, 51.9906235, 4.3768411
-0.008000, -0.013998, 51.9906235, 4.3768420
-0.010001, -0.013998, 51.9906235, 4.3768430
-0.028001, -0.012000, 51.9906235, 4.3768439
-0.017999, -0.017999, 51.9906235, 4.3768449
-0.012000, -0.017999, 51.9906235, 4.3768458
-0.028001, -0.013999, 51.9906235, 4.3768458
-0.013999, -0.012000, 51.9906235, 4.3768463
-0.008001, -0.013999, 51.9906235, 4.3768473
1.867999, -0.013999, 51.9906235, 4.3768482
-0.029001, -0.022999, 51.9906235, 4.3768482
-0.034998, -0.022999, 51.9906235, 4.3768487
-0.022999, -0.022999, 51.9906273, 4.3768487
-0.021999, -0.022999, 51.9906273, 4.3768492
1.179001, -0.021999, 51.9906273, 4.3768497
-0.026000, -0.021999, 51.9906273, 4.3768497
-0.014998, -0.014998, 51.9906273, 4.3768497
-0.032001, -0.022001, 51.9906273, 4.3768501
0.887999, -0.022001, 51.9906273, 4.3768501
-0.022001, -0.022001, 51.9906273, 4.3768501
-0.033999, -0.022001, 51.9906273, 4.3768501
-0.012999, -0.022001, 51.9906273, 4.3768501
-0.044000, -0.012999, 51.9906273, 4.3768501
0.903999, -0.012999, 51.9906273, 4.3768497
0.813001, -0.036000, 51.9906273, 4.3768497
-0.036000, 0.813001, 51.9906273, 4.3768497
-0.038001, -0.029998, 51.9906273, 4.3768492
1.746998, -0.034000, 51.9906273, 4.3768492
-0.029998, -0.029998, 51.9906273, 4.3768487
-0.034000, 0.314000, 51.9906273, 4.3768487
0.314000, -0.029998, 51.9906273, 4.3768482
1.742999, 0.314000, 51.9906273, 4.3768482
-0.037001, 0.314000, 51.9906273, 4.3768482
1.761998, -0.031998, 51.9906273, 4.3768477
-0.031998, -0.037001, 51.9906273, 4.3768473
-0.053999, -0.044001, 51.9906273, 4.3768473
-0.048000, -0.044001, 51.9906273, 4.3768468
-0.044001, -0.044001, 51.9906273, 4.3768463
-0.036001, -0.036001, 51.9906273, 4.3768463
0.325998, 0.325998, 51.9906273, 4.3768458
1.429002, 0.325998, 51.9906273, 4.3768458
0.762001, 0.325998, 51.9906273, 4.3768458
-0.053000, 0.762001, 51.9906273, 4.3768454
-0.044999, -0.043000, 51.9906273, 4.3768449
1.060002, -0.043000, 51.9906273, 4.3768449
-0.043000, -0.043000, 51.9906273, 4.3768444
1.266001, 0.961999, 51.9906273, 4.3768439
-0.043998, 0.961999, 51.9906273, 4.3768439
0.961999, 0.961999, 51.9906273, 4.3768435
1.576002, -0.030998, 51.9906273, 4.3768430
-0.030998, 0.898000, 51.9906273, 4.3768430
-0.037999, 0.898000, 51.9906273, 4.3768430
0.898000, -0.028001, 51.9906273, 4.3768425
1.780000, 0.898000, 51.9906273, 4.3768415
-0.028001, 0.898000, 51.9906273, 4.3768411
0.945999, -0.028001, 51.9906273, 4.3768406
-0.056998, -0.033999, 51.9906273, 4.3768401
-0.045999, -0.039999, 51.9906235, 4.3768396
-0.033999, -0.039999, 51.9906235, 4.3768387
-0.039999, -0.033999, 51.9906235, 4.3768382
-0.033999, -0.033999, 51.9906235, 4.3768368
-0.021999, -0.033999, 51.9906235, 4.3768358
-0.029000, -0.032000, 51.9906235, 4.3768358
-0.036000, -0.032000, 51.9906235, 4.3768344
-0.032000, -0.032000, 51.9906235, 4.3768334
-0.032000, -0.036000, 51.9906235, 4.3768325
-0.040000, -0.034001, 51.9906235, 4.3768315
-0.049000, -0.034001, 51.9906197, 4.3768306
-0.034001, -0.040000, 51.9906197, 4.3768291
-0.026001, -0.034001, 51.9906197, 4.3768282
-0.060998, -0.034001, 51.9906197, 4.3768272
1.040001, -0.060998, 51.9906197, 4.3768258
-0.062999, -0.060998, 51.9906197, 4.3768253
-0.064000, -0.042000, 51.9906197, 4.3768239
-0.042000, -0.042000, 51.9906197, 4.3768234
1.761000, -0.042000, 51.9906158, 4.3768220
1.325999, -0.042000, 51.9906158, 4.3768206
-0.056001, -0.042001, 51.9906158, 4.3768191
-0.047001, -0.042001, 51.9906158, 4.3768182
-0.042001, -0.042001, 51.9906158, 4.3768172
1.615999, -0.042001, 51.9906158, 4.3768158
-0.042001, -0.042001, 51.9906158, 4.3768153
0.409999, -0.040998, 51.9906158, 4.3768134
-0.057998, -0.040998, 51.9906158, 4.3768129
-0.040998, 0.409999, 51.9906158, 4.3768115
1.516001, -0.030000, 51.9906158, 4.3768101
1.072001, 1.072001, 51.9906158, 4.3768096
-0.030000, 1.072001, 51.9906158, 4.3768082
1.150998, 1.072001, 51.9906158, 4.3768067
0.869001, 0.869001, 51.9906120, 4.3768058
1.603999, 1.150998, 51.9906120, 4.3768048
-0.046999, 0.869001, 51.9906120, 4.3768039
1.383000, -0.040002, 51.9906120, 4.3768024
-0.040002, -0.040002, 51.9906120, 4.3768015
-0.041998, -0.034999, 51.9906120, 4.3768005
-0.034999, -0.034999, 51.9906120, 4.3767991
0.090001, 0.090001, 51.9906120, 4.3767982
1.009001, 0.852001, 51.9906120, 4.3767967
1.772002, 1.009001, 51.9906082, 4.3767962
0.852001, 1.551000, 51.9906082, 4.3767953
1.833001, 1.551000, 51.9906082, 4.3767939
1.551000, 1.551000, 51.9906082, 4.3767934
-0.045001, 1.551000, 51.9906082, 4.3767929
1.810001, 1.095001, 51.9906082, 4.3767910
-0.040001, -0.040001, 51.9906082, 4.3767905
1.095001, 1.095001, 51.9906082, 4.3767896
-0.043001, 1.095001, 51.9906082, 4.3767886
1.110000, 1.095001, 51.9906044, 4.3767881
1.832998, 0.989001, 51.9906044, 4.3767872
0.989001, 1.110000, 51.9906044, 4.3767862
0.979000, 1.009999, 51.9906044, 4.3767853
1.421999, 0.989001, 51.9906044, 4.3767848
1.009999, 1.009999, 51.9906044, 4.3767834
0.987998, 1.291001, 51.9906044, 4.3767834
1.291001, 1.291001, 51.9906044, 4.3767824
1.852000, 1.852000, 51.9906044, 4.3767819
1.866000, 1.852000, 51.9906044, 4.3767810
1.865000, 1.855000, 51.9906044, 4.3767805
1.847000, 1.860000, 51.9906044, 4.3767800
1.855000, 1.860000, 51.9906044, 4.3767796
1.860000, 1.859998, 51.9906044, 4.3767791
1.860002, 1.859998, 51.9906044, 4.3767786
1.859998, 1.859998, 51.9906006, 4.3767781
1.854999, 1.854999, 51.9906006, 4.3767776
1.847000, 1.854999, 51.9906006, 4.3767776
1.853998, 1.854999, 51.9906006, 4.3767772
1.859001, 1.857998, 51.9906006, 4.3767767
1.857998, 1.859001, 51.9906006, 4.3767762
1.867000, 1.867000, 51.9906006, 4.3767762
1.871001, 1.867000, 51.9906006, 4.3767762
1.870999, 1.867000, 51.9906006, 4.3767757
1.862000, 1.870999, 51.9906006, 4.3767753
1.865001, 1.865001, 51.9906006, 4.3767753
1.871002, 1.865001, 51.9906006, 4.3767753
1.175999, 1.865001, 51.9906006, 4.3767748
1.868000, 1.853002, 51.9906006, 4.3767748
1.853002, 1.847001, 51.9906006, 4.3767743
1.846000, 1.847001, 51.9906044, 4.3767743
1.847001, 1.846000, 51.9906044, 4.3767743
1.501999, 1.502000, 51.9906044, 4.3767743
1.502000, 1.501999, 51.9906044, 4.3767743
1.492002, 1.492002, 51.9906044, 4.3767743
1.484999, 1.492002, 51.9906044, 4.3767743
1.491000, 1.491000, 51.9906044, 4.3767743
1.787001, 1.484999, 51.9906044, 4.3767743
1.392001, 1.491000, 51.9906044, 4.3767748
1.201002, 1.787001, 51.9906044, 4.3767748
1.791002, 1.748999, 51.9906044, 4.3767748
1.791999, 1.790999, 51.9906044, 4.3767748
1.748999, 1.791002, 51.9906044, 4.3767753
1.790999, 1.790999, 51.9906044, 4.3767753
1.800999, 1.772999, 51.9906044, 4.3767753
1.386999, 1.790999, 51.9906044, 4.3767757
1.772999, 1.772999, 51.9906044, 4.3767762
1.793998, 1.707002, 51.9906044, 4.3767762
1.370002, 1.707002, 51.9906044, 4.3767767
1.707002, 1.370002, 51.9906044, 4.3767772
0.964001, 1.309999, 51.9906082, 4.3767781
0.959000, 1.088998, 51.9906082, 4.3767786
1.309999, 0.964001, 51.9906082, 4.3767791
1.088998, 0.959000, 51.9906082, 4.3767800
0.919001, 1.088998, 51.9906082, 4.3767810
0.904000, 0.919001, 51.9906082, 4.3767815
1.803002, 0.904000, 51.9906082, 4.3767824
0.877000, 0.877000, 51.9906082, 4.3767834
0.111002, 0.111002, 51.9906082, 4.3767843
-0.057001, -0.034998, 51.9906120, 4.3767858
-0.034998, -0.049000, 51.9906120, 4.3767862
-0.050001, -0.049000, 51.9906120, 4.3767881
-0.049000, -0.049000, 51.9906120, 4.3767886
1.182998, -0.050001, 51.9906120, 4.3767900
-0.052999, -0.052999, 51.9906120, 4.3767910
-0.054002, -0.052999, 51.9906120, 4.3767920
-0.064000, -0.052999, 51.9906120, 4.3767934
1.077002, -0.044001, 51.9906158, 4.3767943
-0.044001, -0.039998, 51.9906158, 4.3767958
1.604000, -0.028001, 51.9906158, 4.3767977
-0.039998, -0.039998, 51.9906158, 4.3767986
-0.028001, -0.028001, 51.9906158, 4.3767996
-0.047999, -0.039998, 51.9906158, 4.3768005
0.080001, -0.047001, 51.9906158, 4.3768024
-0.056002, -0.047999, 51.9906158, 4.3768034
-0.047001, -0.051001, 51.9906158, 4.3768048
-0.059002, -0.051001, 51.9906158, 4.3768058
-0.051001, -0.047001, 51.9906158, 4.3768077
1.951001, 1.483000, 51.9906158, 4.3768086
1.483000, 1.951001, 51.9906158, 4.3768086
1.955001, 1.951001, 51.9906158, 4.3768106
1.963002, 1.955001, 51.9906197, 4.3768120
-0.053000, 1.958000, 51.9906197, 4.3768129
1.973002, 1.958000, 51.9906197, 4.3768139
1.958000, 1.890000, 51.9906197, 4.3768153
1.370002, 1.890000, 51.9906197, 4.3768158
1.890000, 1.370002, 51.9906197, 4.3768172
-0.043998, -0.036998, 51.9906197, 4.3768182
-0.044000, -0.040000, 51.9906197, 4.3768191
-0.036998, -0.040000, 51.9906197, 4.3768201
-0.040000, -0.036998, 51.9906235, 4.3768215
0.662002, -0.036998, 51.9906235, 4.3768225
-0.031000, -0.035998, 51.9906235, 4.3768234
-0.050001, -0.035998, 51.9906235, 4.3768249
-0.035998, -0.035998, 51.9906235, 4.3768258
-0.053999, -0.037999, 51.9906235, 4.3768263
-0.035000, -0.035998, 51.9906235, 4.3768277
-0.037999, -0.037999, 51.9906235, 4.3768282
-0.030999, -0.037999, 51.9906235, 4.3768287
-0.049000, -0.037999, 51.9906235, 4.3768301
-0.053999, -0.030999, 51.9906273, 4.3768311
-0.022999, -0.048998, 51.9906273, 4.3768320
0.279002, -0.032001, 51.9906273, 4.3768325
-0.048998, -0.029999, 51.9906273, 4.3768330
-0.032001, -0.029999, 51.9906273, 4.3768334
-0.029999, -0.029999, 51.9906273, 4.3768344
0.329002, 0.329002, 51.9906273, 4.3768353
1.060999, 0.329002, 51.9906273, 4.3768358
1.335002, 0.329002, 51.9906273, 4.3768368
-0.043000, -0.030001, 51.9906273, 4.3768368
-0.031999, -0.031999, 51.9906273, 4.3768377
-0.030001, -0.031999, 51.9906273, 4.3768382
-0.036999, -0.031999, 51.9906273, 4.3768382
0.424999, -0.030001, 51.9906273, 4.3768387
-0.044000, -0.036999, 51.9906311, 4.3768387
-0.003999, -0.028000, 51.9906311, 4.3768392
-0.043001, -0.028000, 51.9906311, 4.3768392
-0.028000, -0.028000, 51.9906311, 4.3768392
-0.025998, -0.028000, 51.9906311, 4.3768392
-0.053000, -0.025998, 51.9906311, 4.3768392
-0.024001, -0.024001, 51.9906311, 4.3768392
1.174001, 1.174001, 51.9906311, 4.3768387
1.917000, 1.741000, 51.9906273, 4.3768382
1.779999, 1.741000, 51.9906273, 4.3768377
1.741000, 1.741000, 51.9906273, 4.3768368
-0.033001, 1.222998, 51.9906273, 4.3768358
1.222998, 1.070001, 51.9906273, 4.3768353
1.070001, -0.033001, 51.9906273, 4.3768349
-0.044000, -0.044000, 51.9906273, 4.3768334
-0.046000, -0.044000, 51.9906273, 4.3768330
-0.047001, -0.045001, 51.9906273, 4.3768320
-0.041001, -0.045001, 51.9906273, 4.3768306
-0.045001, -0.041999, 51.9906273, 4.3768296
0.335002, -0.041999, 51.9906235, 4.3768282
-0.041999, -0.042001, 51.9906235, 4.3768268
-0.042001, -0.042001, 51.9906235, 4.3768258
-0.051999, -0.046002, 51.9906235, 4.3768244
-0.046002, -0.046002, 51.9906235, 4.3768234
-0.057000, -0.046002, 51.9906235, 4.3768215
0.335001, -0.039999, 51.9906235, 4.3768206
-0.039999, -0.039999, 51.9906235, 4.3768191
1.177002, 0.230002, 51.9906197, 4.3768177
-0.056998, 0.230002, 51.9906197, 4.3768167
0.230002, 1.177002, 51.9906197, 4.3768153
1.269001, 0.230002, 51.9906197, 4.3768139
1.795001, 1.269001, 51.9906197, 4.3768129
-0.060998, 1.269001, 51.9906197, 4.3768110
1.457000, 1.454999, 51.9906158, 4.3768096
0.920001, 0.920001, 51.9906158, 4.3768082
1.454999, 0.920001, 51.9906158, 4.3768067
0.794000, 0.920001, 51.9906158, 4.3768058
0.783998, 1.182000, 51.9906158, 4.3768044
1.182000, 0.794000, 51.9906158, 4.3768034
1.765002, 1.182000, 51.9906158, 4.3768015
-0.050000, 1.182000, 51.9906158, 4.3768010
1.518998, 0.437001, 51.9906158, 4.3767991
0.437001, -0.038999, 51.9906158, 4.3767986
-0.046002, 0.437001, 51.9906158, 4.3767967
-0.038999, 0.437001, 51.9906158, 4.3767953
0.553000, 0.553000, 51.9906158, 4.3767943
1.209999, 0.553000, 51.9906158, 4.3767934
0.853002, 0.553000, 51.9906158, 4.3767920
-0.048000, -0.047999, 51.9906158, 4.3767910
-0.048001, -0.047999, 51.9906120, 4.3767896
-0.047999, -0.047999, 51.9906120, 4.3767886
1.286001, 1.202999, 51.9906120, 4.3767881
1.669000, 1.202999, 51.9906120, 4.3767862
1.202999, 1.202999, 51.9906120, 4.3767858
0.724999, 0.803999, 51.9906120, 4.3767848
-0.037001, 0.724999, 51.9906120, 4.3767834
0.803999, -0.034000, 51.9906120, 4.3767829
-0.034000, -0.034000, 51.9906120, 4.3767815
-0.056999, 0.803999, 51.9906120, 4.3767810
1.695999, 0.999998, 51.9906120, 4.3767800
1.237000, 1.205000, 51.9906082, 4.3767791
0.999998, 1.205000, 51.9906082, 4.3767786
1.205000, 1.205000, 51.9906082, 4.3767776
0.148001, 0.999998, 51.9906082, 4.3767772
1.836000, 0.157998, 51.9906082, 4.3767762
0.144999, 0.157998, 51.9906082, 4.3767757
0.157998, 0.174000, 51.9906082, 4.3767748
0.174000, 0.174000, 51.9906082, 4.3767743
0.952998, 0.196001, 51.9906082, 4.3767738
0.951999, 0.951999, 51.9906082, 4.3767738
0.196001, 0.952998, 51.9906082, 4.3767729
1.078998, 1.078998, 51.9906082, 4.3767724
1.702999, 1.078998, 51.9906082, 4.3767719
1.225002, 1.225002, 51.9906082, 4.3767715
-0.020001, 1.225002, 51.9906082, 4.3767710
1.488000, -0.020001, 51.9906082, 4.3767710
-0.027000, -0.020001, 51.9906082, 4.3767705
-0.034999, -0.027000, 51.9906082, 4.3767705
0.974001, -0.027000, 51.9906082, 4.3767700
-0.029999, -0.004999, 51.9906082, 4.3767695
-0.004999, -0.004999, 51.9906082, 4.3767695
1.072001, -0.029999, 51.9906082, 4.3767686
-0.034999, -0.034999, 51.9906082, 4.3767686
-0.040999, -0.034999, 51.9906082, 4.3767686
-0.053999, -0.034999, 51.9906082, 4.3767686
-0.034999, -0.040999, 51.9906082, 4.3767686
1.707001, -0.036998, 51.9906082, 4.3767686
-0.041998, -0.034999, 51.9906082, 4.3767686
-0.036998, -0.019998, 51.9906082, 4.3767681
-0.019998, -0.019998, 51.9906082, 4.3767681
0.873001, -0.016999, 51.9906082, 4.3767681
-0.016999, -0.016999, 51.9906082, 4.3767681
0.846000, -0.016999, 51.9906082, 4.3767681
-0.033000, -0.019001, 51.9906082, 4.3767681
-0.019001, -0.029002, 51.9906082, 4.3767681
-0.029002, -0.029002, 51.9906082, 4.3767681
-0.033998, -0.029002, 51.9906082, 4.3767681
-0.022998, -0.029002, 51.9906082, 4.3767681
-0.033999, -0.022999, 51.9906082, 4.3767686
0.176001, -0.022999, 51.9906082, 4.3767686
-0.022999, -0.030999, 51.9906082, 4.3767686
-0.030999, -0.026002, 51.9906082, 4.3767686
-0.041998, -0.026002, 51.9906120, 4.3767686
-0.026002, -0.030999, 51.9906120, 4.3767686
1.566999, -0.036000, 51.9906120, 4.3767686
-0.036000, -0.026002, 51.9906120, 4.3767691
-0.039000, 0.935000, 51.9906120, 4.3767695
1.370000, 0.935000, 51.9906120, 4.3767695
0.935000, 1.246000, 51.9906120, 4.3767705
1.574001, 1.246000, 51.9906120, 4.3767710
1.246000, 0.935000, 51.9906120, 4.3767715
-0.048000, 0.693000, 51.9906120, 4.3767724
0.693000, 0.693000, 51.9906120, 4.3767729
-0.036001, -0.036001, 51.9906120, 4.3767738
0.947999, -0.036001, 51.9906120, 4.3767748
-0.046002, -0.036001, 51.9906158, 4.3767757
-0.053998, -0.046002, 51.9906158, 4.3767762
1.440001, -0.053998, 51.9906158, 4.3767776
-0.055000, -0.053999, 51.9906158, 4.3767786
-0.064998, -0.053999, 51.9906158, 4.3767800
-0.053999, -0.055000, 51.9906158, 4.3767810
1.024999, -0.053999, 51.9906158, 4.3767824
-0.065998, -0.053999, 51.9906158, 4.3767834
0.489000, -0.057002, 51.9906158, 4.3767843
-0.058001, -0.057002, 51.9906158, 4.3767858
-0.057002, -0.045999, 51.9906158, 4.3767867
1.522002, -0.045999, 51.9906158, 4.3767881
-0.045999, -0.044999, 51.9906158, 4.3767891
-0.044999, -0.042000, 51.9906158, 4.3767905
-0.042000, -0.044999, 51.9906158, 4.3767915
-0.040001, -0.044999, 51.9906158, 4.3767934
-0.053001, -0.053001, 51.9906197, 4.3767943
-0.066002, -0.057998, 51.9906197, 4.3767958
-0.057998, -0.057998, 51.9906197, 4.3767967
-0.062000, -0.057998, 51.9906197, 4.3767982
-0.040001, -0.056998, 51.9906197, 4.3767991
-0.056998, -0.056998, 51.9906197, 4.3768005
-0.053000, -0.056998, 51.9906197, 4.3768015
-0.061002, -0.056998, 51.9906235, 4.3768024
-0.063000, -0.056998, 51.9906235, 4.3768039
-0.056998, -0.056998, 51.9906235, 4.3768048
-0.050001, -0.053001, 51.9906235, 4.3768058
1.774001, -0.050001, 51.9906235, 4.3768072
-0.053001, -0.050001, 51.9906235, 4.3768082
0.099999, -0.043998, 51.9906235, 4.3768096
-0.061000, -0.053001, 51.9906235, 4.3768110
-0.043998, -0.056999, 51.9906235, 4.3768120
-0.060000, -0.060000, 51.9906273, 4.3768134
-0.056999, -0.057999, 51.9906273, 4.3768139
-0.060001, -0.057999, 51.9906273, 4.3768153
-0.057999, -0.056999, 51.9906273, 4.3768158
1.878999, -0.055999, 51.9906273, 4.3768172
-0.055999, -0.055999, 51.9906273, 4.3768182
0.577000, -0.055000, 51.9906273, 4.3768191
-0.056999, -0.055000, 51.9906273, 4.3768206
-0.055000, 0.487999, 51.9906273, 4.3768215
1.158000, -0.055000, 51.9906311, 4.3768225
0.487999, -0.045001, 51.9906311, 4.3768234
-0.062001, 0.487999, 51.9906311, 4.3768244
-0.045001, -0.045001, 51.9906311, 4.3768253
1.506999, -0.062000, 51.9906311, 4.3768258
-0.062001, -0.057000, 51.9906311, 4.3768268
-0.062000, -0.057000, 51.9906311, 4.3768277
-0.057000, -0.057000, 51.9906311, 4.3768282
0.580000, -0.040002, 51.9906311, 4.3768287
1.902001, -0.040002, 51.9906311, 4.3768296
-0.040002, -0.040002, 51.9906311, 4.3768306
-0.066998, -0.049000, 51.9906311, 4.3768311
-0.061999, -0.049000, 51.9906311, 4.3768320
-0.049000, -0.049000, 51.9906349, 4.3768325
-0.049000, -0.049000, 51.9906349, 4.3768330
-0.048001, -0.049000, 51.9906349, 4.3768334
-0.062001, -0.048001, 51.9906349, 4.3768334
-0.044001, -0.048001, 51.9906349, 4.3768344
0.576999, -0.044001, 51.9906349, 4.3768344
-0.051001, -0.044001, 51.9906349, 4.3768349
1.612999, -0.051001, 51.9906349, 4.3768349
-0.059001, -0.051001, 51.9906349, 4.3768353
-0.051001, -0.051001, 51.9906349, 4.3768353
-0.061000, -0.059001, 51.9906349, 4.3768353
0.542999, -0.061000, 51.9906349, 4.3768358
-0.071001, -0.062000, 51.9906349, 4.3768358
-0.062000, -0.064001, 51.9906349, 4.3768358
-0.064001, -0.069000, 51.9906349, 4.3768358
-0.069000, -0.064001, 51.9906349, 4.3768358
-0.070001, -0.068998, 51.9906349, 4.3768358
-0.046001, -0.068998, 51.9906349, 4.3768358
-0.068998, -0.068998, 51.9906349, 4.3768353
1.228000, -0.056998, 51.9906349, 4.3768353
-0.076000, -0.068998, 51.9906349, 4.3768353
-0.056998, -0.056998, 51.9906349, 4.3768353
-0.081000, -0.070999, 51.9906349, 4.3768353
1.540999, -0.062001, 51.9906349, 4.3768353
-0.070999, -0.070999, 51.9906349, 4.3768349
-0.062001, -0.062001, 51.9906349, 4.3768349
-0.071999, -0.062001, 51.9906349, 4.3768344
-0.058001, -0.060001, 51.9906349, 4.3768344
-0.060001, -0.058001, 51.9906349, 4.3768344
-0.050001, -0.050001, 51.9906349, 4.3768344
1.565999, 1.080000, 51.9906349, 4.3768344
1.080000, 1.123999, 51.9906349, 4.3768344
1.761001, 1.123999, 51.9906349, 4.3768339
1.123999, 1.123999, 51.9906349, 4.3768339
-0.061000, 1.277001, 51.9906349, 4.3768334
1.277001, 1.123999, 51.9906349, 4.3768334
1.760002, 0.011998, 51.9906349, 4.3768334
0.011998, 0.011998, 51.9906349, 4.3768330
-0.065002, 0.011998, 51.9906349, 4.3768330
-0.053002, -0.053002, 51.9906349, 4.3768330
1.615002, -0.053002, 51.9906349, 4.3768330
-0.061999, -0.053002, 51.9906349, 4.3768330
1.468001, 1.388999, 51.9906349, 4.3768325
-0.057000, -0.057000, 51.9906349, 4.3768320
1.388999, -0.057000, 51.9906349, 4.3768315
-0.068001, -0.057000, 51.9906349, 4.3768311
-0.071999, 1.251999, 51.9906349, 4.3768306
1.384000, 1.251999, 51.9906349, 4.3768301
1.251999, 1.251999, 51.9906349, 4.3768296
1.456999, 1.251999, 51.9906349, 4.3768287
-0.057999, 1.033000, 51.9906349, 4.3768282
-0.075999, 0.940999, 51.9906349, 4.3768272
1.033000, 0.940999, 51.9906349, 4.3768263
0.940999, 0.940999, 51.9906349, 4.3768258
1.478001, 0.940999, 51.9906349, 4.3768244
-0.071001, -0.063999, 51.9906349, 4.3768234
-0.063999, -0.063999, 51.9906311, 4.3768229
-0.068001, -0.063999, 51.9906311, 4.3768210
1.507000, 0.667001, 51.9906311, 4.3768201
1.313999, 1.313999, 51.9906311, 4.3768191
0.667001, 1.313999, 51.9906311, 4.3768182
1.507000, 0.667001, 51.9906311, 4.3768167
-0.069998, -0.050000, 51.9906311, 4.3768158
-0.070999, -0.050000, 51.9906311, 4.3768148
-0.050000, -0.062999, 51.9906273, 4.3768134
0.080002, -0.050000, 51.9906273, 4.3768125
-0.062999, -0.048999, 51.9906273, 4.3768110
0.270000, -0.048999, 51.9906273, 4.3768101
-0.048999, -0.061001, 51.9906273, 4.3768086
-0.064002, -0.048999, 51.9906273, 4.3768077
-0.061001, -0.048999, 51.9906273, 4.3768063
1.710000, -0.050002, 51.9906235, 4.3768053
1.292999, 1.292999, 51.9906235, 4.3768034
-0.050002, 1.292999, 51.9906235, 4.3768024
1.788998, 0.716001, 51.9906235, 4.3768010
-0.066998, -0.042000, 51.9906235, 4.3768001
0.716001, 0.716001, 51.9906235, 4.3767986
-0.042000, 0.716001, 51.9906235, 4.3767977
1.220000, 1.017001, 51.9906235, 4.3767967
1.796999, 1.220000, 51.9906197, 4.3767958
1.017001, 1.220000, 51.9906197, 4.3767943
1.757001, 1.017001, 51.9906197, 4.3767924
0.083000, 0.083000, 51.9906197, 4.3767915
-0.043998, -0.043998, 51.9906197, 4.3767905
-0.044998, -0.043998, 51.9906197, 4.3767891
-0.051998, -0.043998, 51.9906197, 4.3767881
1.796998, -0.037999, 51.9906158, 4.3767872
-0.033000, -0.033000, 51.9906158, 4.3767862
-0.037999, 0.257000, 51.9906158, 4.3767853
0.257000, 0.257000, 51.9906158, 4.3767838
1.939998, 0.257000, 51.9906158, 4.3767834
1.474001, 0.725999, 51.9906158, 4.3767819
-0.037001, 0.725999, 51.9906158, 4.3767810
0.725999, -0.037001, 51.9906158, 4.3767796
-0.049998, -0.037001, 51.9906158, 4.3767786
-0.039000, -0.029998, 51.9906158, 4.3767776
-0.029998, -0.029998, 51.9906158, 4.3767767
1.799000, -0.028999, 51.9906158, 4.3767762
-0.017001, -0.017001, 51.9906158, 4.3767753
-0.028999, -0.017001, 51.9906158, 4.3767748
1.482001, -0.017001, 51.9906158, 4.3767738
-0.020998, 0.791000, 51.9906158, 4.3767738
1.619998, 1.482001, 51.9906158, 4.3767729
0.791000, 1.614002, 51.9906158, 4.3767719
1.614002, 1.614002, 51.9906158, 4.3767715
2.001999, 0.791000, 51.9906158, 4.3767710
-0.054000, 1.614002, 51.9906158, 4.3767705
-0.029002, 1.303000, 51.9906158, 4.3767700
1.644999, 1.303000, 51.9906120, 4.3767695
1.303000, 1.303000, 51.9906120, 4.3767691
1.849000, 1.303000, 51.9906120, 4.3767686
-0.035000, -0.012998, 51.9906120, 4.3767686
-0.016999, -0.012998, 51.9906120, 4.3767681
-0.012998, -0.012998, 51.9906120, 4.3767676
1.982999, 1.642001, 51.9906120, 4.3767672
1.732999, 1.642001, 51.9906120, 4.3767672
1.642001, 1.642001, 51.9906120, 4.3767667
-0.034002, -0.029002, 51.9906120, 4.3767667
-0.035000, -0.029002, 51.9906120, 4.3767662
-0.029002, -0.029002, 51.9906120, 4.3767662
-0.026002, -0.029002, 51.9906120, 4.3767662
1.195001, -0.026002, 51.9906120, 4.3767662
-0.032999, -0.023000, 51.9906120, 4.3767662
-0.023000, -0.023000, 51.9906120, 4.3767662
1.837999, -0.032999, 51.9906120, 4.3767662
-0.037001, -0.023000, 51.9906120, 4.3767662
-0.053001, 1.213002, 51.9906120, 4.3767662
1.213002, -0.037001, 51.9906158, 4.3767662
1.886000, -0.042000, 51.9906158, 4.3767662
-0.043000, -0.030000, 51.9906158, 4.3767662
-0.042000, -0.042000, 51.9906158, 4.3767662
-0.030000, -0.043000, 51.9906158, 4.3767662
-0.064000, -0.042000, 51.9906158, 4.3767662
-0.050999, -0.032999, 51.9906158, 4.3767662
0.992001, -0.032999, 51.9906158, 4.3767662
-0.032999, -0.032999, 51.9906158, 4.3767662
1.552000, -0.026001, 51.9906158, 4.3767662
-0.036000, -0.032999, 51.9906158, 4.3767662
-0.026001, -0.026001, 51.9906158, 4.3767667
-0.034001, -0.026001, 51.9906158, 4.3767672
1.304001, -0.026001, 51.9906158, 4.3767676
0.693999, -0.034001, 51.9906158, 4.3767681
-0.058999, -0.043000, 51.9906158, 4.3767686
-0.049001, -0.049001, 51.9906158, 4.3767691
-0.043000, -0.049001, 51.9906158, 4.3767695
-0.051999, -0.049001, 51.9906158, 4.3767705
0.859999, -0.051999, 51.9906158, 4.3767710
-0.059000, -0.059000, 51.9906158, 4.3767719
-0.063999, -0.059000, 51.9906158, 4.3767734
-0.067998, -0.063999, 51.9906158, 4.3767743
0.920999, -0.064002, 51.9906158, 4.3767753
-0.064002, -0.064002, 51.9906158, 4.3767762
-0.064002, -0.064002, 51.9906158, 4.3767767
-0.065998, -0.064002, 51.9906197, 4.3767786
1.814002, -0.064002, 51.9906197, 4.3767791
-0.055999, -0.065998, 51.9906197, 4.3767805
-0.070000, -0.055999, 51.9906197, 4.3767815
-0.068001, -0.065000, 51.9906197, 4.3767829
-0.054999, -0.065000, 51.9906197, 4.3767838
-0.065000, -0.055001, 51.9906235, 4.3767853
1.483001, -0.054999, 51.9906235, 4.3767862
-0.055001, -0.055001, 51.9906235, 4.3767881
-0.052000, -0.055001, 51.9906235, 4.3767896
-0.057999, -0.055001, 51.9906235, 4.3767910
-0.066001, -0.057002, 51.9906235, 4.3767920
0.037001, -0.057999, 51.9906235, 4.3767934
-0.057002, -0.058000, 51.9906273, 4.3767943
-0.058000, -0.057002, 51.9906273, 4.3767958
-0.066001, -0.058000, 51.9906273, 4.3767967
-0.049999, -0.059999, 51.9906273, 4.3767986
-0.062002, -0.059999, 51.9906273, 4.3767996
-0.059999, -0.059999, 51.9906273, 4.3768010
-0.055999, -0.060998, 51.9906273, 4.3768020
-0.060998, -0.059999, 51.9906311, 4.3768039
-0.073002, -0.058001, 51.9906311, 4.3768053
-0.058001, -0.058001, 51.9906311, 4.3768063
0.718999, -0.054000, 51.9906311, 4.3768077
1.185000, -0.054000, 51.9906311, 4.3768086
-0.054000, -0.054000, 51.9906311, 4.3768101
-0.062999, -0.060998, 51.9906311, 4.3768110
-0.060998, -0.060998, 51.9906349, 4.3768129
-0.061001, -0.060998, 51.9906349, 4.3768134
0.869999, -0.050998, 51.9906349, 4.3768153
1.631000, -0.050998, 51.9906349, 4.3768163
-0.050998, -0.050998, 51.9906349, 4.3768177
-0.054000, -0.054000, 51.9906349, 4.3768182
-0.054999, -0.054000, 51.9906349, 4.3768196
-0.057002, -0.054000, 51.9906349, 4.3768206
1.421000, -0.054999, 51.9906349, 4.3768215
-0.048999, -0.057002, 51.9906349, 4.3768225
-0.062001, -0.048999, 51.9906349, 4.3768234
-0.064999, -0.058999, 51.9906349, 4.3768244
-0.047002, -0.062001, 51.9906349, 4.3768258
-0.058999, -0.063999, 51.9906349, 4.3768268
-0.065001, -0.058999, 51.9906349, 4.3768277
-0.063999, -0.058999, 51.9906349, 4.3768282
1.076000, -0.050001, 51.9906349, 4.3768291
-0.050001, -0.050001, 51.9906349, 4.3768301
1.608999, 1.037998, 51.9906387, 4.3768306
-0.054001, -0.047998, 51.9906387, 4.3768311
1.037998, -0.040999, 51.9906387, 4.3768320
-0.047998, -0.040999, 51.9906387, 4.3768320
-0.040999, -0.038000, 51.9906387, 4.3768320
1.420000, -0.040999, 51.9906387, 4.3768320
-0.038000, -0.038000, 51.9906387, 4.3768320
-0.053000, 0.155999, 51.9906387, 4.3768320
0.939999, -0.038000, 51.9906387, 4.3768315
0.155999, 0.155999, 51.9906387, 4.3768306
-0.045001, 0.371999, 51.9906387, 4.3768306
1.019999, 0.155999, 51.9906387, 4.3768296
0.371999, -0.037001, 51.9906349, 4.3768291
-0.037001, -0.037001, 51.9906349, 4.3768287
-0.045999, -0.045999, 51.9906349, 4.3768268
-0.049002, -0.045999, 51.9906349, 4.3768258
-0.060000, -0.045999, 51.9906349, 4.3768249
0.994002, -0.049002, 51.9906349, 4.3768234
1.916999, 0.591001, 51.9906349, 4.3768225
-0.050001, 0.994002, 51.9906349, 4.3768210
0.591001, 0.907002, 51.9906349, 4.3768196
1.738001, 0.907002, 51.9906349, 4.3768182
0.907002, 0.907002, 51.9906349, 4.3768167
1.676998, 1.585001, 51.9906349, 4.3768148
-0.038001, 0.907002, 51.9906349, 4.3768134
1.585001, 0.027998, 51.9906349, 4.3768120
0.027998, -0.038001, 51.9906349, 4.3768106
-0.041000, -0.041000, 51.9906311, 4.3768086
-0.042998, -0.041000, 51.9906311, 4.3768077
-0.048000, -0.041000, 51.9906311, 4.3768058
1.564002, 0.810999, 51.9906311, 4.3768039
0.810999, 1.069001, 51.9906311, 4.3768029
1.069001, 1.069001, 51.9906311, 4.3768005
1.633002, 0.916999, 51.9906273, 4.3767986
0.916999, 0.916999, 51.9906273, 4.3767972
-0.045999, 0.341999, 51.9906273, 4.3767958
-0.023998, 0.341999, 51.9906273, 4.3767939
0.341999, 0.341999, 51.9906273, 4.3767929
0.956001, 0.956001, 51.9906273, 4.3767910
1.363999, 0.956001, 51.9906235, 4.3767896
1.830000, 0.956001, 51.9906235, 4.3767886
-0.042999, 1.363999, 51.9906235, 4.3767867
0.602999, 1.524999, 51.9906235, 4.3767848
1.524999, 0.602999, 51.9906235, 4.3767838
1.909000, 0.602999, 51.9906235, 4.3767824
-0.070998, -0.049999, 51.9906235, 4.3767810
-0.060000, -0.060000, 51.9906197, 4.3767796
-0.049999, -0.061001, 51.9906197, 4.3767786
-0.061001, -0.060000, 51.9906197, 4.3767767
-0.062000, -0.059001, 51.9906197, 4.3767762
-0.059001, -0.059001, 51.9906197, 4.3767738
-0.051000, -0.052002, 51.9906197, 4.3767738
-0.052002, -0.052001, 51.9906197, 4.3767719
0.416000, -0.051000, 51.9906197, 4.3767710
-0.052001, 0.416000, 51.9906197, 4.3767700
1.891998, 0.595999, 51.9906158, 4.3767686
0.886001, 0.595999, 51.9906158, 4.3767681
0.595999, 0.886001, 51.9906158, 4.3767672
-0.036999, 0.595999, 51.9906158, 4.3767662
1.328999, -0.036999, 51.9906158, 4.3767657
-0.056998, -0.036999, 51.9906158, 4.3767648
-0.040001, -0.040001, 51.9906158, 4.3767643
1.588001, -0.040001, 51.9906158, 4.3767633
-0.051002, 0.722000, 51.9906158, 4.3767629
1.045000, 0.722000, 51.9906158, 4.3767624
0.722000, -0.040998, 51.9906158, 4.3767624
-0.050001, 0.722000, 51.9906158, 4.3767614
-0.040998, -0.040998, 51.9906158, 4.3767610
0.908002, -0.040998, 51.9906158, 4.3767600
-0.042999, 0.908002, 51.9906158, 4.3767600
1.589000, 0.908002, 51.9906158, 4.3767595
1.352000, -0.042999, 51.9906158, 4.3767591
-0.068001, -0.045001, 51.9906158, 4.3767591
-0.045001, -0.045001, 51.9906158, 4.3767586
-0.054998, -0.054998, 51.9906158, 4.3767586
0.742001, -0.045001, 51.9906158, 4.3767586
-0.072999, 0.742001, 51.9906158, 4.3767586
1.161001, 0.742001, 51.9906158, 4.3767581
0.849000, 0.172002, 51.9906158, 4.3767581
-0.068001, 0.172002, 51.9906158, 4.3767576
0.172002, -0.049000, 51.9906158, 4.3767576
-0.049000, -0.061001, 51.9906158, 4.3767576
-0.061001, -0.049000, 51.9906158, 4.3767576
-0.072998, -0.058002, 51.9906158, 4.3767576
1.478000, -0.059001, 51.9906158, 4.3767576
-0.058002, -0.059001, 51.9906158, 4.3767576
-0.059001, -0.059001, 51.9906158, 4.3767576
-0.072998, -0.066001, 51.9906158, 4.3767576
-0.066001, -0.066001, 51.9906158, 4.3767581
-0.069999, -0.066001, 51.9906158, 4.3767581
0.836002, 0.836002, 51.9906158, 4.3767581
0.965999, 0.965999, 51.9906158, 4.3767586
1.255999, 1.255999, 51.9906158, 4.3767586
1.613000, 1.255999, 51.9906158, 4.3767586
1.606000, 1.255999, 51.9906158, 4.3767586
-0.078000, -0.065000, 51.9906158, 4.3767591
-0.065000, -0.065000, 51.9906197, 4.3767591
-0.069000, -0.065000, 51.9906197, 4.3767600
1.190999, 0.817001, 51.9906197, 4.3767605
1.723998, 0.817001, 51.9906197, 4.3767610
0.817001, 0.817001, 51.9906197, 4.3767614
-0.068000, -0.068000, 51.9906197, 4.3767624
-0.072001, -0.070999, 51.9906197, 4.3767633
-0.079002, -0.072001, 51.9906197, 4.3767638
-0.070999, -0.079001, 51.9906197, 4.3767648
-0.080000, -0.079001, 51.9906197, 4.3767662
-0.079001, -0.077000, 51.9906235, 4.3767672
-0.070998, -0.077000, 51.9906235, 4.3767681
-0.077000, -0.070998, 51.9906235, 4.3767691
0.314999, -0.070998, 51.9906235, 4.3767700
-0.064000, -0.069999, 51.9906235, 4.3767715
-0.078001, -0.064000, 51.9906235, 4.3767724
-0.069999, -0.064000, 51.9906235, 4.3767738
1.102999, -0.069999, 51.9906235, 4.3767748
1.367000, -0.069999, 51.9906273, 4.3767762
-0.080999, 1.102999, 51.9906273, 4.3767776
-0.082001, -0.076999, 51.9906273, 4.3767786
1.422000, -0.080999, 51.9906273, 4.3767800
-0.076999, -0.076999, 51.9906273, 4.3767815
-0.085998, -0.076001, 51.9906273, 4.3767829
-0.076001, -0.076999, 51.9906273, 4.3767838
0.053999, -0.076001, 51.9906311, 4.3767853
-0.086000, -0.076001, 51.9906311, 4.3767862
-0.067000, -0.073000, 51.9906311, 4.3767877
-0.085000, -0.078001, 51.9906311, 4.3767886
-0.073000, -0.075002, 51.9906311, 4.3767896
-0.078001, -0.076001, 51.9906311, 4.3767910
-0.075002, -0.075002, 51.9906311, 4.3767924
-0.076001, -0.076001, 51.9906349, 4.3767939
0.928999, -0.076001, 51.9906349, 4.3767953
-0.080001, -0.076001, 51.9906349, 4.3767967
-0.076001, -0.074000, 51.9906349, 4.3767977
-0.068001, -0.076001, 51.9906349, 4.3767991
-0.074000, -0.076001, 51.9906349, 4.3768001
-0.078999, -0.076001, 51.9906349, 4.3768010
-0.079999, -0.076001, 51.9906349, 4.3768024
-0.076001, -0.076001, 51.9906349, 4.3768039
-0.073000, -0.073000, 51.9906349, 4.3768048
-0.068999, -0.073000, 51.9906349, 4.3768058
1.942002, -0.068999, 51.9906349, 4.3768077
-0.074001, 0.073001, 51.9906349, 4.3768082
0.073001, 0.812999, 51.9906349, 4.3768096
0.812999, 0.812999, 51.9906349, 4.3768106
0.840000, 0.840000, 51.9906349, 4.3768115
0.878002, 0.878002, 51.9906349, 4.3768129
0.908000, 0.908000, 51.9906387, 4.3768134
0.935002, 0.935002, 51.9906387, 4.3768144
0.947000, 0.947000, 51.9906387, 4.3768158
0.964002, 0.964002, 51.9906387, 4.3768167
1.801001, 1.801001, 51.9906387, 4.3768177
1.824001, 1.806001, 51.9906387, 4.3768182
1.823001, 1.811998, 51.9906387, 4.3768191
1.806001, 1.821999, 51.9906387, 4.3768196
1.811998, 1.821999, 51.9906387, 4.3768206
1.821999, 1.821999, 51.9906387, 4.3768210
1.927999, 1.821999, 51.9906387, 4.3768215
1.942001, 1.821999, 51.9906425, 4.3768225
1.796002, 1.796002, 51.9906425, 4.3768234
1.781999, 1.781999, 51.9906425, 4.3768234
-0.068001, 0.730000, 51.9906425, 4.3768239
0.730000, 0.730000, 51.9906425, 4.3768244
-0.074999, -0.049001, 51.9906425, 4.3768249
0.986002, -0.049001, 51.9906425, 4.3768253
-0.049001, -0.067000, 51.9906425, 4.3768258
-0.067000, -0.049001, 51.9906425, 4.3768258
-0.073998, -0.062000, 51.9906425, 4.3768263
0.756999, -0.067000, 51.9906425, 4.3768263
-0.062000, -0.073998, 51.9906425, 4.3768263
-0.077999, -0.062000, 51.9906425, 4.3768268
-0.084001, -0.068999, 51.9906425, 4.3768268
1.398000, -0.072001, 51.9906425, 4.3768268
-0.068999, -0.068999, 51.9906425, 4.3768268
-0.072001, -0.065999, 51.9906425, 4.3768268
-0.065999, -0.065999, 51.9906425, 4.3768268
0.045999, -0.065999, 51.9906425, 4.3768268
-0.055999, -0.055999, 51.9906425, 4.3768268
-0.112002, 0.045999, 51.9906425, 4.3768268
0.988001, -0.047999, 51.9906425, 4.3768263
1.555999, 0.988001, 51.9906425, 4.3768263
-0.047999, 0.988001, 51.9906425, 4.3768263
1.665999, -0.047999, 51.9906425, 4.3768258
-0.057999, -0.047999, 51.9906425, 4.3768258
-0.062000, 0.169000, 51.9906425, 4.3768258
1.184998, -0.057999, 51.9906425, 4.3768258
0.169000, -0.049001, 51.9906425, 4.3768253
-0.082998, 0.169000, 51.9906425, 4.3768253
-0.049001, 0.169000, 51.9906425, 4.3768249
0.809000, -0.049001, 51.9906425, 4.3768249
1.542998, 0.809000, 51.9906425, 4.3768239
-0.061001, 0.809000, 51.9906425, 4.3768239
1.461000, -0.059998, 51.9906425, 4.3768239
-0.059998, -0.059998, 51.9906425, 4.3768234
-0.061001, -0.059998, 51.9906425, 4.3768234
1.210001, -0.059998, 51.9906425, 4.3768234
-0.089001, -0.061001, 51.9906425, 4.3768229
0.801002, 0.801002, 51.9906425, 4.3768225
-0.087999, -0.082999, 51.9906425, 4.3768225
1.794999, -0.082999, 51.9906425, 4.3768225
-0.082999, -0.082999, 51.9906425, 4.3768220
-0.098000, 1.289999, 51.9906425, 4.3768215
1.289999, 1.264000, 51.9906425, 4.3768210
1.291002, 1.289999, 51.9906425, 4.3768206
1.264000, 1.291002, 51.9906425, 4.3768206
1.769001, 1.769001, 51.9906425, 4.3768201
1.775999, 1.775999, 51.9906425, 4.3768196
1.797999, 1.794999, 51.9906425, 4.3768187
1.794999, 1.795000, 51.9906425, 4.3768182
1.802001, 1.797999, 51.9906425, 4.3768177
1.795000, 1.795000, 51.9906425, 4.3768163
1.799999, 1.795000, 51.9906425, 4.3768158
1.510001, 1.769999, 51.9906425, 4.3768148
1.769999, 1.510001, 51.9906425, 4.3768139
0.926002, 1.232001, 51.9906425, 4.3768134
0.916000, 0.926002, 51.9906387, 4.3768125
1.232001, 0.916000, 51.9906387, 4.3768110
0.877999, 0.877999, 51.9906387, 4.3768101
0.833002, 0.833002, 51.9906387, 4.3768086
0.788001, 0.788001, 51.9906387, 4.3768082
0.762000, 0.762000, 51.9906387, 4.3768063
0.012999, 0.012999, 51.9906387, 4.3768058
-0.078998, -0.059998, 51.9906387, 4.3768044
-0.059998, -0.059998, 51.9906349, 4.3768039
-0.065000, -0.065000, 51.9906349, 4.3768020
1.186999, -0.059998, 51.9906349, 4.3768010
-0.079002, 0.682001, 51.9906349, 4.3768001
1.053001, 1.020000, 51.9906349, 4.3767986
0.682001, 1.020000, 51.9906349, 4.3767977
1.020000, 1.053001, 51.9906349, 4.3767962
1.689998, 1.491001, 51.9906349, 4.3767943
1.491001, 1.491001, 51.9906349, 4.3767934
1.827999, 1.689998, 51.9906349, 4.3767920
-0.065999, 1.491001, 51.9906349, 4.3767910
1.815001, 1.189998, 51.9906349, 4.3767900
1.189998, 1.189998, 51.9906349, 4.3767886
-0.081000, 1.189998, 51.9906349, 4.3767881
1.576002, 0.699999, 51.9906311, 4.3767862
0.699999, -0.060999, 51.9906311, 4.3767858
-0.064000, -0.060999, 51.9906311, 4.3767843
-0.060999, -0.060999, 51.9906311, 4.3767834
-0.064000, -0.060999, 51.9906311, 4.3767834
1.216999, 0.787999, 51.9906311, 4.3767810
1.504001, 0.787999, 51.9906311, 4.3767796
0.787999, 0.787999, 51.9906311, 4.3767786
-0.066999, 0.787999, 51.9906311, 4.3767776
-0.055000, 0.787999, 51.9906273, 4.3767767
1.727999, 0.683002, 51.9906273, 4.3767753
1.249999, 0.683002, 51.9906273, 4.3767743
0.683002, 0.683002, 51.9906273, 4.3767734
-0.053998, 0.683002, 51.9906273, 4.3767724
-0.052999, 0.683002, 51.9906273, 4.3767710
1.924000, -0.052999, 51.9906273, 4.3767695
1.021999, -0.052999, 51.9906273, 4.3767686
-0.059999, -0.053999, 51.9906235, 4.3767681
-0.053999, -0.059999, 51.9906235, 4.3767672
-0.064999, -0.059999, 51.9906235, 4.3767662
-0.071999, -0.053999, 51.9906235, 4.3767657
-0.051999, -0.061999, 51.9906235, 4.3767648
1.118001, -0.051999, 51.9906235, 4.3767638
-0.061999, -0.042998, 51.9906235, 4.3767633
0.925001, 0.925001, 51.9906235, 4.3767624
-0.042998, 0.925001, 51.9906235, 4.3767614
1.451999, 0.925001, 51.9906235, 4.3767610
1.371999, 1.371999, 51.9906235, 4.3767605
-0.078000, 1.371999, 51.9906235, 4.3767600
1.709002, -0.050000, 51.9906235, 4.3767591
-0.050000, -0.050000, 51.9906197, 4.3767586
-0.050001, -0.050000, 51.9906197, 4.3767586
1.910999, -0.050000, 51.9906197, 4.3767576
-0.054999, -0.050001, 51.9906197, 4.3767571
1.763000, -0.054999, 51.9906197, 4.3767567
-0.070998, -0.054999, 51.9906197, 4.3767562
-0.071000, -0.046001, 51.9906197, 4.3767562
-0.046001, -0.070998, 51.9906197, 4.3767557
1.002998, -0.053001, 51.9906197, 4.3767552
-0.075000, -0.053001, 51.9906197, 4.3767552
-0.053001, -0.053001, 51.9906197, 4.3767548
-0.065000, -0.053001, 51.9906197, 4.3767548
1.196998, -0.052002, 51.9906197, 4.3767543
1.188001, -0.052002, 51.9906197, 4.3767543
-0.052002, -0.052002, 51.9906197, 4.3767538
-0.072000, -0.055999, 51.9906197, 4.3767538
-0.067001, -0.061001, 51.9906197, 4.3767538
-0.055999, -0.061001, 51.9906197, 4.3767538
-0.061001, -0.055999, 51.9906197, 4.3767533
0.099999, -0.055999, 51.9906197, 4.3767533
0.752000, -0.061001, 51.9906197, 4.3767533
-0.066002, -0.066000, 51.9906197, 4.3767533
-0.066000, -0.066000, 51.9906197, 4.3767529
-0.070998, -0.066000, 51.9906197, 4.3767529
-0.064000, -0.064000, 51.9906235, 4.3767529
1.826002, -0.064000, 51.9906235, 4.3767529
-0.060000, -0.064000, 51.9906235, 4.3767529
-0.068999, -0.064998, 51.9906235, 4.3767533
-0.067998, -0.064998, 51.9906235, 4.3767533
-0.064998, -0.067998, 51.9906235, 4.3767533
-0.063999, -0.064998, 51.9906235, 4.3767533
-0.077999, -0.063999, 51.9906235, 4.3767533
1.553000, -0.063999, 51.9906235, 4.3767533
-0.049000, -0.049000, 51.9906235, 4.3767533
-0.071000, -0.049000, 51.9906235, 4.3767533
1.821000, -0.060000, 51.9906235, 4.3767538
-0.068000, -0.060000, 51.9906235, 4.3767538
-0.060000, 0.818000, 51.9906235, 4.3767538
0.818000, -0.060000, 51.9906235, 4.3767543
1.166999, -0.060000, 51.9906235, 4.3767548
-0.060998, -0.060000, 51.9906235, 4.3767552
-0.060000, -0.060998, 51.9906235, 4.3767557
-0.080001, -0.060999, 51.9906235, 4.3767562
-0.065998, -0.065998, 51.9906235, 4.3767576
-0.060999, -0.067000, 51.9906273, 4.3767586
-0.067000, -0.065998, 51.9906273, 4.3767586
-0.077000, -0.064002, 51.9906273, 4.3767595
-0.064002, -0.067000, 51.9906273, 4.3767610
1.607001, -0.071001, 51.9906273, 4.3767614
-0.074000, -0.071001, 51.9906273, 4.3767629
-0.071001, -0.071001, 51.9906273, 4.3767638
-0.072999, -0.072999, 51.9906273, 4.3767657
1.870999, -0.071001, 51.9906273, 4.3767662
-0.076999, -0.066000, 51.9906311, 4.3767676
-0.066000, -0.055999, 51.9906311, 4.3767686
-0.055999, -0.066000, 51.9906311, 4.3767700
1.739998, -0.063001, 51.9906311, 4.3767710
-0.081001, -0.063001, 51.9906311, 4.3767724
-0.063001, -0.068002, 51.9906311, 4.3767738
-0.068002, -0.068002, 51.9906311, 4.3767757
-0.078001, -0.068002, 51.9906349, 4.3767767
-0.063000, -0.074002, 51.9906349, 4.3767781
-0.076999, -0.074002, 51.9906349, 4.3767796
-0.074002, -0.068001, 51.9906349, 4.3767810
-0.068001, -0.068001, 51.9906349, 4.3767819
0.276000, 0.276000, 51.9906349, 4.3767834
1.810001, 0.276000, 51.9906349, 4.3767843
1.290999, 0.276000, 51.9906349, 4.3767858
-0.062000, -0.059000, 51.9906349, 4.3767867
-0.059000, -0.059000, 51.9906349, 4.3767886
-0.072998, -0.062000, 51.9906349, 4.3767896
0.459999, -0.060001, 51.9906349, 4.3767910
-0.069999, -0.064998, 51.9906349, 4.3767920
-0.060001, -0.064998, 51.9906349, 4.3767934
-0.064998, -0.069999, 51.9906349, 4.3767943
-0.076999, -0.068001, 51.9906349, 4.3767958
-0.077000, -0.073000, 51.9906387, 4.3767967
-0.068001, -0.076999, 51.9906387, 4.3767986
-0.073000, -0.073001, 51.9906387, 4.3767996
-0.081001, -0.073000, 51.9906387, 4.3768010
-0.073001, -0.073001, 51.9906387, 4.3768015
-0.069000, -0.076000, 51.9906387, 4.3768029
-0.082000, -0.073001, 51.9906387, 4.3768039
-0.076000, -0.069000, 51.9906387, 4.3768048
0.795001, 0.795001, 51.9906425, 4.3768058
0.844001, 0.844001, 51.9906425, 4.3768067
0.849999, 0.849999, 51.9906425, 4.3768082
0.880001, 0.880001, 51.9906425, 4.3768091
0.918002, 0.918002, 51.9906425, 4.3768096
0.933000, 0.933000, 51.9906425, 4.3768110
0.944001, 0.944001, 51.9906425, 4.3768115
0.949002, 0.949002, 51.9906425, 4.3768125
1.800000, 1.800000, 51.9906425, 4.3768134
1.817001, 1.804999, 51.9906425, 4.3768139
1.811002, 1.807000, 51.9906425, 4.3768144
1.804999, 1.811002, 51.9906425, 4.3768153
1.807000, 1.807000, 51.9906464, 4.3768158
1.814001, 1.804999, 51.9906464, 4.3768163
1.804999, 1.804999, 51.9906464, 4.3768172
1.084000, 1.787001, 51.9906464, 4.3768177
1.787001, 1.777999, 51.9906464, 4.3768182
1.777999, 1.288000, 51.9906464, 4.3768187
1.288000, 1.288000, 51.9906464, 4.3768191
-0.070999, 1.283999, 51.9906464, 4.3768191
1.050998, 1.050998, 51.9906464, 4.3768196
1.283999, -0.070999, 51.9906464, 4.3768201
-0.084001, 0.850000, 51.9906464, 4.3768201
-0.084000, -0.073999, 51.9906464, 4.3768206
0.850000, -0.082998, 51.9906464, 4.3768206
-0.073999, -0.073999, 51.9906464, 4.3768206
-0.082998, 0.722998, 51.9906464, 4.3768206
0.722998, -0.073999, 51.9906464, 4.3768206
1.233999, -0.082000, 51.9906464, 4.3768206
-0.082000, -0.071999, 51.9906464, 4.3768206
-0.091999, -0.071999, 51.9906502, 4.3768206
-0.071999, -0.082000, 51.9906502, 4.3768206
1.559999, -0.091999, 51.9906502, 4.3768206
-0.095999, -0.072999, 51.9906502, 4.3768206
-0.095001, -0.075000, 51.9906502, 4.3768206
-0.072999, -0.081999, 51.9906502, 4.3768206
-0.075000, -0.075000, 51.9906502, 4.3768206
-0.081999, -0.075000, 51.9906502, 4.3768206
-0.066001, -0.081999, 51.9906502, 4.3768206
-0.093999, -0.081999, 51.9906502, 4.3768201
-0.094001, -0.080002, 51.9906502, 4.3768201
-0.068000, -0.088000, 51.9906502, 4.3768201
-0.080002, -0.080002, 51.9906502, 4.3768201
-0.088000, -0.080002, 51.9906502, 4.3768196
-0.075000, -0.080002, 51.9906502, 4.3768196
-0.090999, -0.075000, 51.9906502, 4.3768191
0.873999, -0.075000, 51.9906502, 4.3768191
0.139001, -0.088998, 51.9906502, 4.3768191
-0.088998, -0.073000, 51.9906502, 4.3768191
-0.089001, -0.073000, 51.9906502, 4.3768187
-0.073000, -0.088998, 51.9906502, 4.3768187
1.109001, -0.089001, 51.9906502, 4.3768182
-0.091999, -0.091999, 51.9906502, 4.3768182
-0.093001, -0.091999, 51.9906502, 4.3768182
-0.100000, -0.091999, 51.9906502, 4.3768182
0.518001, -0.087002, 51.9906502, 4.3768177
-0.087002, -0.081999, 51.9906502, 4.3768177
0.275000, -0.081999, 51.9906502, 4.3768177
-0.081999, -0.083001, 51.9906502, 4.3768177
-0.085999, -0.081999, 51.9906502, 4.3768172
-0.083001, -0.081999, 51.9906502, 4.3768172
-0.081000, -0.081000, 51.9906502, 4.3768167
-0.071998, -0.081000, 51.9906502, 4.3768167
-0.077001, -0.077001, 51.9906502, 4.3768167
-0.084000, -0.072001, 51.9906502, 4.3768163
-0.072001, -0.077001, 51.9906502, 4.3768163
1.177000, -0.072001, 51.9906502, 4.3768163
-0.091999, -0.072001, 51.9906502, 4.3768158
0.001001, -0.070998, 51.9906502, 4.3768158
-0.083998, -0.070998, 51.9906502, 4.3768158
-0.070998, 0.001001, 51.9906502, 4.3768158
1.735002, 1.213002, 51.9906502, 4.3768158
1.213002, 1.338002, 51.9906502, 4.3768158
1.788002, 1.338002, 51.9906502, 4.3768153
1.338002, 1.338002, 51.9906502, 4.3768148
-0.072999, 1.338002, 51.9906502, 4.3768144
1.785001, 1.338002, 51.9906502, 4.3768139
0.547000, 1.785001, 51.9906502, 4.3768134
1.803999, 1.785001, 51.9906502, 4.3768134
1.808001, 1.803999, 51.9906502, 4.3768125
-0.069000, 1.803999, 51.9906502, 4.3768120
1.811998, -0.069000, 51.9906464, 4.3768110
-0.078999, -0.074000, 51.9906464, 4.3768106
-0.074000, -0.074000, 51.9906464, 4.3768096
-0.100002, -0.078999, 51.9906464, 4.3768086
0.956002, -0.074000, 51.9906464, 4.3768082
-0.090999, -0.075999, 51.9906464, 4.3768067
0.608001, -0.075999, 51.9906464, 4.3768058
-0.075999, -0.075999, 51.9906464, 4.3768053
-0.082000, 0.608001, 51.9906464, 4.3768039
1.766999, 1.417002, 51.9906464, 4.3768034
1.651000, 1.417002, 51.9906425, 4.3768024
1.417002, 1.417002, 51.9906425, 4.3768010
0.808999, 1.377998, 51.9906425, 4.3768001
0.433000, 0.808999, 51.9906425, 4.3767991
1.377998, 0.433000, 51.9906425, 4.3767977
-0.053002, -0.053002, 51.9906425, 4.3767962
-0.069001, -0.053002, 51.9906425, 4.3767953
-0.071001, -0.069001, 51.9906387, 4.3767939
0.980000, -0.071001, 51.9906387, 4.3767929
-0.080999, -0.071001, 51.9906387, 4.3767920
-0.082001, 0.980000, 51.9906387, 4.3767910
1.041000, -0.056001, 51.9906387, 4.3767896
1.513000, -0.056001, 51.9906387, 4.3767886
-0.056001, -0.056001, 51.9906387, 4.3767872
-0.083001, -0.077999, 51.9906349, 4.3767858
-0.077999, -0.077999, 51.9906349, 4.3767853
-0.081000, -0.081000, 51.9906349, 4.3767834
-0.076000, -0.077999, 51.9906349, 4.3767824
-0.089999, -0.076000, 51.9906349, 4.3767810
-0.067002, -0.070000, 51.9906349, 4.3767805
-0.070000, -0.070000, 51.9906349, 4.3767791
1.429999, -0.067002, 51.9906349, 4.3767776
-0.075999, -0.070000, 51.9906349, 4.3767762
1.375000, 1.375000, 51.9906349, 4.3767753
-0.075000, 1.375000, 51.9906349, 4.3767738
1.766999, 1.764000, 51.9906349, 4.3767729
1.766999, 1.766999, 51.9906349, 4.3767719
1.764000, 1.766999, 51.9906349, 4.3767710
1.776001, 1.766999, 51.9906349, 4.3767691
1.764001, 1.770001, 51.9906311, 4.3767681
1.770001, 1.776001, 51.9906311, 4.3767672
1.785001, 1.770001, 51.9906311, 4.3767662
1.792000, 1.770001, 51.9906311, 4.3767653
1.749000, 1.751001, 51.9906311, 4.3767643
1.751001, 1.749000, 51.9906311, 4.3767638
1.649002, 1.649002, 51.9906311, 4.3767624
1.589000, 1.589000, 51.9906311, 4.3767614
-0.059999, 0.983001, 51.9906311, 4.3767610
0.983001, 0.983001, 51.9906311, 4.3767600
-0.072998, 0.983001, 51.9906311, 4.3767591
1.909999, 1.638000, 51.9906273, 4.3767586
1.638000, 1.638000, 51.9906273, 4.3767576
1.904001, 1.638000, 51.9906273, 4.3767567
1.482002, 1.638000, 51.9906273, 4.3767562
0.949999, 1.482002, 51.9906273, 4.3767562
1.830001, 0.997999, 51.9906273, 4.3767552
0.997999, 0.997999, 51.9906273, 4.3767548
-0.059999, 0.997999, 51.9906273, 4.3767543
1.657002, 0.864001, 51.9906273, 4.3767538
0.864001, -0.059999, 51.9906273, 4.3767538
-0.060998, -0.053999, 51.9906273, 4.3767533
-0.062000, -0.053999, 51.9906273, 4.3767529
-0.053999, -0.053999, 51.9906273, 4.3767524
1.131999, 0.777999, 51.9906273, 4.3767519
0.872998, 0.777999, 51.9906273, 4.3767519
0.777999, 0.777999, 51.9906273, 4.3767514
0.586999, 0.777999, 51.9906273, 4.3767514
-0.058002, 0.777999, 51.9906273, 4.3767514
1.229002, 0.586999, 51.9906273, 4.3767509
1.335998, -0.058002, 51.9906273, 4.3767509
-0.070002, 0.948999, 51.9906273, 4.3767509
-0.069998, -0.066001, 51.9906273, 4.3767505
0.948999, -0.066001, 51.9906273, 4.3767505
-0.066001, -0.062999, 51.9906273, 4.3767505
1.645998, 0.948999, 51.9906273, 4.3767505
-0.062999, 1.175000, 51.9906273, 4.3767505
1.746001, 1.175000, 51.9906273, 4.3767505
1.175000, -0.062999, 51.9906273, 4.3767505
-0.075001, 1.175000, 51.9906273, 4.3767505
-0.065001, -0.065001, 51.9906273, 4.3767505
1.791999, -0.069001, 51.9906273, 4.3767505
-0.081001, -0.066999, 51.9906273, 4.3767505
-0.069001, -0.069001, 51.9906273, 4.3767505
-0.066999, -0.069001, 51.9906273, 4.3767505
-0.084000, -0.066999, 51.9906273, 4.3767505
0.661998, -0.066999, 51.9906273, 4.3767509
1.368000, -0.067001, 51.9906273, 4.3767509
-0.067001, 0.661998, 51.9906273, 4.3767509
-0.076999, -0.067001, 51.9906311, 4.3767509
1.308998, -0.068999, 51.9906311, 4.3767514
-0.076001, -0.068999, 51.9906311, 4.3767514
-0.068999, -0.068999, 51.9906311, 4.3767514
0.184001, -0.070999, 51.9906311, 4.3767514
-0.070999, -0.068999, 51.9906311, 4.3767514
-0.071999, 0.184001, 51.9906311, 4.3767514
0.999000, -0.070999, 51.9906311, 4.3767514
0.962000, 0.962000, 51.9906311, 4.3767519
-0.071001, 0.962000, 51.9906311, 4.3767529
1.742002, -0.071001, 51.9906311, 4.3767529
-0.084000, -0.081001, 51.9906311, 4.3767538
-0.081001, -0.081001, 51.9906311, 4.3767538
-0.093999, -0.081001, 51.9906311, 4.3767543
-0.074001, -0.077999, 51.9906311, 4.3767557
-0.074002, -0.074002, 51.9906311, 4.3767562
-0.077999, -0.074001, 51.9906311, 4.3767567
0.646000, -0.074002, 51.9906349, 4.3767576
-0.072001, -0.077999, 51.9906349, 4.3767586
-0.079001, -0.079001, 51.9906349, 4.3767600
-0.081002, -0.081002, 51.9906349, 4.3767610
-0.087999, -0.081002, 51.9906349, 4.3767619
-0.088000, -0.081002, 51.9906349, 4.3767633
1.750999, 0.595001, 51.9906349, 4.3767638
0.595001, 1.750999, 51.9906349, 4.3767653
1.770999, 1.750999, 51.9906349, 4.3767662
1.758001, 1.742002, 51.9906349, 4.3767672
1.742002, 1.758001, 51.9906349, 4.3767681
1.724001, 1.742002, 51.9906349, 4.3767700
1.802999, 1.724001, 51.9906349, 4.3767710
-0.097001, -0.093000, 51.9906349, 4.3767719
-0.094001, -0.093000, 51.9906349, 4.3767738
-0.093000, -0.094001, 51.9906349, 4.3767743
-0.086998, -0.093000, 51.9906387, 4.3767762
-0.096999, -0.089002, 51.9906387, 4.3767772
0.859001, -0.086998, 51.9906387, 4.3767786
-0.089002, -0.089002, 51.9906387, 4.3767796
1.534002, -0.083001, 51.9906387, 4.3767810
-0.090002, -0.088001, 51.9906387, 4.3767819
-0.083001, -0.083001, 51.9906387, 4.3767834
-0.088001, -0.088001, 51.9906387, 4.3767843
1.201998, -0.083001, 51.9906425, 4.3767862
-0.094001, -0.074001, 51.9906425, 4.3767872
-0.074001, -0.074001, 51.9906425, 4.3767886
1.049000, -0.074001, 51.9906425, 4.3767891
-0.090999, 1.049000, 51.9906425, 4.3767905
1.407999, 1.049000, 51.9906425, 4.3767915
1.090999, 1.090999, 51.9906425, 4.3767924
-0.074999, 1.090999, 51.9906425, 4.3767934
1.450001, 0.075002, 51.9906425, 4.3767953
0.075002, 0.075002, 51.9906425, 4.3767958
-0.075000, 0.075002, 51.9906464, 4.3767967
1.975002, -0.065000, 51.9906464, 4.3767982
-0.065000, -0.072999, 51.9906464, 4.3767991
-0.080002, -0.072999, 51.9906464, 4.3768001
-0.072999, -0.072999, 51.9906464, 4.3768010
-0.076001, -0.076001, 51.9906464, 4.3768020
-0.071001, -0.076001, 51.9906464, 4.3768029
-0.080998, -0.076001, 51.9906464, 4.3768039
-0.085999, -0.071001, 51.9906464, 4.3768048
-0.067999, -0.080998, 51.9906464, 4.3768058
-0.067999, -0.074999, 51.9906464, 4.3768063
-0.087999, -0.067999, 51.9906502, 4.3768072
-0.074999, -0.067999, 51.9906502, 4.3768077
1.966002, -0.074999, 51.9906502, 4.3768082
-0.066998, -0.074999, 51.9906502, 4.3768086
-0.083002, -0.066998, 51.9906502, 4.3768096
-0.078002, -0.078002, 51.9906502, 4.3768106
-0.057002, -0.078002, 51.9906502, 4.3768110
-0.081001, -0.057002, 51.9906502, 4.3768115
-0.048001, -0.048001, 51.9906502, 4.3768120
1.023999, -0.048001, 51.9906502, 4.3768125
1.230001, 0.759000, 51.9906502, 4.3768129
-0.070002, 0.759000, 51.9906502, 4.3768129
0.759000, 0.759000, 51.9906502, 4.3768134
-0.070998, -0.065001, 51.9906502, 4.3768134
1.766000, -0.065001, 51.9906502, 4.3768134
-0.065001, -0.070998, 51.9906502, 4.3768139
-0.072000, -0.065001, 51.9906502, 4.3768139
-0.092998, -0.072000, 51.9906502, 4.3768139
1.343000, -0.080998, 51.9906502, 4.3768139
-0.084001, -0.080999, 51.9906540, 4.3768144
-0.080998, -0.080999, 51.9906540, 4.3768144
-0.080999, -0.080999, 51.9906540, 4.3768144
-0.084001, -0.080999, 51.9906540, 4.3768144
-0.077002, -0.080999, 51.9906540, 4.3768144
-0.083000, -0.077002, 51.9906540, 4.3768139
0.269998, 0.269998, 51.9906540, 4.3768139
0.500999, 0.500999, 51.9906540, 4.3768139
1.176998, 0.500999, 51.9906540, 4.3768134
1.111999, 0.500999, 51.9906540, 4.3768134
-0.081000, -0.081000, 51.9906540, 4.3768134
-0.098999, -0.083001, 51.9906540, 4.3768134
-0.083001, -0.083001, 51.9906540, 4.3768134
-0.093000, -0.083001, 51.9906540, 4.3768129
0.730002, -0.083001, 51.9906540, 4.3768129
0.456999, 0.456999, 51.9906540, 4.3768129
-0.096998, 0.730002, 51.9906540, 4.3768129
1.100000, 1.100000, 51.9906540, 4.3768125
1.631999, 1.100000, 51.9906540, 4.3768120
1.425002, 1.100000, 51.9906540, 4.3768120
-0.086998, 0.902001, 51.9906540, 4.3768120
0.902001, -0.080001, 51.9906540, 4.3768115
-0.080001, -0.080001, 51.9906540, 4.3768110
-0.080999, 0.183001, 51.9906540, 4.3768110
0.830999, -0.079998, 51.9906540, 4.3768110
0.183001, 0.183001, 51.9906540, 4.3768110
-0.079998, 0.183001, 51.9906540, 4.3768106
1.457000, -0.077999, 51.9906540, 4.3768106
-0.077999, -0.079001, 51.9906540, 4.3768101
-0.079001, -0.079001, 51.9906540, 4.3768096
-0.083999, -0.079001, 51.9906540, 4.3768086
-0.100999, -0.083999, 51.9906540, 4.3768086
-0.076001, -0.083999, 51.9906540, 4.3768082
-0.092000, -0.080999, 51.9906540, 4.3768077
1.573001, -0.076001, 51.9906540, 4.3768067
-0.080999, 0.479000, 51.9906540, 4.3768058
0.479000, 0.479000, 51.9906540, 4.3768058
1.311000, 0.036001, 51.9906540, 4.3768048
-0.090002, 0.036001, 51.9906502, 4.3768039
0.036001, -0.082000, 51.9906502, 4.3768029
-0.082000, -0.082000, 51.9906502, 4.3768015
-0.087002, -0.080000, 51.9906502, 4.3768010
-0.075999, -0.082000, 51.9906502, 4.3767996
-0.080000, -0.083999, 51.9906502, 4.3767986
-0.084001, -0.080000, 51.9906502, 4.3767977
-0.083999, -0.082998, 51.9906502, 4.3767967
1.317999, -0.082998, 51.9906502, 4.3767958
-0.082998, -0.074001, 51.9906502, 4.3767943
0.740001, 0.740001, 51.9906464, 4.3767934
-0.074001, -0.074001, 51.9906464, 4.3767924
1.592000, 0.703001, 51.9906464, 4.3767910
-0.086002, 0.703001, 51.9906464, 4.3767896
0.703001, 0.863000, 51.9906464, 4.3767886
0.863000, 0.703001, 51.9906464, 4.3767877
1.076999, 0.703001, 51.9906464, 4.3767862
-0.072998, -0.068999, 51.9906425, 4.3767858
-0.068999, -0.068999, 51.9906425, 4.3767843
-0.078999, -0.068999, 51.9906425, 4.3767834
0.273001, -0.068999, 51.9906425, 4.3767824
1.837000, 0.273001, 51.9906425, 4.3767810
-0.075000, 0.273001, 51.9906425, 4.3767791
1.390000, 1.390000, 51.9906425, 4.3767781
-0.074001, -0.074001, 51.9906425, 4.3767772
1.425002, -0.074001, 51.9906387, 4.3767757
-0.078999, -0.074001, 51.9906387, 4.3767743
-0.088001, -0.078999, 51.9906387, 4.3767738
-0.072998, -0.078999, 51.9906387, 4.3767724
-0.082001, -0.072999, 51.9906387, 4.3767710
-0.072999, -0.072998, 51.9906387, 4.3767700
0.178999, -0.070999, 51.9906387, 4.3767686
-0.070999, 0.070999, 51.9906387, 4.3767681
0.070999, 0.070999, 51.9906349, 4.3767662
0.815999, -0.070002, 51.9906349, 4.3767653
-0.070002, 0.070999, 51.9906349, 4.3767638
-0.077999, -0.070002, 51.9906349, 4.3767633
1.907000, -0.070002, 51.9906349, 4.3767619
-0.094000, 1.209000, 51.9906349, 4.3767610
1.209000, 1.209000, 51.9906349, 4.3767600
1.925000, 1.209000, 51.9906349, 4.3767591
1.026000, 1.209000, 51.9906349, 4.3767586
1.913000, 1.579001, 51.9906349, 4.3767567
1.166000, 1.166000, 51.9906349, 4.3767562
1.579001, 1.166000, 51.9906349, 4.3767552
-0.085001, -0.068000, 51.9906349, 4.3767543
-0.068000, -0.082002, 51.9906349, 4.3767538
-0.088001, -0.082002, 51.9906349, 4.3767529
-0.082002, -0.070001, 51.9906349, 4.3767524
0.213000, -0.070999, 51.9906349, 4.3767514
-0.070001, -0.070999, 51.9906349, 4.3767514
-0.070999, -0.070999, 51.9906349, 4.3767505
-0.082001, -0.070999, 51.9906349, 4.3767500
-0.073999, -0.073999, 51.9906311, 4.3767490
-0.061002, -0.073999, 51.9906311, 4.3767486
-0.082001, -0.073999, 51.9906311, 4.3767481
-0.064000, -0.080998, 51.9906311, 4.3767481
-0.092999, -0.080998, 51.9906311, 4.3767471
-0.080998, -0.066001, 51.9906311, 4.3767471
1.366998, -0.069000, 51.9906311, 4.3767467
-0.066001, -0.066001, 51.9906311, 4.3767462
-0.069000, -0.061999, 51.9906311, 4.3767462
-0.061999, -0.061999, 51.9906311, 4.3767462
1.870998, -0.061999, 51.9906311, 4.3767457
0.961001, -0.054001, 51.9906311, 4.3767457
-0.063002, 0.961001, 51.9906311, 4.3767452
-0.054001, -0.054001, 51.9906311, 4.3767452
1.877001, -0.063002, 51.9906311, 4.3767447
-0.075000, -0.068998, 51.9906311, 4.3767447
-0.068998, -0.072000, 51.9906311, 4.3767447
-0.072000, -0.072000, 51.9906311, 4.3767447
-0.073000, -0.068999, 51.9906311, 4.3767447
-0.068999, -0.072000, 51.9906311, 4.3767447
0.676000, -0.073000, 51.9906311, 4.3767447
-0.086999, -0.073999, 51.9906311, 4.3767447
-0.089000, -0.073999, 51.9906349, 4.3767447
-0.073999, -0.079001, 51.9906349, 4.3767447
0.044002, -0.078001, 51.9906349, 4.3767447
-0.079001, -0.075000, 51.9906349, 4.3767447
-0.078001, -0.076000, 51.9906349, 4.3767447
-0.075000, -0.078001, 51.9906349, 4.3767452
-0.076000, -0.078001, 51.9906349, 4.3767452
-0.088000, -0.083000, 51.9906349, 4.3767452
-0.083000, -0.083001, 51.9906349, 4.3767457
-0.083001, -0.083001, 51.9906349, 4.3767462
-0.093998, -0.083000, 51.9906349, 4.3767462
-0.076998, -0.081998, 51.9906349, 4.3767462
-0.081998, -0.076998, 51.9906349, 4.3767462
-0.063998, -0.076998, 51.9906349, 4.3767467
1.328001, -0.080000, 51.9906349, 4.3767471
-0.080999, -0.063998, 51.9906349, 4.3767476
-0.080000, -0.080000, 51.9906349, 4.3767481
0.927999, -0.080999, 51.9906349, 4.3767486
-0.082000, -0.082000, 51.9906349, 4.3767495
-0.083998, -0.082000, 51.9906349, 4.3767505
-0.099000, -0.083998, 51.9906349, 4.3767514
0.939999, -0.086002, 51.9906349, 4.3767519
-0.088999, -0.086999, 51.9906349, 4.3767529
-0.086002, -0.086999, 51.9906349, 4.3767538
-0.086999, -0.086999, 51.9906349, 4.3767543
-0.097002, -0.086002, 51.9906349, 4.3767557
-0.080000, -0.086999, 51.9906349, 4.3767562
1.337001, -0.092002, 51.9906387, 4.3767581
-0.092002, -0.080000, 51.9906387, 4.3767591
-0.097001, -0.083002, 51.9906387, 4.3767605
0.017000, -0.092000, 51.9906387, 4.3767614
-0.083002, -0.090998, 51.9906387, 4.3767624
-0.092000, -0.088000, 51.9906387, 4.3767638
-0.090998, -0.090998, 51.9906387, 4.3767648
-0.088000, -0.092000, 51.9906387, 4.3767662
-0.094000, -0.094000, 51.9906425, 4.3767681
-0.100999, -0.094000, 51.9906425, 4.3767691
-0.095001, -0.094000, 51.9906425, 4.3767705
-0.093000, -0.095001, 51.9906425, 4.3767719
1.779001, -0.093000, 51.9906425, 4.3767729
-0.095001, -0.089000, 51.9906425, 4.3767743
-0.089000, -0.089000, 51.9906425, 4.3767753
-0.079999, -0.089001, 51.9906464, 4.3767767
-0.089001, -0.089000, 51.9906464, 4.3767776
-0.090999, -0.084001, 51.9906464, 4.3767791
-0.081999, -0.089000, 51.9906464, 4.3767810
-0.084001, -0.089000, 51.9906464, 4.3767819
-0.089000, -0.089000, 51.9906464, 4.3767834
-0.095001, -0.089000, 51.9906464, 4.3767843
-0.098999, -0.090002, 51.9906502, 4.3767858
-0.073000, -0.090999, 51.9906502, 4.3767867
-0.090002, -0.090999, 51.9906502, 4.3767881
-0.090999, -0.090999, 51.9906502, 4.3767886
-0.094001, -0.093999, 51.9906502, 4.3767900
-0.094998, -0.093999, 51.9906502, 4.3767910
-0.093999, -0.093999, 51.9906502, 4.3767929
-0.085000, -0.093999, 51.9906502, 4.3767934
-0.087001, -0.087001, 51.9906502, 4.3767948
-0.095001, -0.086998, 51.9906540, 4.3767958
0.312998, -0.087001, 51.9906540, 4.3767967
-0.086998, -0.086998, 51.9906540, 4.3767977
-0.089999, -0.084999, 51.9906540, 4.3767986
-0.084999, -0.086998, 51.9906540, 4.3767991
-0.079999, -0.084999, 51.9906540, 4.3768005
-0.087999, -0.084999, 51.9906540, 4.3768010
-0.080999, -0.080999, 51.9906540, 4.3768015
-0.087999, -0.087999, 51.9906540, 4.3768029
0.856002, -0.080999, 51.9906540, 4.3768034
-0.089002, -0.072000, 51.9906540, 4.3768039
-0.072000, -0.072000, 51.9906540, 4.3768048
1.515001, -0.072000, 51.9906578, 4.3768058
-0.078001, -0.072000, 51.9906578, 4.3768058
1.325999, 1.325999, 51.9906578, 4.3768067
-0.084999, -0.078001, 51.9906578, 4.3768072
1.841000, 0.970001, 51.9906578, 4.3768077
-0.082001, -0.082001, 51.9906578, 4.3768082
0.970001, 0.970001, 51.9906578, 4.3768082
-0.100000, -0.082001, 51.9906578, 4.3768082
1.910002, 0.789000, 51.9906578, 4.3768082
-0.082999, -0.082999, 51.9906578, 4.3768086
0.789000, -0.076000, 51.9906578, 4.3768086
-0.087002, -0.079002, 51.9906578, 4.3768086
-0.076000, -0.076000, 51.9906578, 4.3768086
-0.079002, -0.076000, 51.9906578, 4.3768086
1.575000, -0.076000, 51.9906578, 4.3768086
1.012999, -0.079002, 51.9906578, 4.3768082
-0.091000, -0.089001, 51.9906578, 4.3768082
-0.089001, -0.089001, 51.9906578, 4.3768082
-0.104999, -0.089001, 51.9906578, 4.3768082
-0.084001, -0.089001, 51.9906578, 4.3768082
-0.087998, -0.090001, 51.9906578, 4.3768082
-0.090001, -0.089000, 51.9906578, 4.3768077
-0.102998, -0.089000, 51.9906578, 4.3768077
-0.089000, -0.089000, 51.9906578, 4.3768077
0.038999, -0.089000, 51.9906578, 4.3768072
-0.087999, -0.087999, 51.9906578, 4.3768072
-0.104999, -0.087999, 51.9906578, 4.3768063
1.814000, -0.093000, 51.9906578, 4.3768063
-0.093998, -0.093998, 51.9906578, 4.3768058
-0.093000, -0.093998, 51.9906578, 4.3768058
-0.098001, -0.098001, 51.9906578, 4.3768058
-0.112999, -0.098001, 51.9906578, 4.3768053
-0.099001, -0.098001, 51.9906578, 4.3768053
1.430001, -0.094001, 51.9906578, 4.3768048
-0.094001, -0.080999, 51.9906578, 4.3768048
-0.080999, -0.080999, 51.9906578, 4.3768039
-0.079001, -0.083001, 51.9906578, 4.3768039
-0.083001, -0.083001, 51.9906578, 4.3768034
-0.090999, -0.083001, 51.9906578, 4.3768024
-0.084998, -0.084998, 51.9906578, 4.3768024
0.692999, -0.090999, 51.9906578, 4.3768010
-0.091000, -0.084998, 51.9906578, 4.3768010
-0.114999, -0.091000, 51.9906578, 4.3768001
-0.080999, -0.098998, 51.9906578, 4.3767991
-0.098998, -0.103998, 51.9906578, 4.3767977
-0.103998, -0.103998, 51.9906578, 4.3767967
-0.103998, -0.103998, 51.9906578, 4.3767958
-0.106999, -0.103998, 51.9906540, 4.3767953
1.479000, 1.479000, 51.9906540, 4.3767939
1.505999, 1.505999, 51.9906540, 4.3767929
1.717001, 1.717001, 51.9906540, 4.3767920
1.746999, 1.741002, 51.9906540, 4.3767910
1.741002, 1.741002, 51.9906540, 4.3767900
1.741999, 1.741002, 51.9906540, 4.3767886
1.741001, 1.741002, 51.9906540, 4.3767872
1.726000, 1.741001, 51.9906540, 4.3767862
1.751001, 1.726000, 51.9906502, 4.3767858
1.718000, 1.718000, 51.9906502, 4.3767838
1.144999, 1.444002, 51.9906502, 4.3767829
1.444002, 1.144999, 51.9906502, 4.3767815
-0.112000, 1.144999, 51.9906502, 4.3767805
-0.081001, 0.779001, 51.9906502, 4.3767791
1.586002, -0.081001, 51.9906502, 4.3767781
0.779001, 0.779001, 51.9906502, 4.3767767
-0.099000, 0.789999, 51.9906464, 4.3767753
1.875000, 0.779001, 51.9906464, 4.3767738
0.789999, -0.097001, 51.9906464, 4.3767729
-0.100999, 0.789999, 51.9906464, 4.3767715
-0.097001, -0.085000, 51.9906464, 4.3767705
1.424002, -0.085000, 51.9906464, 4.3767691
-0.085000, -0.085000, 51.9906464, 4.3767681
1.570002, -0.085000, 51.9906425, 4.3767667
-0.093000, -0.093000, 51.9906425, 4.3767657
-0.095998, -0.093000, 51.9906425, 4.3767643
-0.093000, -0.093000, 51.9906425, 4.3767633
-0.083998, -0.083998, 51.9906425, 4.3767624
1.421999, 1.009999, 51.9906425, 4.3767614
1.009999, 1.009999, 51.9906425, 4.3767591
1.206001, 1.009999, 51.9906425, 4.3767586
-0.084001, -0.081999, 51.9906387, 4.3767571
-0.081999, -0.081999, 51.9906387, 4.3767562
-0.085000, -0.081999, 51.9906387, 4.3767552
1.310000, -0.081999, 51.9906387, 4.3767543
1.708999, 1.057999, 51.9906387, 4.3767538
-0.093001, 1.057999, 51.9906387, 4.3767529
1.057999, -0.085001, 51.9906387, 4.3767514
-0.085001, -0.085001, 51.9906387, 4.3767509
-0.085001, 0.741000, 51.9906387, 4.3767500
1.546999, 0.741000, 51.9906349, 4.3767486
0.741000, 0.903999, 51.9906349, 4.3767481
1.577001, 0.903999, 51.9906349, 4.3767471
0.903999, 0.741000, 51.9906349, 4.3767467
-0.098999, -0.076000, 51.9906349, 4.3767462
-0.076000, -0.076000, 51.9906349, 4.3767457
-0.077998, -0.076000, 51.9906349, 4.3767447
-0.070999, -0.076000, 51.9906349, 4.3767438
-0.069998, -0.070999, 51.9906349, 4.3767438
-0.099000, -0.070999, 51.9906349, 4.3767428
1.606998, -0.099000, 51.9906349, 4.3767424
-0.135002, -0.099000, 51.9906349, 4.3767419
-0.127002, -0.098001, 51.9906349, 4.3767414
-0.098001, -0.126002, 51.9906349, 4.3767414
0.833001, -0.101001, 51.9906349, 4.3767414
-0.126002, -0.101001, 51.9906349, 4.3767409
-0.101001, -0.126002, 51.9906349, 4.3767409
-0.133000, -0.133000, 51.9906349, 4.3767405
-0.179999, -0.133000, 51.9906349, 4.3767405
-0.174998, -0.160001, 51.9906349, 4.3767405
0.922999, -0.174998, 51.9906349, 4.3767405
-0.160001, -0.160001, 51.9906349, 4.3767405
-0.183000, -0.159999, 51.9906349, 4.3767405
0.245000, -0.160001, 51.9906349, 4.3767405
-0.159999, -0.183000, 51.9906349, 4.3767405
-0.188000, -0.188000, 51.9906349, 4.3767409
-0.208999, -0.192001, 51.9906349, 4.3767409
-0.210001, -0.192001, 51.9906349, 4.3767409
-0.192001, -0.207999, 51.9906349, 4.3767414
0.144000, -0.192001, 51.9906349, 4.3767414
-0.207999, -0.192001, 51.9906349, 4.3767414
-0.191999, -0.207999, 51.9906349, 4.3767419
-0.220999, -0.210002, 51.9906349, 4.3767424
-0.211999, -0.211999, 51.9906349, 4.3767424
-0.210002, -0.220999, 51.9906349, 4.3767428
-0.237001, -0.212999, 51.9906349, 4.3767433
-0.256002, -0.237001, 51.9906349, 4.3767438
-0.212999, -0.256002, 51.9906349, 4.3767438
-0.573998, -0.462998, 51.9906349, 4.3767443
-0.556000, -0.529000, 51.9906349, 4.3767447
-0.462998, -0.556000, 51.9906349, 4.3767447
-0.529000, -0.556000, 51.9906349, 4.3767457
-0.716999, -0.633998, 51.9906349, 4.3767462
-0.633998, -0.696002, 51.9906349, 4.3767476
-0.696002, -0.716999, 51.9906349, 4.3767476
-1.227002, -1.227002, 51.9906349, 4.3767476
-1.346998, -1.227002, 51.9906349, 4.3767476
-2.930002, -1.227002, 51.9906349, 4.3767476
-0.583998, -0.769998, 51.9906349, 4.3767476
-0.769998, -0.735998, 51.9906349, 4.3767476
-0.601998, -0.735998, 51.9906349, 4.3767476
-0.735998, -0.769998, 51.9906349, 4.3767476
-0.839999, -0.755999, 51.9906349, 4.3767476
-0.972998, -0.755999, 51.9906349, 4.3767476
-0.755999, -0.755999, 51.9906349, 4.3767476
-0.694998, -0.755999, 51.9906349, 4.3767476
-0.701998, -0.755999, 51.9906349, 4.3767476
